id,id_object,id_location
0,673ef5fdeccbc87e4b001234,673ef5fe8f1d43620b001234
1,673ef5fde4da3b7fbb001234,673ef5fd0bb4aec171001234
2,673ef5fd1679091c5a001234,673ef5fe52947e0ade001234
3,673ef5fdc9f0f895fb001234,673ef5fef7e9050c92001234
4,673ef5fd45c48cce2e001234,673ef5fe4d2e7bd33c001234
5,673ef5fdd3d9446802001234,673ef5fe8d3369c4c0001234
6,673ef5fd6512bd43d9001234,673ef5feb706835de7001234
7,673ef5fdc51ce410c1001234,673ef5fdb1a59b315f001234
8,673ef5fdaab3238922001234,673ef5fdf770b62bc8001234
9,673ef5fdc74d97b01e001234,673ef5fe6d9cb7de5e001234
10,673ef5fd6f4922f455001234,673ef5fe8b6dd7db9a001234
11,673ef5fd8e296a067a001234,673ef5fdcd00692c3b001234
12,673ef5fd4e732ced34001234,673ef5fdb4288d9c0e001234
13,673ef5fdc16a5320fa001234,673ef5fde57c6b956a001234
14,673ef5fd182be0c5cd001234,673ef5fdc9f0f895fb001234
15,673ef5fde369853df7001234,673ef5fe4496bf24af001234
16,673ef5fd19ca14e7ea001234,673ef5fe2451041557001234
17,673ef5fda5bfc9e079001234,673ef5fe05311655a1001234
18,673ef5fda5771bce93001234,673ef5fe6a2feef8ed001234
19,673ef5fdd67d8ab4f4001234,673ef5fda02ffd91ec001234
20,673ef5fd17e62166fc001234,673ef5fdc9e1074f5b001234
21,673ef5fdd9d4f495e8001234,673ef5fdac1dd209cb001234
22,673ef5fdf457c545a9001234,673ef5fe1f4477bad7001234
23,673ef5fdd82c8d1619001234,673ef5fe52947e0ade001234
24,673ef5fda684eceee7001234,673ef5fee8b1cbd05f001234
25,673ef5fdb53b3a3d6a001234,673ef5fd9fd81843ad001234
26,673ef5fd72b32a1f75001234,673ef5feca75910166001234
27,673ef5fd093f65e080001234,673ef5fe3e313b9bad001234
28,673ef5fd072b030ba1001234,673ef5fead3019b856001234
29,673ef5fd7f39f8317f001234,673ef5fe7a53928fa4001234
30,673ef5fd44f683a841001234,673ef5fe3210ddbeaa001234
31,673ef5fdfc490ca45c001234,673ef5feeb86d51036001234
32,673ef5fd3295c76acb001234,673ef5fead4cc1fb9b001234
33,673ef5fde2c420d928001234,673ef5fe04df4d434d001234
34,673ef5fdad61ab1432001234,673ef5fec45008212f001234
35,673ef5fd9778d5d219001234,673ef5fd5807a685d1001234
36,673ef5fd68d30a9594001234,673ef5fe31b3b31a1c001234
37,673ef5fd3ef815416f001234,673ef5fe1c1d4df596001234
38,673ef5fdc7e1249ffc001234,673ef5fea9b7ba7078001234
39,673ef5fd8613985ec4001234,673ef5fd17e62166fc001234
40,673ef5fd54229abfcf001234,673ef5fd9b70e8fe62001234
41,673ef5fd92cc227532001234,673ef5feab1a4d0dd4001234
42,673ef5fde2ef524fbf001234,673ef5fe363763e5c3001234
43,673ef5fded3d2c2199001234,673ef5fef4dd765c12001234
44,673ef5fd6974ce5ac6001234,673ef5fe6d3a1e06d6001234
45,673ef5fdc9e1074f5b001234,673ef5fd9b04d15284001234
46,673ef5fd65b9eea6e1001234,673ef5fef47330643a001234
47,673ef5fd2723d092b6001234,673ef5fe437d7d1d97001234
48,673ef5fd7f6ffaa6bb001234,673ef5fed54e99a6c0001234
49,673ef5fd73278a4a86001234,673ef5fe995665640d001234
50,673ef5fdeb160de1de001234,673ef5fd48aedb8880001234
51,673ef5fd07e1cd7dca001234,673ef5fe806beafe15001234
52,673ef5fdda4fb5c6e9001234,673ef5fed91d1b4d82001234
53,673ef5fd4c56ff4ce4001234,673ef5fec5b2cebf15001234
54,673ef5fda0a080f42e001234,673ef5fddb85e2590b001234
55,673ef5fd3def184ad8001234,673ef5fdeccbc87e4b001234
56,673ef5fd1afa34a7f9001234,673ef5fec5a4e7e688001234
57,673ef5fd65ded5353c001234,673ef5fed516b13671001234
58,673ef5fd02522a2b27001234,673ef5fe68c694de94001234
59,673ef5fd42a0e188f5001234,673ef5fe19b650660b001234
60,673ef5fd3988c7f88e001234,673ef5fd68264bdb65001234
61,673ef5fde00da03b68001234,673ef5fe98986c005e001234
62,673ef5fda8baa56554001234,673ef5fe8c8a58fa97001234
63,673ef5fd903ce9225f001234,673ef5fdad972f10e0001234
64,673ef5fd47d1e99058001234,673ef5fdcaf1a3dfb5001234
65,673ef5fdf2217062e9001234,673ef5fd757b505cfd001234
66,673ef5fd7ef605fc8d001234,673ef5fdf457c545a9001234
67,673ef5fd1d7f7abc18001234,673ef5fed56b9fc4b0001234
68,673ef5fd2a79ea27c2001234,673ef5fdd395771085001234
69,673ef5fd1c9ac0159c001234,673ef5fd15de21c670001234
70,673ef5fd6c4b761a28001234,673ef5fec1fea270c4001234
71,673ef5fd140f6969d5001234,673ef5fdc74d97b01e001234
72,673ef5fdb73ce398c3001234,673ef5fd072b030ba1001234
73,673ef5fd0777d5c17d001234,673ef5fe4e0d67e54a001234
74,673ef5fd9766527f2b001234,673ef5fd7cbbc409ec001234
75,673ef5fd7e7757b1e1001234,673ef5fe00e26af6ac001234
76,673ef5fd5878a7ab84001234,673ef5fe2387337ba1001234
77,673ef5fd006f52e910001234,673ef5fe670e8a43b2001234
78,673ef5fdf7e6c85504001234,673ef5fe0e087ec55d001234
79,673ef5fdbf8229696f001234,673ef5fedd055f53a4001234
80,673ef5fd045117b0e0001234,673ef5fdf5f8590cd5001234
81,673ef5fdfc22130974001234,673ef5fd5ef059938b001234
82,673ef5fd4c5bde74a8001234,673ef5fd8d34201a5b001234
83,673ef5fdcedebb6e87001234,673ef5fe7dd0240cd4001234
84,673ef5fd6cdd60ea00001234,673ef5fdc7e1249ffc001234
85,673ef5fd9872ed9fc2001234,673ef5febcc0d40028001234
86,673ef5fda2557a7b2e001234,673ef5fd5751ec3e9a001234
87,673ef5fd0aa1883c64001234,673ef5fe49c9adb18e001234
88,673ef5fd0336dcbab0001234,673ef5fe673271cc47001234
89,673ef5fd084b6fbb10001234,673ef5fda5771bce93001234
90,673ef5fd0e65972dce001234,673ef5fe17ed8abedc001234
91,673ef5fd84d9ee44e4001234,673ef5fde57c6b956a001234
92,673ef5fde2c0be2456001234,673ef5fd67c6a1e7ce001234
93,673ef5fdeae27d77ca001234,673ef5fdddb30680a6001234
94,673ef5fd69adc1e107001234,673ef5fdb337e84de8001234
95,673ef5fd091d584fce001234,673ef5fd19bc916108001234
96,673ef5fdb1d10e7baf001234,673ef5feafe434653a001234
97,673ef5fdeb16372791001234,673ef5fd9bf31c7ff0001234
98,673ef5fd1534b76d32001234,673ef5fe44a2e08049001234
99,673ef5fd979d472a84001234,673ef5fed010396ca8001234
100,673ef5fd63dc7ed101001234,673ef5fe847cc55b70001234
101,673ef5fd060ad92489001234,673ef5fed56b9fc4b0001234
102,673ef5fdbcbe3365e6001234,673ef5fd0537fb40a6001234
103,673ef5fd115f895031001234,673ef5fe995e1fda4a001234
104,673ef5fd13fe9d8431001234,673ef5fe0a113ef6b6001234
105,673ef5fdd1c38a09ac001234,673ef5fe673271cc47001234
106,673ef5fd74db120f0a001234,673ef5feca75910166001234
107,673ef5fd6da9003b74001234,673ef5febb04af0f7e001234
108,673ef5fd289dff0766001234,673ef5fd6cd67d9b6f001234
109,673ef5fd577ef1154f001234,673ef5fefface8385a001234
110,673ef5fd539fd53b59001234,673ef5fe6f2688a5fc001234
111,673ef5fdac1dd209cb001234,673ef5fd248e844336001234
112,673ef5fd555d6702c9001234,673ef5fe2bcab9d935001234
113,673ef5fdf340f1b1f6001234,673ef5fdc3e878e27f001234
114,673ef5fde4a6222cdb001234,673ef5fe5fa9e41bfe001234
115,673ef5fdcb70ab3756001234,673ef5feaf5afd7f7c001234
116,673ef5fd9188905e74001234,673ef5fd3328bdf9a4001234
117,673ef5fd621bf66ddb001234,673ef5fe193002e668001234
118,673ef5fd077e29b11b001234,673ef5fe3a029f04d7001234
119,673ef5fd6c9882bbac001234,673ef5fdb2eeb7362e001234
120,673ef5fd19f3cd308f001234,673ef5fe894b77f805001234
121,673ef5fdc24cd76e1c001234,673ef5fed961e9f236001234
122,673ef5fdc52f1bd66c001234,673ef5fd67f7fb873e001234
123,673ef5fdfe131d7f5a001234,673ef5fea3fb4fbf9a001234
124,673ef5fdf718499c1c001234,673ef5fed759175de8001234
125,673ef5fdb1a59b315f001234,673ef5fe65699726a3001234
126,673ef5fd8c19f571e2001234,673ef5fe52292e0c76001234
127,673ef5fdd6baf65e0b001234,673ef5fe0c0a756691001234
128,673ef5fd39059724f7001234,673ef5feede7e2b6d1001234
129,673ef5fd4734ba6f3d001234,673ef5fe6602294be9001234
130,673ef5fd07cdfd2337001234,673ef5fe86d7c8a08b001234
131,673ef5fd92c8c96e4c001234,673ef5fddd45850574001234
132,673ef5fde3796ae838001234,673ef5fed1ee59e20a001234
133,673ef5fd6a9aeddfc6001234,673ef5fe231141b34c001234
134,673ef5fd0f49c89d1e001234,673ef5fd0d7de1aca9001234
135,673ef5fd46ba9f2a69001234,673ef5fdbac9162b47001234
136,673ef5fd0e01938fc4001234,673ef5fec15da1f2b5001234
137,673ef5fd918317b579001234,673ef5fd11b9842e0a001234
138,673ef5fd839ab46820001234,673ef5fe1896a3bf73001234
139,673ef5fdf90f2aca5c001234,673ef5fda87ff679a2001234
140,673ef5fd9c838d2e45001234,673ef5fd6a10bbd480001234
141,673ef5fd53c3bce66e001234,673ef5fd0584ce565c001234
142,673ef5fd6883966fd8001234,673ef5fd8f121ce07d001234
143,673ef5fdef0d3930a7001234,673ef5fddf877f3865001234
144,673ef5fd34ed066df3001234,673ef5fe83cdcec08f001234
145,673ef5fd577bcc914f001234,673ef5fd0f49c89d1e001234
146,673ef5fd37bc2f75bf001234,673ef5fe512c5cad6c001234
147,673ef5fd496e05e1ae001234,673ef5fd812b4ba287001234
148,673ef5fdb2eb734903001234,673ef5fec930eecd01001234
149,673ef5fda8c88a0055001234,673ef5fec60d060b94001234
150,673ef5fdeddea82ad2001234,673ef5fe226d1f15ec001234
151,673ef5fd06eb61b839001234,673ef5fe4d2e7bd33c001234
152,673ef5fd9dfcd5e558001234,673ef5fd996a7fa078001234
153,673ef5fd950a4152c2001234,673ef5fef0adc8838f001234
154,673ef5fd158f3069a4001234,673ef5fe26751be118001234
155,673ef5fd3fe94a0023001234,673ef5fee702e51da2001234
156,673ef5fd5b8add2a5d001234,673ef5fe1485100313001234
157,673ef5fd320722549d001234,673ef5fd140f6969d5001234
158,673ef5fdcaf1a3dfb5001234,673ef5fdcf004fdc76001234
159,673ef5fdbc6dc48b74001234,673ef5fed045c59a90001234
160,673ef5fd89f0fd5c92001234,673ef5fdbf8229696f001234
161,673ef5fdb83aac23b9001234,673ef5fe847cc55b70001234
162,673ef5fdcd00692c3b001234,673ef5fd7eabe3a164001234
163,673ef5fdfe73f687e5001234,673ef5fda97da629b0001234
164,673ef5fd04025959b1001234,673ef5fede03beffee001234
165,673ef5fd40008b9a53001234,673ef5fd4c5bde74a8001234
166,673ef5fd3dd48ab31d001234,673ef5fee9b73bccd1001234
167,673ef5fd58238e9ae2001234,673ef5fd44c4c17332001234
168,673ef5fdd81f9c1be2001234,673ef5fd2050e03ca1001234
169,673ef5fd13f9896df6001234,673ef5fdab233b682e001234
170,673ef5fdc5ff2543b5001234,673ef5fd4e0928de07001234
171,673ef5fd0bb4aec171001234,673ef5fe8bb88f80d3001234
172,673ef5fd8dd48d6a2e001234,673ef5fe359f38463d001234
173,673ef5fd6c524f9d5d001234,673ef5fd3644a684f9001234
174,673ef5fdaa942ab2bf001234,673ef5fe4e4e53aa08001234
175,673ef5fdc058f544c7001234,673ef5fe442cde8169001234
176,673ef5fde7b24b112a001234,673ef5fe2ba8698b79001234
177,673ef5fdc3e878e27f001234,673ef5fd9f61408e3a001234
178,673ef5fdbac9162b47001234,673ef5fe7c9d0b1f96001234
179,673ef5fd9be40cee5b001234,673ef5fe5c50b4df4b001234
180,673ef5fd5ef698cd9f001234,673ef5fd185e65bc40001234
181,673ef5fdcf004fdc76001234,673ef5fda5e0013237001234
182,673ef5fd41f1f19176001234,673ef5fe81c8727c62001234
183,673ef5fd24b16fede9001234,673ef5fea01610228f001234
184,673ef5fdffd52f3c7e001234,673ef5fda8abb4bb28001234
185,673ef5fdad972f10e0001234,673ef5fe7283518d47001234
186,673ef5fdf61d694746001234,673ef5fe798cebccb3001234
187,673ef5fd142949df56001234,673ef5fe632cee946d001234
188,673ef5fdd34ab169b7001234,673ef5fe442cde8169001234
189,673ef5fd8bf1211fd4001234,673ef5fde7f8a7fb0b001234
190,673ef5fdbca82e41ee001234,673ef5fd2dea61eed4001234
191,673ef5fd00ec53c468001234,673ef5fe68a83eeb49001234
192,673ef5fd4f6ffe13a5001234,673ef5fea981f2b708001234
193,673ef5fdbeed13602b001234,673ef5fefba9d88164001234
194,673ef5fd0584ce565c001234,673ef5fd5e9f92a01c001234
195,673ef5fddc912a253d001234,673ef5fef9d1152547001234
196,673ef5fd39461a19e9001234,673ef5fef016e59c7a001234
197,673ef5fdd9fc5b73a8001234,673ef5fe351b33587c001234
198,673ef5fda01a0380ca001234,673ef5fd1543843a47001234
199,673ef5fd28f0b86459001234,673ef5fd26e359e838001234
200,673ef5fdf8c1f23d6a001234,673ef5fe136f951362001234
201,673ef5fd352fe25daf001234,673ef5fd1c9ac0159c001234
202,673ef5fd69cb3ea317001234,673ef5fe9e984c1081001234
203,673ef5fdbbf94b34eb001234,673ef5fe5c936263f3001234
204,673ef5fdbbcbff5c1f001234,673ef5fe9f36407ead001234
205,673ef5fd0d0fd7c6e0001234,673ef5fd3493894fa4001234
206,673ef5fda96b65a721001234,673ef5fe0eec27c419001234
207,673ef5fd1068c6e4c8001234,673ef5fe7ffd85d93a001234
208,673ef5fd17d63b1625001234,673ef5fd00ec53c468001234
209,673ef5fd66808e327d001234,673ef5fee205ee2a5d001234
210,673ef5fd7eacb53257001234,673ef5fe4496bf24af001234
211,673ef5fdb6f0479ae8001234,673ef5fd8f121ce07d001234
212,673ef5fdfaa9afea49001234,673ef5fed736bb10d8001234
213,673ef5fd25b2822c2f001234,673ef5fe4476b929e3001234
214,673ef5fd6ecbdd6ec8001234,673ef5fe0f2c9a93ee001234
215,673ef5fd8d7d8ee069001234,673ef5fea4300b002b001234
216,673ef5fd75fc093c0e001234,673ef5fe4558dbb6f6001234
217,673ef5fd66368270ff001234,673ef5fe3cef96dcc9001234
218,673ef5fd248e844336001234,673ef5fe25e2a30f44001234
219,673ef5fdddb30680a6001234,673ef5fd8eefcfdf59001234
220,673ef5fd2421fcb126001234,673ef5fe4e6cd95227001234
221,673ef5fd1651cf0d2f001234,673ef5fe2ac2406e83001234
222,673ef5fda8abb4bb28001234,673ef5fe67d96d458a001234
223,673ef5fd67f7fb873e001234,673ef5fef5c3dd7514001234
224,673ef5fd9a96876e2f001234,673ef5fea8e864d04c001234
225,673ef5fd9431c87f27001234,673ef5fdb4288d9c0e001234
226,673ef5fd49ae49a23f001234,673ef5fe0a1bf96b71001234
227,673ef5fd821fa74b50001234,673ef5fe160c88652d001234
228,673ef5fd250cf8b51c001234,673ef5fd33e8075e99001234
229,673ef5fdd07e70efcf001234,673ef5fde57c6b956a001234
230,673ef5fd7fe1f8abaa001234,673ef5fe17fafe5f6c001234
231,673ef5fd428fca9bc1001234,673ef5fea8f8f60264001234
232,673ef5fdf1b6f2857f001234,673ef5fe3f67fd9716001234
233,673ef5fd68ce199ec2001234,673ef5fe1fc214004c001234
234,673ef5fdab817c9349001234,673ef5fe5cbdfd0dfa001234
235,673ef5fd877a9ba7a9001234,673ef5feb29eed4427001234
236,673ef5fd8e6b42f164001234,673ef5fdb534ba6823001234
237,673ef5fdef575e8837001234,673ef5fe1b0114c51c001234
238,673ef5fd25ddc0f8c9001234,673ef5fec44e503833001234
239,673ef5fd5ef0b4eba3001234,673ef5fd3435c378bb001234
240,673ef5fd598b3e71ec001234,673ef5fe7eb7eabbe9001234
241,673ef5fd74071a6733001234,673ef5fd46ba9f2a69001234
242,673ef5fdd18f655c3f001234,673ef5fe24146db4eb001234
243,673ef5fd9461cce28e001234,673ef5fec7635bfd99001234
244,673ef5fdc3c59e5f8b001234,673ef5fe9f6992966d001234
245,673ef5fd854d9fca60001234,673ef5fe0533a88890001234
246,673ef5fd55a7cf9c71001234,673ef5fee6d8545daa001234
247,673ef5fd1be3bc32e6001234,673ef5feb865367fc4001234
248,673ef5fd05f971b5ec001234,673ef5fe253f7b5d92001234
249,673ef5fd3cf166c6b7001234,673ef5fe2bd7f907b7001234
250,673ef5fdb337e84de8001234,673ef5fd3fe94a0023001234
251,673ef5fde8c0653fea001234,673ef5fe2a50e9c2d6001234
252,673ef5fdff4d5fbbaf001234,673ef5fe7143d7fbad001234
253,673ef5fd10a7cdd970001234,673ef5fe38ca89564b001234
254,673ef5fd3dc4876f3f001234,673ef5fe7d771e0e8f001234
255,673ef5fd2b8a61594b001234,673ef5fda666587afd001234
256,673ef5fdf3f27a3247001234,673ef5feab541d874c001234
257,673ef5fd63538fe6ef001234,673ef5fe944626adf9001234
258,673ef5fdba2fd310dc001234,673ef5fef4a331b7a2001234
259,673ef5fd85422afb46001234,673ef5fda01a0380ca001234
260,673ef5fd13f320e7b5001234,673ef5fee58cc5ca94001234
261,673ef5fd298f95e1bf001234,673ef5fd31fefc0e57001234
262,673ef5fdc399862d3b001234,673ef5fe818f4654ed001234
263,673ef5fd33e8075e99001234,673ef5fd2050e03ca1001234
264,673ef5fd65658fde58001234,673ef5fe8b6dd7db9a001234
265,673ef5fd5ea1649a31001234,673ef5fee744f91c29001234
266,673ef5fd7bcdf75ad2001234,673ef5fee06f967fb0001234
267,673ef5fd16c222aa19001234,673ef5fe84c6494d30001234
268,673ef5fd7dcd340d84001234,673ef5fe1ee3dfcd8a001234
269,673ef5fd81448138f5001234,673ef5fe8a1e808b55001234
270,673ef5fd97e8527fea001234,673ef5fd66368270ff001234
271,673ef5fd647bba3443001234,673ef5fe0e4e946668001234
272,673ef5fdc75b6f114c001234,673ef5fe2a27b8144a001234
273,673ef5fd8d34201a5b001234,673ef5fe201d7288b4001234
274,673ef5fd94c7bb58ef001234,673ef5fd6974ce5ac6001234
275,673ef5fd5e388103a3001234,673ef5fdb056eb1587001234
276,673ef5fd15de21c670001234,673ef5fecefab442b1001234
277,673ef5fd6e2713a6ef001234,673ef5fe24146db4eb001234
278,673ef5fd1bb91f73e9001234,673ef5fdf387624df5001234
279,673ef5fd3a0772443a001234,673ef5fe96de2547f4001234
280,673ef5fda9a6653e48001234,673ef5fd045117b0e0001234
281,673ef5fdcbcb58ac2e001234,673ef5fe46031b3d04001234
282,673ef5fddb85e2590b001234,673ef5fee0cf1f4711001234
283,673ef5fde6b4b2a746001234,673ef5fed736bb10d8001234
284,673ef5fde5f6ad6ce3001234,673ef5feb0b183c207001234
285,673ef5fdf0e52b27a7001234,673ef5fd34173cb38f001234
286,673ef5fda7aeed7471001234,673ef5fedaa96d9681001234
287,673ef5fdfde9264cf3001234,673ef5fdb73dfe25b4001234
288,673ef5fda8849b0524001234,673ef5fec26820b8a4001234
289,673ef5fd258be18e31001234,673ef5fe4a3e00961a001234
290,673ef5fd069d3bb002001234,673ef5fdad61ab1432001234
291,673ef5fdc6e19e8308001234,673ef5fd389bc7bb1e001234
292,673ef5fd46922a0880001234,673ef5fd959a557f5f001234
293,673ef5fddbe272bab6001234,673ef5fe059fdcd96b001234
294,673ef5fdacc3e04046001234,673ef5fe1019c80916001234
295,673ef5fd3435c378bb001234,673ef5fdf1b6f2857f001234
296,673ef5fdd86ea612de001234,673ef5fd9bf31c7ff0001234
297,673ef5fd9cf81d8026001234,673ef5fdbe83ab3ecd001234
298,673ef5fd44c4c17332001234,673ef5fee744f91c29001234
299,673ef5fd00ac8ed3b4001234,673ef5fe6351bf9dce001234
300,673ef5fdf29c21d489001234,673ef5feae614c5578001234
301,673ef5fd851ddf5058001234,673ef5fe731c83db8d001234
302,673ef5fd7750ca3559001234,673ef5fe1113d7a76f001234
303,673ef5fdeb6fdc36b2001234,673ef5fd65b9eea6e1001234
304,673ef5fd48ab2f9b45001234,673ef5fd2ca65f58e3001234
305,673ef5fd233509073e001234,673ef5fdb73ce398c3001234
306,673ef5fd45645a27c4001234,673ef5fe9a1756fd0c001234
307,673ef5fd185c29dc24001234,673ef5fd68d30a9594001234
308,673ef5fd42e77b6363001234,673ef5fdbbcbff5c1f001234
309,673ef5fd051e4e127b001234,673ef5fe9701a1c165001234
310,673ef5fdb7bb35b9c6001234,673ef5fd816b112c61001234
311,673ef5fdabd815286b001234,673ef5fdbeed13602b001234
312,673ef5fd26dd0dbc6e001234,673ef5fed1dc3a8270001234
313,673ef5fd6766aa2750001234,673ef5fe285f89b802001234
314,673ef5fd6a10bbd480001234,673ef5fe70ece1e1e0001234
315,673ef5fd4ffce04d92001234,673ef5fd9f396fe44e001234
316,673ef5fd67e103b076001234,673ef5fe65699726a3001234
317,673ef5fd291597a100001234,673ef5fd1afa34a7f9001234
318,673ef5fd8c7bbbba95001234,673ef5fedca5672ff3001234
319,673ef5fd5e9f92a01c001234,673ef5fd07c5807d0d001234
320,673ef5fd303ed4c698001234,673ef5fe8698ff9211001234
321,673ef5fd443cb001c1001234,673ef5fd5f0f5e5f33001234
322,673ef5fd55743cc039001234,673ef5febb04af0f7e001234
323,673ef5fdeaae339c4d001234,673ef5fe996009f237001234
324,673ef5fd3d2d8ccb37001234,673ef5fe28fc2782ea001234
325,673ef5fdb4288d9c0e001234,673ef5fda0a080f42e001234
326,673ef5fd2f37d10131001234,673ef5fe8c3039bd58001234
327,673ef5fd68264bdb65001234,673ef5fef4a331b7a2001234
328,673ef5fd3a066bda8c001234,673ef5fef31b20466a001234
329,673ef5fdbe3159ad04001234,673ef5fd17e62166fc001234
330,673ef5fd8757150dec001234,673ef5fe4921f95baf001234
331,673ef5fd2291d2ec3b001234,673ef5fd735b90b456001234
332,673ef5fd84117275be001234,673ef5fedc87c13749001234
333,673ef5fd5dd9db5e03001234,673ef5fe8b40665547001234
334,673ef5fd2dea61eed4001234,673ef5fd8bf1211fd4001234
335,673ef5fd9f396fe44e001234,673ef5fee60e81c4cb001234
336,673ef5fd71a3cb155f001234,673ef5fec3e0c62ee9001234
337,673ef5fd9fe8593a8a001234,673ef5fd8e296a067a001234
338,673ef5fdfccb3cdc9a001234,673ef5fe4a08142c38001234
339,673ef5fd556f391937001234,673ef5fea3fb4fbf9a001234
340,673ef5fd3328bdf9a4001234,673ef5fea9be4c2a40001234
341,673ef5fdf79921bbae001234,673ef5fee034fb6b66001234
342,673ef5fd07a96b1f61001234,673ef5fedf0aab058c001234
343,673ef5fdc06d06da96001234,673ef5fed736bb10d8001234
344,673ef5fd10a5ab2db3001234,673ef5fdea5d2f1c46001234
345,673ef5fde555ebe0ce001234,673ef5fee6cb2a3c14001234
346,673ef5fd53e3a7161e001234,673ef5fda02ffd91ec001234
347,673ef5fd5487315b12001234,673ef5feb132ecc160001234
348,673ef5fde4bb4c5173001234,673ef5fd432aca3a1e001234
349,673ef5fd8a0e1141fd001234,673ef5fdf457c545a9001234
350,673ef5fde5841df216001234,673ef5fdcfcd208495001234
351,673ef5fdd6c651ddcd001234,673ef5feb6a1085a27001234
352,673ef5fd9c82c7143c001234,673ef5fe632cee946d001234
353,673ef5fd500e75a036001234,673ef5fe96a93ba89a001234
354,673ef5fdae0eb3eed3001234,673ef5fef9d1152547001234
355,673ef5fde70611883d001234,673ef5fe8c3039bd58001234
356,673ef5fd6081594975001234,673ef5fd093f65e080001234
357,673ef5fd19bc916108001234,673ef5fd84117275be001234
358,673ef5fd07c5807d0d001234,673ef5fde6b4b2a746001234
359,673ef5fd8df707a948001234,673ef5fdb5dc4e5d9b001234
360,673ef5fde7f8a7fb0b001234,673ef5fe519c841559001234
361,673ef5fd788d986905001234,673ef5fe6351bf9dce001234
362,673ef5fd50c3d76149001234,673ef5fd4c5bde74a8001234
363,673ef5fd5f2c22cb4a001234,673ef5fe1d72310edc001234
364,673ef5fd7f1171a78c001234,673ef5fe81ca0262c8001234
365,673ef5fd82f2b308c3001234,673ef5fd051e4e127b001234
366,673ef5fd0d3180d672001234,673ef5fdc058f544c7001234
367,673ef5fdba3866600c001234,673ef5fe33ceb07bf4001234
368,673ef5fd6c29793a14001234,673ef5fd1385974ed5001234
369,673ef5fd6bc24fc1ab001234,673ef5fe8725fb777f001234
370,673ef5fda5cdd4aa00001234,673ef5fd37bc2f75bf001234
371,673ef5fd217eedd1ba001234,673ef5fd45c48cce2e001234
372,673ef5fddf263d9962001234,673ef5feacf4b89d3d001234
373,673ef5fdedfbe1afcf001234,673ef5fd18997733ec001234
374,673ef5fd5c572eca05001234,673ef5fe6e79ed05ba001234
375,673ef5fd5f0f5e5f33001234,673ef5fdc51ce410c1001234
376,673ef5fd6f2268bd1d001234,673ef5fec6bff625bd001234
377,673ef5fdccb0989662001234,673ef5fdbc6dc48b74001234
378,673ef5fdfa14d4fe2f001234,673ef5fe6e7d2da6d3001234
379,673ef5fd2ca65f58e3001234,673ef5fe819c9fbfb0001234
380,673ef5fd88ae6372cf001234,673ef5fead4cc1fb9b001234
381,673ef5fd06997f04a7001234,673ef5fd7f1171a78c001234
382,673ef5fdeefc9e10eb001234,673ef5fd69adc1e107001234
383,673ef5fdd840cc5d90001234,673ef5fe795c7a7a5e001234
384,673ef5fd3a835d3215001234,673ef5fe5b6ba13f79001234
385,673ef5fd288cc0ff02001234,673ef5fdcfa0860e83001234
386,673ef5fdb7ee6f5f9a001234,673ef5fd5c572eca05001234
387,673ef5fde57c6b956a001234,673ef5fe571d3a9420001234
388,673ef5fd86b122d435001234,673ef5fe861dc9bd7f001234
389,673ef5fdc0f168ce89001234,673ef5fe03e0704b56001234
390,673ef5fdf1c1592588001234,673ef5fd352fe25daf001234
391,673ef5fde074133548001234,673ef5fe9327969053001234
392,673ef5fda8e864d04c001234,673ef5feb706835de7001234
393,673ef5fd7143d7fbad001234,673ef5fe5103c3584b001234
394,673ef5fd72da7fd6d1001234,673ef5fdc52f1bd66c001234
395,673ef5fd6e0721b2c6001234,673ef5fef31b20466a001234
396,673ef5fd4b04a686b0001234,673ef5fe210f760a89001234
397,673ef5fd3621f1454c001234,673ef5fdd64a340bcb001234
398,673ef5fddf7f28ac89001234,673ef5fd138bb06965001234
399,673ef5fd96ea64f3a1001234,673ef5fdb2eeb7362e001234
400,673ef5fdda8ce53cf0001234,673ef5fd0d0fd7c6e0001234
401,673ef5fd82489c9737001234,673ef5fe86109d400f001234
402,673ef5fd35cf8659cf001234,673ef5fd01386bd6d8001234
403,673ef5fdbeb22fb694001234,673ef5fd6c8349cc72001234
404,673ef5fd28267ab848001234,673ef5fe0e3a37aa85001234
405,673ef5fd7a53928fa4001234,673ef5fea1d50185e7001234
406,673ef5fdd58072be28001234,673ef5fec22abfa379001234
407,673ef5fda8ecbabae1001234,673ef5fe8e2cfdc275001234
408,673ef5fd32b30a250a001234,673ef5fdd61e4bbd63001234
409,673ef5fdb6edc1cd1f001234,673ef5fe4ca82782c5001234
410,673ef5fd670e8a43b2001234,673ef5fe4671aeaf49001234
411,673ef5fd81e74d6785001234,673ef5fd0336dcbab0001234
412,673ef5fd43fa7f58b7001234,673ef5fd0ff8033cf9001234
413,673ef5fd3b5dca501e001234,673ef5fd53c3bce66e001234
414,673ef5fdafda332245001234,673ef5fe692f93be8c001234
415,673ef5fdd554f7bb7b001234,673ef5fd6ecbdd6ec8001234
416,673ef5fdc2626d850c001234,673ef5fef442d33fa0001234
417,673ef5fdce78d1da25001234,673ef5fd81448138f5001234
418,673ef5fd8e82ab7243001234,673ef5fefe7ee8fc19001234
419,673ef5fd7250eb93b3001234,673ef5fe58e4d44e55001234
420,673ef5fd301ad0e3bd001234,673ef5fe3d863b367a001234
421,673ef5fdfa83a11a19001234,673ef5fe96de2547f4001234
422,673ef5fd02a32ad266001234,673ef5fe57c0531e13001234
423,673ef5fd3d8e28caf9001234,673ef5fe0c8ce55163001234
424,673ef5fde97ee2054d001234,673ef5fd8c19f571e2001234
425,673ef5fdb86e8d03fe001234,673ef5fe490640b435001234
426,673ef5fd84f7e69969001234,673ef5fdd1f255a373001234
427,673ef5fdfe8c15fed5001234,673ef5fee60e81c4cb001234
428,673ef5fd22ac3c5a5b001234,673ef5fef3f1b7fc5a001234
429,673ef5fdf7e9050c92001234,673ef5fe9c3b183051001234
430,673ef5fdaddfa9b7e2001234,673ef5fe9c3b183051001234
431,673ef5fd8c235f89a8001234,673ef5fdc0f168ce89001234
432,673ef5fd847cc55b70001234,673ef5fed736bb10d8001234
433,673ef5fd5ec91aac30001234,673ef5fe09c6c3783b001234
434,673ef5fd1fc214004c001234,673ef5fe44968aece9001234
435,673ef5fd22fb0cee7e001234,673ef5fe0a0a0c8aaa001234
436,673ef5fd43feaeeecd001234,673ef5fdbe3159ad04001234
437,673ef5fd98d6f58ab0001234,673ef5fe1c54985e4f001234
438,673ef5fd51ef186e18001234,673ef5feb9141aff14001234
439,673ef5fd352407221a001234,673ef5fe980ecd0591001234
440,673ef5fddd8eb9f23f001234,673ef5fe069654d5ce001234
441,673ef5fd6c3cf77d52001234,673ef5fe8065d07da4001234
442,673ef5fd170c944978001234,673ef5fd9cfdf10e8f001234
443,673ef5fd0efe32849d001234,673ef5fd218a0aefd1001234
444,673ef5fd704afe0739001234,673ef5fd55b37c5c27001234
445,673ef5fd7ce3284b74001234,673ef5feb432f34c5a001234
446,673ef5fd07871915a8001234,673ef5fec8c41c4a18001234
447,673ef5fd024d7f84ff001234,673ef5fdf85454e827001234
448,673ef5fdcfbce4c1d7001234,673ef5fd8fe0093bb3001234
449,673ef5fd4b02507935001234,673ef5fe5d79099fcd001234
450,673ef5fd5705e1164a001234,673ef5fe24896ee4c6001234
451,673ef5fdacf4b89d3d001234,673ef5fe442cde8169001234
452,673ef5fd892c91e0a6001234,673ef5fde836d813fd001234
453,673ef5fdb6a1085a27001234,673ef5fda96b65a721001234
454,673ef5fdaa169b49b5001234,673ef5fd1385974ed5001234
455,673ef5fdf57a2f557b001234,673ef5fe8d6dc35e50001234
456,673ef5fde205ee2a5d001234,673ef5fe7a53928fa4001234
457,673ef5fdb56a18e0ea001234,673ef5fd8b16ebc056001234
458,673ef5fd2a9d121cd9001234,673ef5fe4e4e53aa08001234
459,673ef5fd23ce185134001234,673ef5fd3a0772443a001234
460,673ef5fdda0d1111d2001234,673ef5feff1418e8cc001234
461,673ef5fd1e056d2b0e001234,673ef5fef18a6d1cde001234
462,673ef5fd6d0f846348001234,673ef5fe846c260d71001234
463,673ef5fdccc0aa1b81001234,673ef5fef33ba15eff001234
464,673ef5fdc4015b7f36001234,673ef5fe2387337ba1001234
465,673ef5fd1f4477bad7001234,673ef5fd63923f49e5001234
466,673ef5fdd045c59a90001234,673ef5fedb2b418215001234
467,673ef5fd0d0871f080001234,673ef5fd13f9896df6001234
468,673ef5fd1cc3633c57001234,673ef5fe6c340f2583001234
469,673ef5fdd2ed45a52b001234,673ef5fda8c88a0055001234
470,673ef5fd4daa3db355001234,673ef5fd26e359e838001234
471,673ef5fde820a45f1d001234,673ef5fdeda80a3d5b001234
472,673ef5fd90794e3b05001234,673ef5fe0ed9422357001234
473,673ef5fdb7892fb3c2001234,673ef5fee8d92f99ed001234
474,673ef5fd3df1d4b96d001234,673ef5fd9dcb88e013001234
475,673ef5fd2f885d0fbe001234,673ef5fd2838023a77001234
476,673ef5fd64223ccf70001234,673ef5fdf387624df5001234
477,673ef5fdc4b31ce7d9001234,673ef5fda02ffd91ec001234
478,673ef5fd168908dd32001234,673ef5fee6d8545daa001234
479,673ef5fd2ba596643c001234,673ef5fefd06b8ea02001234
480,673ef5fd0f840be9b8001234,673ef5fd45645a27c4001234
481,673ef5fd437d7d1d97001234,673ef5fe6d3a1e06d6001234
482,673ef5fdd707329bec001234,673ef5fedb576a7d24001234
483,673ef5fd5c936263f3001234,673ef5fdc3992e9a68001234
484,673ef5fd1ce927f875001234,673ef5fe692f93be8c001234
485,673ef5fd6cfe0e6127001234,673ef5fe013a006f03001234
486,673ef5fd8f468c873a001234,673ef5fd9cf81d8026001234
487,673ef5fdc22abfa379001234,673ef5fe4afd521d77001234
488,673ef5fdca75910166001234,673ef5feff49cc40a8001234
489,673ef5fd92977ae4d2001234,673ef5fef106b7f99d001234
490,673ef5fdc32d9bf27a001234,673ef5fefeab05aa91001234
491,673ef5fdd79aac0759001234,673ef5fef22e4747da001234
492,673ef5fd6aab127066001234,673ef5fec4492cbe90001234
493,673ef5fdfe7ee8fc19001234,673ef5fe01e00f2f4b001234
494,673ef5fddf6d2338b2001234,673ef5fd996a7fa078001234
495,673ef5fd9908279ebb001234,673ef5fe22fb0cee7e001234
496,673ef5fd7b13b22030001234,673ef5feacf4b89d3d001234
497,673ef5fd934815ad54001234,673ef5feb3b43aeeac001234
498,673ef5fd2bcab9d935001234,673ef5fef7cade80b7001234
499,673ef5fd0b8aff0438001234,673ef5fef0dd4a99fb001234
500,673ef5fdec5aa0b784001234,673ef5feab1a4d0dd4001234
501,673ef5fd9ab0d88431001234,673ef5fe93d65641ff001234
502,673ef5fda9b7ba7078001234,673ef5fd01386bd6d8001234
503,673ef5fdb8c37e33de001234,673ef5fe25df35de87001234
504,673ef5fd1587965fb4001234,673ef5fe1cecc7a779001234
505,673ef5fd31b3b31a1c001234,673ef5fd821fa74b50001234
506,673ef5fd298923c819001234,673ef5fd99c5e07b4d001234
507,673ef5fd08fe2621d8001234,673ef5feff1418e8cc001234
508,673ef5fd5d616dd382001234,673ef5fe798ed7d4ee001234
509,673ef5fdef50c335cc001234,673ef5fe4a213d3724001234
510,673ef5fd24146db4eb001234,673ef5fe41a60377ba001234
511,673ef5fd84d2004bf2001234,673ef5fd087408522c001234
512,673ef5fde515df0d20001234,673ef5feaa2a773713001234
513,673ef5fd995e1fda4a001234,673ef5fefb2fcd534b001234
514,673ef5fda34bacf839001234,673ef5fee721a54a8c001234
515,673ef5fd83fa5a432a001234,673ef5fd182be0c5cd001234
516,673ef5fd27ed0fb950001234,673ef5fdfccb3cdc9a001234
517,673ef5fd537d9b6c92001234,673ef5fd140f6969d5001234
518,673ef5fdd736bb10d8001234,673ef5fda9a6653e48001234
519,673ef5fdb9141aff14001234,673ef5fd58238e9ae2001234
520,673ef5fd20b5e1cf86001234,673ef5fd248e844336001234
521,673ef5fd7cce53cf90001234,673ef5fe57c0531e13001234
522,673ef5fd5055cbf43f001234,673ef5fd68264bdb65001234
523,673ef5fd456ac9b0d1001234,673ef5fdc7e1249ffc001234
524,673ef5fddb576a7d24001234,673ef5fe9ac403da79001234
525,673ef5fdd8700cbd38001234,673ef5fd03afdbd66e001234
526,673ef5fdb4d168b481001234,673ef5fe270edd6978001234
527,673ef5fdcd89fef7ff001234,673ef5fe8562ae5e28001234
528,673ef5fd2290a7385e001234,673ef5fed5c186983b001234
529,673ef5fd53adaf494d001234,673ef5fd44f683a841001234
530,673ef5fddc58e3a306001234,673ef5fefa1e9c9653001234
531,673ef5fd1b0114c51c001234,673ef5fe2c89109d42001234
532,673ef5fda1519de5b5001234,673ef5fd959a557f5f001234
533,673ef5fd390e982518001234,673ef5fee1d5be1c7f001234
534,673ef5fd708f3cf810001234,673ef5feb86e8d03fe001234
535,673ef5fd4607263158001234,673ef5fd1ff8a7b5dc001234
536,673ef5fd062ddb6c72001234,673ef5fe4e6cd95227001234
537,673ef5fd43baa6762f001234,673ef5feaf3303f852001234
538,673ef5fd818f4654ed001234,673ef5fd36660e5985001234
539,673ef5fd9f36407ead001234,673ef5fec8c41c4a18001234
540,673ef5fd754dda4b1b001234,673ef5fe65cc2c8205001234
541,673ef5fd41bfd20a38001234,673ef5fe25df35de87001234
542,673ef5fdd6723e7cd6001234,673ef5fe059fdcd96b001234
543,673ef5fd4e2545f819001234,673ef5fd182be0c5cd001234
544,673ef5fddb2b418215001234,673ef5fd82aa4b0af3001234
545,673ef5fda016070970001234,673ef5fee17184bcb7001234
546,673ef5fd1e6e0a04d2001234,673ef5fd08c5433a60001234
547,673ef5fdc6bff625bd001234,673ef5fd5dd9db5e03001234
548,673ef5fdc9f95a0a5a001234,673ef5fe6a5dfac4be001234
549,673ef5fde58cc5ca94001234,673ef5fe44968aece9001234
550,673ef5fdb9d487a303001234,673ef5fe226d1f15ec001234
551,673ef5fdb59c67bf19001234,673ef5fe4e8412ad48001234
552,673ef5fd9c3b183051001234,673ef5fe712a3c9878001234
553,673ef5fdd6ef5f7fa9001234,673ef5fe6a5889bb01001234
554,673ef5fddd77279f7d001234,673ef5fe4f284803bd001234
555,673ef5fd0eec27c419001234,673ef5fec8c41c4a18001234
556,673ef5fd8597a6cfa7001234,673ef5fd0266e33d3f001234
557,673ef5fd3b712de481001234,673ef5fe6c8dba7d0d001234
558,673ef5fd2cfd456053001234,673ef5fec2aee86157001234
559,673ef5fdc7635bfd99001234,673ef5fec26820b8a4001234
560,673ef5fdffeed84c7c001234,673ef5fea016070970001234
561,673ef5fd678a149151001234,673ef5fee6cb2a3c14001234
562,673ef5fd3fe78a8acf001234,673ef5fd258be18e31001234
563,673ef5fd69a5b59951001234,673ef5fdf1b6f2857f001234
564,673ef5fd4a213d3724001234,673ef5fe6d70cb65d1001234
565,673ef5fdfe709c654e001234,673ef5fd4734ba6f3d001234
566,673ef5fdfd2c5e4680001234,673ef5fed282ef2637001234
567,673ef5fd801c14f07f001234,673ef5fe6ae07dcb33001234
568,673ef5fdc3e0c62ee9001234,673ef5fe9ab0d88431001234
569,673ef5fd8ce6790cc6001234,673ef5feb9141aff14001234
570,673ef5fd208e43f0e4001234,673ef5fe309fee4e54001234
571,673ef5fdfeab05aa91001234,673ef5fdc042f4db68001234
572,673ef5fd09c6c3783b001234,673ef5fedb576a7d24001234
573,673ef5fd285f89b802001234,673ef5feeaa32c96f6001234
574,673ef5fde22312179b001234,673ef5fe4da04049a0001234
575,673ef5fda8240cb823001234,673ef5fec15da1f2b5001234
576,673ef5fd0f2c9a93ee001234,673ef5fe9a3d458322001234
577,673ef5fd9da187a7a1001234,673ef5fe2f25f6e326001234
578,673ef5fd3eb71f6293001234,673ef5fd2723d092b6001234
579,673ef5fd0a0a0c8aaa001234,673ef5fd43ec517d68001234
580,673ef5fd1896a3bf73001234,673ef5fdbe3159ad04001234
581,673ef5fd83f97f4825001234,673ef5fd9fe8593a8a001234
582,673ef5fd7d771e0e8f001234,673ef5fec2aee86157001234
583,673ef5fd2ac2406e83001234,673ef5fe17e23e50be001234
584,673ef5fd0e095e054e001234,673ef5fef47330643a001234
585,673ef5fd97af4fb322001234,673ef5fe0c9ebb2ded001234
586,673ef5fd160c88652d001234,673ef5fe90794e3b05001234
587,673ef5fd52292e0c76001234,673ef5fe3b5dca501e001234
588,673ef5fd0188e8b8b0001234,673ef5feeddb904a6d001234
589,673ef5fd9adeb82fff001234,673ef5fe193002e668001234
590,673ef5fdae5e3ce40e001234,673ef5feb147a61c1d001234
591,673ef5fdfe2d010308001234,673ef5fe6aab127066001234
592,673ef5fd7501e5d4da001234,673ef5fd8ebda540cb001234
593,673ef5fd147702db07001234,673ef5feb710915795001234
594,673ef5fd491442df5f001234,673ef5febe3e9d3f7d001234
595,673ef5fdfb2fcd534b001234,673ef5fe7501e5d4da001234
596,673ef5fd144a3f71a0001234,673ef5fd142949df56001234
597,673ef5fd4e4e53aa08001234,673ef5fe831c2f88a6001234
598,673ef5fdc8ba76c279001234,673ef5fd8a0e1141fd001234
599,673ef5fda4d2f0d23d001234,673ef5fed63fbf8c31001234
600,673ef5fd1d72310edc001234,673ef5fdd4c2e4a329001234
601,673ef5fd3a029f04d7001234,673ef5fde2ef524fbf001234
602,673ef5fd43cca4b3de001234,673ef5fd42998cf32d001234
603,673ef5fd25df35de87001234,673ef5fe231141b34c001234
604,673ef5fd3210ddbeaa001234,673ef5fd10a5ab2db3001234
605,673ef5fdeb86d51036001234,673ef5fe208e43f0e4001234
606,673ef5fd310ce61c90001234,673ef5fe363763e5c3001234
607,673ef5fd6c14da109e001234,673ef5fe1ef91c212e001234
608,673ef5fde034fb6b66001234,673ef5fd2823f47971001234
609,673ef5fd81dc9bdb52001234,673ef5fd9be40cee5b001234
610,673ef5fd9996535e07001234,673ef5fdc203d8a151001234
611,673ef5fd7bccfde771001234,673ef5fdac1dd209cb001234
612,673ef5fda9eb812238001234,673ef5fe6dd4e10e32001234
613,673ef5fdd38901788c001234,673ef5fe44a2e08049001234
614,673ef5fdb3ba8f1bee001234,673ef5fedb1915052d001234
615,673ef5fda9078e8653001234,673ef5fe6351bf9dce001234
616,673ef5fd1c65cef3df001234,673ef5fdf3f27a3247001234
617,673ef5fde1d5be1c7f001234,673ef5fe97275a23ca001234
618,673ef5fd5eac43aceb001234,673ef5fde94550c93c001234
619,673ef5fd905056c1ac001234,673ef5fdfb89705ae6001234
620,673ef5fde6d8545daa001234,673ef5fd57aeee35c9001234
621,673ef5fd838e8afb1c001234,673ef5fdc4ca4238a0001234
622,673ef5fda284df1155001234,673ef5fe2a084e55c8001234
623,673ef5fdb495ce63ed001234,673ef5fe70feb62b69001234
624,673ef5fdcd758e8f59001234,673ef5fe3eb71f6293001234
625,673ef5fdf4573fc71c001234,673ef5fd96da2f590c001234
626,673ef5fddc4c44f624001234,673ef5fedfce06801e001234
627,673ef5fd6c8dba7d0d001234,673ef5fef63f65b503001234
628,673ef5fd0ce2ffd21f001234,673ef5fd3644a684f9001234
629,673ef5fdc850371fda001234,673ef5fd38db3aed92001234
630,673ef5fd7810ccd41b001234,673ef5fec45008212f001234
631,673ef5fdf91e24dfe8001234,673ef5fe1abb1e1ea5001234
632,673ef5fdd759175de8001234,673ef5fd185e65bc40001234
633,673ef5fdab1a4d0dd4001234,673ef5fea14ac55a4f001234
634,673ef5fd995665640d001234,673ef5fd93db85ed90001234
635,673ef5fdd94e18a8ad001234,673ef5fd2b8a61594b001234
636,673ef5fd944bdd9636001234,673ef5fd539fd53b59001234
637,673ef5fd4079016d94001234,673ef5fdfa7cdfad1a001234
638,673ef5fd0829424ffa001234,673ef5fdeddea82ad2001234
639,673ef5fd70222949cc001234,673ef5fef670ef5d2d001234
640,673ef5fd459a4ddcb5001234,673ef5fe4edaa105d5001234
641,673ef5fd7c82fab8c8001234,673ef5fe4921f95baf001234
642,673ef5fd2812e5cf6d001234,673ef5fe210f760a89001234
643,673ef5fda51fb97522001234,673ef5fe2a084e55c8001234
644,673ef5fda0833c8a18001234,673ef5fe7fb8ceb3bd001234
645,673ef5fd6f3e29a352001234,673ef5fe54f5f4071f001234
646,673ef5fd2df45244f0001234,673ef5fd5e388103a3001234
647,673ef5fd996009f237001234,673ef5fe32b30a250a001234
648,673ef5fd5caf41d623001234,673ef5fdca46c1b951001234
649,673ef5fdfd5c905bcd001234,673ef5fd8216124282001234
650,673ef5fdf93882cbd8001234,673ef5fd428fca9bc1001234
651,673ef5fdf29b38f160001234,673ef5fe158fc2ddd5001234
652,673ef5fd50905d7b22001234,673ef5fe372d3f309f001234
653,673ef5fddfd7468ac6001234,673ef5fe43fa7f58b7001234
654,673ef5fd2a50e9c2d6001234,673ef5fe46771d1f43001234
655,673ef5fdbb7946e7d8001234,673ef5fe7fec306d1e001234
656,673ef5fd3546ab441e001234,673ef5fdeba0dc302b001234
657,673ef5fdc70daf2479001234,673ef5fe7302e3f5e7001234
658,673ef5fd4c22bd4448001234,673ef5fef09696910b001234
659,673ef5fdfe51510c80001234,673ef5fe3e15cc11f9001234
660,673ef5fde077e1a544001234,673ef5fed72fbbccd9001234
661,673ef5fdff49cc40a8001234,673ef5fe56352739f5001234
662,673ef5fd9cb67ffb59001234,673ef5fe38ca89564b001234
663,673ef5fde48e132073001234,673ef5fea0e2a2c563001234
664,673ef5fd5e1b18c4c6001234,673ef5fda0a080f42e001234
665,673ef5fd86109d400f001234,673ef5fe5fa9e41bfe001234
666,673ef5fd0e55666a4a001234,673ef5fed94e18a8ad001234
667,673ef5fdc73dfe6c63001234,673ef5fe728f206c2a001234
668,673ef5fdbcc0d40028001234,673ef5fd13f3cf8c53001234
669,673ef5fd3e313b9bad001234,673ef5fe231141b34c001234
670,673ef5fd8b0dc65f99001234,673ef5fd98f1370821001234
671,673ef5fdaf47327116001234,673ef5fd53c3bce66e001234
672,673ef5fd8d3369c4c0001234,673ef5fda5771bce93001234
673,673ef5fdfb508ef074001234,673ef5fda684eceee7001234
674,673ef5fda9be4c2a40001234,673ef5fd5e388103a3001234
675,673ef5fd9683cc5f89001234,673ef5fd68264bdb65001234
676,673ef5fdeffc299a1a001234,673ef5fe7c9d0b1f96001234
677,673ef5fdcf1f78fe92001234,673ef5fdd4c2e4a329001234
678,673ef5fd70feb62b69001234,673ef5fe3d863b367a001234
679,673ef5fd79a49b3e37001234,673ef5fe93fb9d4b16001234
680,673ef5fd8d9a0adb7c001234,673ef5fdedfbe1afcf001234
681,673ef5fdd82118376d001234,673ef5fef80bf05527001234
682,673ef5fd5ca3e9b122001234,673ef5fe4e8412ad48001234
683,673ef5fd363763e5c3001234,673ef5fe2a9d121cd9001234
684,673ef5fd0c0a756691001234,673ef5fdc410003ef1001234
685,673ef5fd359f38463d001234,673ef5fdd96409bf89001234
686,673ef5fdc082681963001234,673ef5fe489d0396e6001234
687,673ef5fdad3019b856001234,673ef5fdabd815286b001234
688,673ef5fdf0dd4a99fb001234,673ef5fd839ab46820001234
689,673ef5fdb7087c1f4f001234,673ef5fe81e74d6785001234
690,673ef5fd46771d1f43001234,673ef5fe24146db4eb001234
691,673ef5fd7b5b23f4aa001234,673ef5fdfbd7939d67001234
692,673ef5fd54072f485c001234,673ef5fefa1e9c9653001234
693,673ef5fd0e4e946668001234,673ef5fe6aab127066001234
694,673ef5fd7a674153c6001234,673ef5fe4e87337f36001234
695,673ef5fd23ad3e314e001234,673ef5fda516a87cfc001234
696,673ef5fd9a1756fd0c001234,673ef5fe7d6044e95a001234
697,673ef5fd90db9da4fc001234,673ef5fd2b24d49505001234
698,673ef5fd9aa42b3188001234,673ef5fd705f217283001234
699,673ef5fd970af30e48001234,673ef5fdf5deaeeae1001234
700,673ef5fd56352739f5001234,673ef5fec0d0e461de001234
701,673ef5fda8f8f60264001234,673ef5fd854d6fae5e001234
702,673ef5fddb6ebd0566001234,673ef5fd202cb962ac001234
703,673ef5fdb197ffdef2001234,673ef5fed1e946f4e6001234
704,673ef5fdf69e505b08001234,673ef5fd82cec96096001234
705,673ef5fdafe434653a001234,673ef5fec54e7837e0001234
706,673ef5fdb265ce60fe001234,673ef5fe210f760a89001234
707,673ef5fd8fb21ee7a2001234,673ef5fdfb7b9ffa54001234
708,673ef5fdc930eecd01001234,673ef5fd013d407166001234
709,673ef5fde94f63f579001234,673ef5febf201d5407001234
710,673ef5fdc5cc17e395001234,673ef5fe158fc2ddd5001234
711,673ef5fd80a8155eb1001234,673ef5fee8fd4a8a5b001234
712,673ef5fd6786f3c62f001234,673ef5fe7dd0240cd4001234
713,673ef5fd3bbfdde884001234,673ef5fefe709c654e001234
714,673ef5fd0a1bf96b71001234,673ef5fdc0e190d826001234
715,673ef5fd01d8bae291001234,673ef5fd2ca65f58e3001234
716,673ef5fd4dcae38ee1001234,673ef5fe9a3d458322001234
717,673ef5fd07042ac7d0001234,673ef5fe29921001f2001234
718,673ef5fd95151403b0001234,673ef5fe6a61d423d0001234
719,673ef5fdc913303f39001234,673ef5fd44f683a841001234
720,673ef5fdcec6f62cfb001234,673ef5fdf2fc990265001234
721,673ef5fd991de292e7001234,673ef5fd2f2b265625001234
722,673ef5fddaa96d9681001234,673ef5fd642e92efb7001234
723,673ef5fdac796a52db001234,673ef5fe97275a23ca001234
724,673ef5fd7d6044e95a001234,673ef5fea113c1ecd3001234
725,673ef5fd571d3a9420001234,673ef5fe2ba8698b79001234
726,673ef5fd78b9cab199001234,673ef5fe92977ae4d2001234
727,673ef5fddc09c97fd7001234,673ef5fde70611883d001234
728,673ef5fde816c635ca001234,673ef5fdfde9264cf3001234
729,673ef5fd4e8412ad48001234,673ef5fea9eb812238001234
730,673ef5fdbffc98347e001234,673ef5fee22312179b001234
731,673ef5fd7fb8ceb3bd001234,673ef5fee60e81c4cb001234
732,673ef5fd86df7dcfd8001234,673ef5fdf85454e827001234
733,673ef5fdf187a23c3e001234,673ef5fe22ac3c5a5b001234
734,673ef5fd226d1f15ec001234,673ef5fedc5689792e001234
735,673ef5fd1714726c81001234,673ef5fe8a146f1a3d001234
736,673ef5fdfa1e9c9653001234,673ef5fd9f61408e3a001234
737,673ef5fd1415db70fe001234,673ef5fef9be311e65001234
738,673ef5fd55c567fd43001234,673ef5fda733fa9b25001234
739,673ef5fd6490791e7a001234,673ef5fec70daf2479001234
740,673ef5fdcfa5301358001234,673ef5fe2de5d16682001234
741,673ef5fd77f959f119001234,673ef5fe7a6a74cbe8001234
742,673ef5fd0c9ebb2ded001234,673ef5fdf7664060cc001234
743,673ef5fdb5488aeff4001234,673ef5fefd2c5e4680001234
744,673ef5fd4dcf435435001234,673ef5fdbc6dc48b74001234
745,673ef5fd1cd3882394001234,673ef5fed91d1b4d82001234
746,673ef5fdebb7104545001234,673ef5fd5ef059938b001234
747,673ef5fd0f3d014eea001234,673ef5fd7cbbc409ec001234
748,673ef5fd83f2550373001234,673ef5fd758874998f001234
749,673ef5fd81c8727c62001234,673ef5fe03e7d2ebec001234
750,673ef5fd253f7b5d92001234,673ef5fe69d1fc78db001234
751,673ef5fd3fb451ca2e001234,673ef5feeffc299a1a001234
752,673ef5fddf12ecd077001234,673ef5fee9fd7c2c66001234
753,673ef5fde60e81c4cb001234,673ef5fd087408522c001234
754,673ef5fd5cce8dede8001234,673ef5fe0ce2ffd21f001234
755,673ef5fdaa486f2517001234,673ef5fe242c100dc9001234
756,673ef5fdcb8acb1dc9001234,673ef5fefb8feff253001234
757,673ef5fd99adff4569001234,673ef5fd69adc1e107001234
758,673ef5fd0804083708001234,673ef5fdabd815286b001234
759,673ef5fd748ba69d3e001234,673ef5fdb5b41fac03001234
760,673ef5fd17e23e50be001234,673ef5fee94f63f579001234
761,673ef5fdcda72177eb001234,673ef5fe708f3cf810001234
762,673ef5fd819c9fbfb0001234,673ef5fedd8eb9f23f001234
763,673ef5fd89ae0fe22c001234,673ef5fef69e505b08001234
764,673ef5fd204da255ae001234,673ef5fdba2fd310dc001234
765,673ef5fd6b8eba4355001234,673ef5fecefab442b1001234
766,673ef5fd4e6cd95227001234,673ef5fe6dd4e10e32001234
767,673ef5fd18ead4c77c001234,673ef5fd6512bd43d9001234
768,673ef5fdb2dd140336001234,673ef5fed707329bec001234
769,673ef5fd29921001f2001234,673ef5fdfa7cdfad1a001234
770,673ef5fd92af93f73f001234,673ef5fefe7ee8fc19001234
771,673ef5fdfacf9f743b001234,673ef5fe64223ccf70001234
772,673ef5fdd961e9f236001234,673ef5fe5705e1164a001234
773,673ef5fdbe53ee6110001234,673ef5fef337d999d9001234
774,673ef5fd18d10dc6e6001234,673ef5fe7143d7fbad001234
775,673ef5fd7949e45600001234,673ef5fd4ea06fbc83001234
776,673ef5fd452bf208bf001234,673ef5fe8c249675ae001234
777,673ef5fda1afc58c6c001234,673ef5fe24146db4eb001234
778,673ef5fd0d4f4805c3001234,673ef5fd045117b0e0001234
779,673ef5fd70efba66d3001234,673ef5fea588a6199f001234
780,673ef5fdaf5afd7f7c001234,673ef5fe8248a99e81001234
781,673ef5fd7e1d842d0f001234,673ef5fdacc3e04046001234
782,673ef5fddc5c768b5d001234,673ef5fefc49306d97001234
783,673ef5fdb710915795001234,673ef5fe962e56a8a0001234
784,673ef5fd076023edc9001234,673ef5fde836d813fd001234
785,673ef5fd277281aada001234,673ef5fea8240cb823001234
786,673ef5fd228499b553001234,673ef5fd0f96613235001234
787,673ef5fd49af6c4e55001234,673ef5fee06f967fb0001234
788,673ef5fdbcb41ccdc4001234,673ef5fea1d50185e7001234
789,673ef5fd5129a5ddcd001234,673ef5fed2cdf047a6001234
790,673ef5fdd72fbbccd9001234,673ef5fdb53b3a3d6a001234
791,673ef5fd06a81a4fb9001234,673ef5fdd490d7b457001234
792,673ef5fd0ebcc77dc7001234,673ef5fe73e0f7487b001234
793,673ef5fdd88518acbc001234,673ef5fd39059724f7001234
794,673ef5fd309fee4e54001234,673ef5fd19ca14e7ea001234
795,673ef5fdc559da2ba9001234,673ef5fea8e864d04c001234
796,673ef5fdf3173935ed001234,673ef5fdb83aac23b9001234
797,673ef5fdfaafda6620001234,673ef5feb706835de7001234
798,673ef5fda14ac55a4f001234,673ef5fd00411460f7001234
799,673ef5fd7a6a74cbe8001234,673ef5fdc9f0f895fb001234
800,673ef5fde9fd7c2c66001234,673ef5fedb2b418215001234
801,673ef5fd962e56a8a0001234,673ef5fe82489c9737001234
802,673ef5fdf60bb6bb4c001234,673ef5feb56a18e0ea001234
803,673ef5fdfc528592c3001234,673ef5fe0d0871f080001234
804,673ef5fd9327969053001234,673ef5feb571ecea16001234
805,673ef5fda981f2b708001234,673ef5fd1a5b1e4daa001234
806,673ef5fd97d0145823001234,673ef5fd185e65bc40001234
807,673ef5fdefb76cff97001234,673ef5fe3eb71f6293001234
808,673ef5fd5c50b4df4b001234,673ef5fea7d8ae4569001234
809,673ef5fd46031b3d04001234,673ef5fee06f967fb0001234
810,673ef5fd0771fc6f0f001234,673ef5fd69421f0324001234
811,673ef5fd21fe5b8ba7001234,673ef5fe0ebcc77dc7001234
812,673ef5fd42a3964579001234,673ef5fea3545bd79d001234
813,673ef5fd1c54985e4f001234,673ef5fda5bfc9e079001234
814,673ef5fd3c1e4bd671001234,673ef5fd735b90b456001234
815,673ef5fd84f0f20482001234,673ef5fe0a0a0c8aaa001234
816,673ef5fd10c272d067001234,673ef5fd07e1cd7dca001234
817,673ef5fdc1fea270c4001234,673ef5fea34bacf839001234
818,673ef5fde4873aa9a0001234,673ef5fe748ba69d3e001234
819,673ef5fd7437d13677001234,673ef5fde5841df216001234
820,673ef5fd96de2547f4001234,673ef5fec3e0c62ee9001234
821,673ef5fd973a5f0ccb001234,673ef5fed282ef2637001234
822,673ef5fd207f88018f001234,673ef5fefc4ddc15f9001234
823,673ef5fd9d2682367c001234,673ef5fef3144cefe8001234
824,673ef5fdcc42acc8ce001234,673ef5fd0584ce565c001234
825,673ef5fde1696007be001234,673ef5fdd840cc5d90001234
826,673ef5fd7d12b66d3d001234,673ef5fee1696007be001234
827,673ef5fdb2531e7bb2001234,673ef5fe3948ead63a001234
828,673ef5fde449b9317d001234,673ef5fded265bc903001234
829,673ef5fde8d92f99ed001234,673ef5fef0adc8838f001234
830,673ef5fd158fc2ddd5001234,673ef5fd49182f81e6001234
831,673ef5fdcdf1035c34001234,673ef5fd35051070e5001234
832,673ef5fda0f3601dc6001234,673ef5fec44799b04a001234
833,673ef5fd757f843a16001234,673ef5feda11e8cd18001234
834,673ef5fd64f1f27bf1001234,673ef5fe11d0e62872001234
835,673ef5fd11d0e62872001234,673ef5fe3e15cc11f9001234
836,673ef5fdfddd7938a7001234,673ef5fe82cadb0649001234
837,673ef5fd5d79099fcd001234,673ef5fd2723d092b6001234
838,673ef5fd7fea637fd6001234,673ef5fef337d999d9001234
839,673ef5fd7c4ede33a6001234,673ef5fef3144cefe8001234
840,673ef5fd8303a79b1e001234,673ef5fee6cb2a3c14001234
841,673ef5fd4921f95baf001234,673ef5fe4e0cb6fb5f001234
842,673ef5fd26751be118001234,673ef5fd3d2d8ccb37001234
843,673ef5fde721a54a8c001234,673ef5fe82489c9737001234
844,673ef5fd673271cc47001234,673ef5fd20f07591c6001234
845,673ef5fd9fe97fff97001234,673ef5fd9188905e74001234
846,673ef5fdef2a4be547001234,673ef5fed5c186983b001234
847,673ef5fd375c71349b001234,673ef5fd88ae6372cf001234
848,673ef5fda588a6199f001234,673ef5fe4921f95baf001234
849,673ef5fd8bb88f80d3001234,673ef5fd6a10bbd480001234
850,673ef5fd5a142a5546001234,673ef5fdfe73f687e5001234
851,673ef5fd0efbe98067001234,673ef5fdc9f0f895fb001234
852,673ef5fdfc6709bfdf001234,673ef5fe0e095e054e001234
853,673ef5fdf3144cefe8001234,673ef5fe7e9e346dc5001234
854,673ef5fd28dc6b0e1b001234,673ef5fe2290a7385e001234
855,673ef5fd25e2a30f44001234,673ef5fd8df707a948001234
856,673ef5fd70ece1e1e0001234,673ef5fd53fde96fcc001234
857,673ef5fd84c6494d30001234,673ef5fec6036a69be001234
858,673ef5fd752d25a1f8001234,673ef5fe3bf55bbad3001234
859,673ef5fdb3b43aeeac001234,673ef5fd08c5433a60001234
860,673ef5fd955a1584af001234,673ef5fe0ed9422357001234
861,673ef5fd97d9811903001234,673ef5fe86e8f7ab32001234
862,673ef5fdfc9b003bb0001234,673ef5fe01d8bae291001234
863,673ef5fda63fc8c5d9001234,673ef5fd40008b9a53001234
864,673ef5fdd8d31bd778001234,673ef5fea2137a2ae8001234
865,673ef5fdcefab442b1001234,673ef5fdeda80a3d5b001234
866,673ef5fd2612aa892d001234,673ef5fe6e7d2da6d3001234
867,673ef5fd94e4451ad2001234,673ef5fe07871915a8001234
868,673ef5fd8698ff9211001234,673ef5fec850371fda001234
869,673ef5fde8fd4a8a5b001234,673ef5fe602d130567001234
870,673ef5fddb29450c3f001234,673ef5fe7137debd45001234
871,673ef5fd7eb7eabbe9001234,673ef5fe49b8b4f95f001234
872,673ef5fde5a4d6bf33001234,673ef5fe52947e0ade001234
873,673ef5fd4abe17a1c8001234,673ef5fd07a96b1f61001234
874,673ef5fdf0bda020d2001234,673ef5fec44799b04a001234
875,673ef5fd36d7534290001234,673ef5fd3cf166c6b7001234
876,673ef5fdf63f65b503001234,673ef5fe52947e0ade001234
877,673ef5fd4a2ddf148c001234,673ef5fea34bacf839001234
878,673ef5fd393c55aea7001234,673ef5fd6da9003b74001234
879,673ef5fd6449f44a10001234,673ef5fe043c3d7e48001234
880,673ef5fdecd62de20e001234,673ef5fd884d247c6f001234
881,673ef5fdd25414405e001234,673ef5fec164bbc9d6001234
882,673ef5fd052335232b001234,673ef5fd46ba9f2a69001234
883,673ef5fdc8cbd669cf001234,673ef5fef5c3dd7514001234
884,673ef5fd59e0b2658e001234,673ef5fe1f71e393b3001234
885,673ef5fd0731460a8a001234,673ef5fe9908279ebb001234
886,673ef5fd90599c8fdd001234,673ef5fde4da3b7fbb001234
887,673ef5fd8d9fc2308c001234,673ef5feaeb3135b43001234
888,673ef5fd0533a88890001234,673ef5fd182be0c5cd001234
889,673ef5fdf39ae9ff3a001234,673ef5fefd2c5e4680001234
890,673ef5fddc40b7120e001234,673ef5fef7f580e11d001234
891,673ef5fd90e1357833001234,673ef5fd2468192842001234
892,673ef5fd7ffd85d93a001234,673ef5fe540ae6b0f6001234
893,673ef5fdd1e946f4e6001234,673ef5fefa3a3c407f001234
894,673ef5fd1f1baa5b8e001234,673ef5fec70daf2479001234
895,673ef5fd6e79ed05ba001234,673ef5fd5e388103a3001234
896,673ef5fd5b6ba13f79001234,673ef5fe17c3433fec001234
897,673ef5fdf542eae194001234,673ef5fe4b6538a44a001234
898,673ef5fdf0bbac6fa0001234,673ef5fd66f041e16a001234
899,673ef5fdfaacbcd5bf001234,673ef5fd0f28b5d49b001234
900,673ef5fdf2d887e01a001234,673ef5feb706835de7001234
901,673ef5fd596dedf449001234,673ef5fe46771d1f43001234
902,673ef5fd0e087ec55d001234,673ef5fe6a5dfac4be001234
903,673ef5fded519dacc8001234,673ef5fda0a080f42e001234
904,673ef5fdf442d33fa0001234,673ef5fd18997733ec001234
905,673ef5fdfface8385a001234,673ef5fd0deb1c5481001234
906,673ef5fd4496bf24af001234,673ef5fea26398dca6001234
907,673ef5fd069654d5ce001234,673ef5fe522a9ae9a9001234
908,673ef5fd61b1fb3f59001234,673ef5fd19ca14e7ea001234
909,673ef5fd9a1de01f89001234,673ef5fe0245952ecf001234
910,673ef5fdd757719ed7001234,673ef5fed860bd12ce001234
911,673ef5fddfce06801e001234,673ef5fe883e881bb4001234
912,673ef5fdf26dab9bf6001234,673ef5fd979d472a84001234
913,673ef5fdd765758305001234,673ef5fd30bb3825e8001234
914,673ef5fd4888241374001234,673ef5fe04df4d434d001234
915,673ef5fd59bcda7c43001234,673ef5fe2b3bf3eee2001234
916,673ef5fd82cadb0649001234,673ef5fd285e19f20b001234
917,673ef5fdcd63a3eec3001234,673ef5fe5bce843dd7001234
918,673ef5fd8c3039bd58001234,673ef5fea0833c8a18001234
919,673ef5fdff1418e8cc001234,673ef5feda0d1111d2001234
920,673ef5fd49ad23d1ec001234,673ef5feb865367fc4001234
921,673ef5fd6ae07dcb33001234,673ef5fe8bb88f80d3001234
922,673ef5fda3545bd79d001234,673ef5fee74c0d42b4001234
923,673ef5fdd7fd118e6f001234,673ef5fe65cc2c8205001234
924,673ef5fd537de305e9001234,673ef5fd28dd2c7955001234
925,673ef5fd96c5c28bec001234,673ef5feba9a56ce0a001234
926,673ef5fd4e87337f36001234,673ef5fe0d4f4805c3001234
927,673ef5fdd072677d21001234,673ef5fd6512bd43d9001234
928,673ef5fd69d1fc78db001234,673ef5fe3b712de481001234
929,673ef5fda19acd7d26001234,673ef5fdab233b682e001234
930,673ef5fdc164bbc9d6001234,673ef5fef7f580e11d001234
931,673ef5fd68c694de94001234,673ef5fe0768281a05001234
932,673ef5fdd305281faf001234,673ef5fe9a1de01f89001234
933,673ef5fdba9a56ce0a001234,673ef5fd19ca14e7ea001234
934,673ef5fd44a2e08049001234,673ef5fe8bb88f80d3001234
935,673ef5fd3214a6d842001234,673ef5fdf0e52b27a7001234
936,673ef5fdf0fcf351df001234,673ef5fe8248a99e81001234
937,673ef5fdd523773c6b001234,673ef5fe5d79099fcd001234
938,673ef5fdc366c2c97d001234,673ef5fd37693cfc74001234
939,673ef5fd2d1b2a5ff3001234,673ef5fd01161aaa0b001234
940,673ef5fd865dfbde8a001234,673ef5fe7d771e0e8f001234
941,673ef5fdca46033231001234,673ef5fe87ec2f4512001234
942,673ef5fd56f9f88906001234,673ef5feb3bbccd6c0001234
943,673ef5fd5fa9e41bfe001234,673ef5fe286674e308001234
944,673ef5fdaf3303f852001234,673ef5feb55ec28c52001234
945,673ef5fd11f524c3fb001234,673ef5feeb1e78328c001234
946,673ef5fdd54e99a6c0001234,673ef5fedf6d2338b2001234
947,673ef5fdfc4ddc15f9001234,673ef5fe9701a1c165001234
948,673ef5fdc91591a8d4001234,673ef5fe8fb21ee7a2001234
949,673ef5fd73e0f7487b001234,673ef5fd33e8075e99001234
950,673ef5fddea9ddb25c001234,673ef5fd2dea61eed4001234
951,673ef5fd77369e37b2001234,673ef5fddc912a253d001234
952,673ef5fdab73148878001234,673ef5fee9fd7c2c66001234
953,673ef5fdc44799b04a001234,673ef5feba9a56ce0a001234
954,673ef5fd07a4e20a7b001234,673ef5fd6aca97005c001234
955,673ef5fd65fc52ed8f001234,673ef5fea368b0de8b001234
956,673ef5fde74c0d42b4001234,673ef5fe66be31e4c4001234
957,673ef5fd333222170a001234,673ef5fe955a1584af001234
958,673ef5fd0950ca92a4001234,673ef5fd94f6d7e04a001234
959,673ef5fd5103c3584b001234,673ef5fe90794e3b05001234
960,673ef5fd5bce843dd7001234,673ef5fdeda80a3d5b001234
961,673ef5fd139f0874f2001234,673ef5fe798cebccb3001234
962,673ef5fd29530de214001234,673ef5fea941493eee001234
963,673ef5fd52d2752b15001234,673ef5fdb73ce398c3001234
964,673ef5fd8d55a249e6001234,673ef5fe3e313b9bad001234
965,673ef5fd11108a3dbf001234,673ef5fedb576a7d24001234
966,673ef5fd519c841559001234,673ef5fd46922a0880001234
967,673ef5fd2d00f43f07001234,673ef5fe54f5f4071f001234
968,673ef5fd1f71e393b3001234,673ef5fdfe9fc289c3001234
969,673ef5fd03e7d2ebec001234,673ef5fd149e9677a5001234
970,673ef5fde3408432c1001234,673ef5fe0188e8b8b0001234
971,673ef5fdd77f00766f001234,673ef5feafe434653a001234
972,673ef5fde4dd5528f7001234,673ef5fe991de292e7001234
973,673ef5fdf106b7f99d001234,673ef5fde56954b4f6001234
974,673ef5fd95f6870ff3001234,673ef5fd3ef815416f001234
975,673ef5fdd46e1fcf4c001234,673ef5feaf21d0c97d001234
976,673ef5fd3683af9d6f001234,673ef5fee11943a603001234
977,673ef5fd98c7242894001234,673ef5fd8613985ec4001234
978,673ef5fddeb54ffb41001234,673ef5feab541d874c001234
979,673ef5fd7d2b92b672001234,673ef5fec5a4e7e688001234
980,673ef5fd4afd521d77001234,673ef5fea14ac55a4f001234
981,673ef5fd798cebccb3001234,673ef5fd647bba3443001234
982,673ef5fd1f36c15d6a001234,673ef5fe0ebcc77dc7001234
983,673ef5fd9d7311ba45001234,673ef5fe6e79ed05ba001234
984,673ef5fddc513ea4fb001234,673ef5fe704afe0739001234
985,673ef5fd008bd5ad93001234,673ef5fe0e4e946668001234
986,673ef5fd6351bf9dce001234,673ef5fd66368270ff001234
987,673ef5fd06964dce9a001234,673ef5fe5ca3e9b122001234
988,673ef5fdc5b2cebf15001234,673ef5fe89f03f7d02001234
989,673ef5fd5ec829debe001234,673ef5fe831c2f88a6001234
990,673ef5fd08f90c1a41001234,673ef5fe155fa09596001234
991,673ef5fdd0fb963ff9001234,673ef5feb7087c1f4f001234
992,673ef5fdd47268e9db001234,673ef5fedabd8d2ce7001234
993,673ef5fdea5a486c71001234,673ef5fe7c4ede33a6001234
994,673ef5fda00e5eb097001234,673ef5fe8b6dd7db9a001234
995,673ef5fdef8446f355001234,673ef5fe55b1927fda001234
996,673ef5fdd7a84628c0001234,673ef5fe95d309f0b0001234
997,673ef5fd253614bbac001234,673ef5fd16a5cdae36001234
998,673ef5fd8038da89e4001234,673ef5fee53a0a2978001234
999,673ef5fd65d2ea0342001234,673ef5fd3cf166c6b7001234
1000,673ef5fd8d8818c8e1001234,673ef5fe1e056d2b0e001234
1001,673ef5fd84ddfb3412001234,673ef5fe3a20f62a0a001234
1002,673ef5fdea6b2efbdd001234,673ef5fda4a042cf4f001234
1003,673ef5fd7b7a53e239001234,673ef5fe0609154fa3001234
1004,673ef5fd3a824154b1001234,673ef5fef0adc8838f001234
1005,673ef5fd5531a58348001234,673ef5fe02a32ad266001234
1006,673ef5fd07811dc6c4001234,673ef5fea3545bd79d001234
1007,673ef5fdc92a103243001234,673ef5fef9a40a4780001234
1008,673ef5fdd860edd1dd001234,673ef5fe41bfd20a38001234
1009,673ef5fd88ef51f0bf001234,673ef5fdf457c545a9001234
1010,673ef5fd5352696a9c001234,673ef5fe7940ab4746001234
1011,673ef5fdd198bd736a001234,673ef5fea284df1155001234
1012,673ef5fd2b0f658cbf001234,673ef5fec366c2c97d001234
1013,673ef5fd23d2e15785001234,673ef5fee325107555001234
1014,673ef5fd89885ff2c8001234,673ef5fd1679091c5a001234
1015,673ef5fdd8330f857a001234,673ef5fd158f3069a4001234
1016,673ef5fd0189caa552001234,673ef5fdd18f655c3f001234
1017,673ef5fd06b1338ba0001234,673ef5fd10a7cdd970001234
1018,673ef5fdaebf7782a3001234,673ef5fdccb0989662001234
1019,673ef5fda9813e9550001234,673ef5fe02f039058b001234
1020,673ef5fd584b98aac2001234,673ef5fe766d856ef1001234
1021,673ef5fdf3e52c300b001234,673ef5fd7f1171a78c001234
1022,673ef5fd9afefc5294001234,673ef5fd8e296a067a001234
1023,673ef5fda96d3afec1001234,673ef5fd698d51a19d001234
1024,673ef5fd52dbb0686f001234,673ef5fd06eb61b839001234
1025,673ef5fd2d405b3671001234,673ef5fedf12ecd077001234
1026,673ef5fdf8bf09f5fc001234,673ef5fee9fd7c2c66001234
1027,673ef5fd0ae3f79a30001234,673ef5fec3395dd46c001234
1028,673ef5fd6f4920ea25001234,673ef5fefd2c5e4680001234
1029,673ef5fdfb2e203234001234,673ef5fd18d8042386001234
1030,673ef5fd1f4fe6a441001234,673ef5fe430c3626b8001234
1031,673ef5fd6492d38d73001234,673ef5fea4d2f0d23d001234
1032,673ef5fd654ad60ebd001234,673ef5fd4c27cea852001234
1033,673ef5fd0070d23b06001234,673ef5fe6351bf9dce001234
1034,673ef5fd3e9e39fed3001234,673ef5fe1c1d4df596001234
1035,673ef5fda088ea2078001234,673ef5fe8f7d807e1f001234
1036,673ef5fd4d6b3e38b9001234,673ef5fef47d0ad31c001234
1037,673ef5fdbf424cb7b0001234,673ef5fe23ad3e314e001234
1038,673ef5fd26f5bd4aa6001234,673ef5fd758874998f001234
1039,673ef5fdb2ab001909001234,673ef5fedabd8d2ce7001234
1040,673ef5fd194cf6c2de001234,673ef5fe8f468c873a001234
1041,673ef5fda03fa30821001234,673ef5fd28f0b86459001234
1042,673ef5fd978d76676f001234,673ef5fdd5cfead94f001234
1043,673ef5fd2cad8fa47b001234,673ef5fdf5f8590cd5001234
1044,673ef5fdc5866e93ca001234,673ef5fe8f468c873a001234
1045,673ef5fde7e2367048001234,673ef5fecbb6a3b884001234
1046,673ef5fd24f0d2c904001234,673ef5fd8f121ce07d001234
1047,673ef5fdc6335734db001234,673ef5fdd82c8d1619001234
1048,673ef5fd05546b0e38001234,673ef5fe7302e3f5e7001234
1049,673ef5fd1a0a283bfe001234,673ef5fe5c50b4df4b001234
1050,673ef5fd51174add1c001234,673ef5fdacc3e04046001234
1051,673ef5fdbdc4626aa1001234,673ef5fe65cc2c8205001234
1052,673ef5fd4ba3c163cd001234,673ef5fe7c82fab8c8001234
1053,673ef5fd3937230de3001234,673ef5fd3b8a614226001234
1054,673ef5fd1b5230e3ea001234,673ef5fea0f3601dc6001234
1055,673ef5fdabdbeb4d8d001234,673ef5fec2626d850c001234
1056,673ef5fd5a1e3a5aed001234,673ef5fe14d9e8007c001234
1057,673ef5fdef41d48875001234,673ef5fe1efa39bcae001234
1058,673ef5fd3b92d18aa7001234,673ef5fdb337e84de8001234
1059,673ef5fd5227b6aaf2001234,673ef5fe9a4400501f001234
1060,673ef5fdbd5af7cd92001234,673ef5fec44799b04a001234
1061,673ef5fdcd4bb35c75001234,673ef5fd0d7de1aca9001234
1062,673ef5fdf15d337c70001234,673ef5fe6f2688a5fc001234
1063,673ef5fda869ccbcbd001234,673ef5fe359f38463d001234
1064,673ef5fdf6e794a75c001234,673ef5feb86e8d03fe001234
1065,673ef5fdc902b497eb001234,673ef5fe84d2004bf2001234
1066,673ef5fdfca0789e78001234,673ef5fe4fa53be91b001234
1067,673ef5fd4e62e752ae001234,673ef5fdeb6fdc36b2001234
1068,673ef5fd1943102704001234,673ef5fee11943a603001234
1069,673ef5fd2a34abd6eb001234,673ef5fe01882513d5001234
1070,673ef5fd9f44e956e3001234,673ef5fea284df1155001234
1071,673ef5fd7dc1c7653a001234,673ef5fe0004d0b59e001234
1072,673ef5fdc182f930a0001234,673ef5fd6855456e2f001234
1073,673ef5fd0d73a25092001234,673ef5fe7ffd85d93a001234
1074,673ef5fd24917db15c001234,673ef5fdbeed13602b001234
1075,673ef5fda381c2c35c001234,673ef5fe84438b7aae001234
1076,673ef5fdee26fc66b1001234,673ef5fe215a71a127001234
1077,673ef5fdd542599794001234,673ef5fe2812e5cf6d001234
1078,673ef5fd1819932ff5001234,673ef5fde6b4b2a746001234
1079,673ef5fd333ac5d908001234,673ef5fea1afc58c6c001234
1080,673ef5fd6e5025ccc7001234,673ef5fed88518acbc001234
1081,673ef5fdc3e4035af2001234,673ef5fed523773c6b001234
1082,673ef5fd8929c70f8d001234,673ef5fe28267ab848001234
1083,673ef5fd2596a54cdb001234,673ef5fd1c383cd30b001234
1084,673ef5fd88a839f2f6001234,673ef5fd8eefcfdf59001234
1085,673ef5fd9978b7063e001234,673ef5fe309fee4e54001234
1086,673ef5fd7bc1ec1d9c001234,673ef5fe298923c819001234
1087,673ef5fdd1a21da7bc001234,673ef5feeffc299a1a001234
1088,673ef5fdbb1662b7c5001234,673ef5fd258be18e31001234
1089,673ef5fd00a03ec653001234,673ef5fe5eac43aceb001234
1090,673ef5fdf12ee9734e001234,673ef5fe2cfd456053001234
1091,673ef5fd81b3833e25001234,673ef5fe838e8afb1c001234
1092,673ef5fde2ad76f232001234,673ef5fe03e0704b56001234
1093,673ef5fd1c6a019817001234,673ef5fec44e503833001234
1094,673ef5fd0a87257e53001234,673ef5fe792c7b5aae001234
1095,673ef5fd71560ce98c001234,673ef5fdb5b41fac03001234
1096,673ef5fd8c5f6ecd29001234,673ef5fe3b712de481001234
1097,673ef5fd25db67c565001234,673ef5fe1141938ba2001234
1098,673ef5fdea119a40c1001234,673ef5fd43ec517d68001234
1099,673ef5fd6832a7b24b001234,673ef5fe0533a88890001234
1100,673ef5fd5249ee8e0c001234,673ef5fd67f7fb873e001234
1101,673ef5fde45823afe1001234,673ef5fe84c6494d30001234
1102,673ef5fddd28e50635001234,673ef5fdb73dfe25b4001234
1103,673ef5fd2d969e2cee001234,673ef5fd5f93f98352001234
1104,673ef5fd4b4edc2630001234,673ef5fec8fbbc86ab001234
1105,673ef5fd06d5ae105e001234,673ef5fe3546ab441e001234
1106,673ef5fdfea9c11c4a001234,673ef5fdb3967a0e93001234
1107,673ef5fdcd3afef9b8001234,673ef5fef57a2f557b001234
1108,673ef5fd1368ba1ab6001234,673ef5feacab0116c3001234
1109,673ef5fd01894d6f04001234,673ef5fed8d31bd778001234
1110,673ef5fdf3d9de8646001234,673ef5fefc2c7c47b9001234
1111,673ef5fd02e656adee001234,673ef5fe491442df5f001234
1112,673ef5fd5938b4d054001234,673ef5fd084b6fbb10001234
1113,673ef5fdb5c0150304001234,673ef5fe490640b435001234
1114,673ef5fdb0df2270be001234,673ef5fec91591a8d4001234
1115,673ef5fdd2a27e83d4001234,673ef5feee8374ec4e001234
1116,673ef5fd8ca8da41fe001234,673ef5fe3cef96dcc9001234
1117,673ef5fdefdf562ce2001234,673ef5fe2de5d16682001234
1118,673ef5fd6cd9313ed3001234,673ef5fe3bf55bbad3001234
1119,673ef5fd329e6581ef001234,673ef5fe05311655a1001234
1120,673ef5fd2a8a812400001234,673ef5fefc6709bfdf001234
1121,673ef5fd653ac11ca6001234,673ef5fe894b77f805001234
1122,673ef5fdb0b79da57b001234,673ef5fea3545bd79d001234
1123,673ef5fd3dd9424294001234,673ef5fef50a6c02a3001234
1124,673ef5fdb166b57d19001234,673ef5fe359f38463d001234
1125,673ef5fd2952351097001234,673ef5fe4b6538a44a001234
1126,673ef5fdd4dd111a4f001234,673ef5fdcf004fdc76001234
1127,673ef5fdb6e32320fa001234,673ef5fed6723e7cd6001234
1128,673ef5fddf1f1d20ee001234,673ef5fe3e15cc11f9001234
1129,673ef5fd243facb295001234,673ef5fece78d1da25001234
1130,673ef5fdd5e2c0adad001234,673ef5feb265ce60fe001234
1131,673ef5fdce6c92303f001234,673ef5fdfb89705ae6001234
1132,673ef5fdf6c79f4af4001234,673ef5fd48aedb8880001234
1133,673ef5fdd6288499d0001234,673ef5fd65ded5353c001234
1134,673ef5fd2d3acd3e24001234,673ef5fd30ef30b642001234
1135,673ef5fd04ad563202001234,673ef5fdd645920e39001234
1136,673ef5fdccbd8ca962001234,673ef5feab1a4d0dd4001234
1137,673ef5fd66e8ba8216001234,673ef5fed58072be28001234
1138,673ef5fdcd0f74b595001234,673ef5fe6e79ed05ba001234
1139,673ef5fd074177d3eb001234,673ef5fefe8c15fed5001234
1140,673ef5fd6150ccc606001234,673ef5fe92af93f73f001234
1141,673ef5fdfe40fb944e001234,673ef5fe0a0a0c8aaa001234
1142,673ef5fdcc7e2b8788001234,673ef5fd0c74b7f784001234
1143,673ef5fd716e1b8c6c001234,673ef5fe81e5f81db7001234
1144,673ef5fdae1eaa32d1001234,673ef5fe96c5c28bec001234
1145,673ef5fd43351f7bf9001234,673ef5fe226d1f15ec001234
1146,673ef5fd1177967c79001234,673ef5fee56b06c51e001234
1147,673ef5fd98e6f17209001234,673ef5fdc9e1074f5b001234
1148,673ef5fd16026d60ff001234,673ef5fdaba3b6fd5d001234
1149,673ef5fd130f1a8e9e001234,673ef5fee1d5be1c7f001234
1150,673ef5fd3de568f859001234,673ef5fdc16a5320fa001234
1151,673ef5fd40b5f25a22001234,673ef5fec082681963001234
1152,673ef5fdffedf5be3a001234,673ef5fef63f65b503001234
1153,673ef5fdf976b57bb9001234,673ef5fdc042f4db68001234
1154,673ef5fd6211080fa8001234,673ef5fe0609154fa3001234
1155,673ef5fdf516dfb84b001234,673ef5fd08b255a5d4001234
1156,673ef5fd49c0b9d84c001234,673ef5feb3b4d2dbed001234
1157,673ef5fd69dafe8b58001234,673ef5fd53c3bce66e001234
1158,673ef5fdf3ac63c912001234,673ef5fe6c1da88682001234
1159,673ef5fddb9eeb7e67001234,673ef5fd40008b9a53001234
1160,673ef5fd88bfcf02e7001234,673ef5fdf457c545a9001234
1161,673ef5fd68d3098125001234,673ef5fec8c41c4a18001234
1162,673ef5fd426f990b33001234,673ef5fe6c8dba7d0d001234
1163,673ef5fda11f9e533f001234,673ef5fe05311655a1001234
1164,673ef5fda70dc40477001234,673ef5fe1efa39bcae001234
1165,673ef5fd228bbc2f87001234,673ef5fe3b3dbaf685001234
1166,673ef5fd6c97cd0766001234,673ef5fd9dcb88e013001234
1167,673ef5fdf1e2b2c925001234,673ef5fe8562ae5e28001234
1168,673ef5fd03255088ed001234,673ef5fefaafda6620001234
1169,673ef5fdfd69dbe29f001234,673ef5fea7d8ae4569001234
1170,673ef5fdbe53d253d6001234,673ef5fd7f100b7b36001234
1171,673ef5fd273448411d001234,673ef5fe7ffd85d93a001234
1172,673ef5fde77dbaf675001234,673ef5fd75fc093c0e001234
1173,673ef5fdf7e0b95654001234,673ef5fe9e3cfc48ec001234
1174,673ef5fd7e3b7a5baf001234,673ef5fe88a199611a001234
1175,673ef5fd7b4773c039001234,673ef5fe5caf41d623001234
1176,673ef5fda3eb043e7b001234,673ef5fedf9028fcb6001234
1177,673ef5fdb6cda17abb001234,673ef5fdbbf94b34eb001234
1178,673ef5fd35936504a3001234,673ef5fdbac9162b47001234
1179,673ef5fdc8dfece5cc001234,673ef5fe2ab56412b1001234
1180,673ef5fd2321994d85001234,673ef5feb2dd140336001234
1181,673ef5fd7cc532d783001234,673ef5fe6b8eba4355001234
1182,673ef5fdb239751766001234,673ef5fee11943a603001234
1183,673ef5fd70fcb77e63001234,673ef5fd49ae49a23f001234
1184,673ef5fd0abdc563a0001234,673ef5fe23ce185134001234
1185,673ef5fd92049debbe001234,673ef5fe4e9cec1f58001234
1186,673ef5fdd20be76a86001234,673ef5fe83fa5a432a001234
1187,673ef5fdd69116f8b0001234,673ef5fde2c0be2456001234
1188,673ef5fd794288f252001234,673ef5fe33ceb07bf4001234
1189,673ef5fdf7e2b2b75b001234,673ef5fd53e3a7161e001234
1190,673ef5fd9fb7b048c9001234,673ef5fea40511cad8001234
1191,673ef5fdab8aa05e78001234,673ef5fef0dd4a99fb001234
1192,673ef5fdca43108ded001234,673ef5feb8c37e33de001234
1193,673ef5fd0a65e195cb001234,673ef5fd99c5e07b4d001234
1194,673ef5fd4c5bcfec85001234,673ef5fe372d3f309f001234
1195,673ef5fd123b7f0243001234,673ef5fe22fb0cee7e001234
1196,673ef5fd6ee69d3769001234,673ef5fe43dd49b4fd001234
1197,673ef5fdadd217938e001234,673ef5fe41bfd20a38001234
1198,673ef5fdee8fe9093f001234,673ef5fedca5672ff3001234
1199,673ef5fd8b4224068a001234,673ef5fed240e3d38a001234
1200,673ef5fd999600eb27001234,673ef5fec913303f39001234
1201,673ef5fddcf6070a4a001234,673ef5fdd82c8d1619001234
1202,673ef5fd878d5691c8001234,673ef5fd68d30a9594001234
1203,673ef5fd565030e1fc001234,673ef5fefed33392d3001234
1204,673ef5fd959ef47788001234,673ef5fec4851e8e26001234
1205,673ef5fd4dd9cec1c2001234,673ef5fed707329bec001234
1206,673ef5fdbd7db7397f001234,673ef5fdcfcd208495001234
1207,673ef5fdb53477c282001234,673ef5fe242c100dc9001234
1208,673ef5fdb3f61131b6001234,673ef5fdddb30680a6001234
1209,673ef5fdddeebdeefd001234,673ef5fd357a6fdf76001234
1210,673ef5fdcb2c2041d9001234,673ef5fedb6ebd0566001234
1211,673ef5fd5dec707028001234,673ef5fd69421f0324001234
1212,673ef5fdac1ad983e0001234,673ef5fe49af6c4e55001234
1213,673ef5fddb60b95dec001234,673ef5fe92af93f73f001234
1214,673ef5fd020bf2c45e001234,673ef5fea223c6b371001234
1215,673ef5fdaf5d5ef248001234,673ef5fd44c4c17332001234
1216,673ef5fdc65d7bd70f001234,673ef5fedf0aab058c001234
1217,673ef5fda9365bd906001234,673ef5fd4f6ffe13a5001234
1218,673ef5fd0fe4733962001234,673ef5fed88518acbc001234
1219,673ef5fd24e27b869b001234,673ef5fef91e24dfe8001234
1220,673ef5fd2c3ddf4bf1001234,673ef5fe52c5189391001234
1221,673ef5fd49d4b2faeb001234,673ef5fea4d2f0d23d001234
1222,673ef5fd28b60a16b5001234,673ef5fe83cdcec08f001234
1223,673ef5fd8c9f32e03a001234,673ef5fd42e77b6363001234
1224,673ef5fd03e7ef47ce001234,673ef5fdb2eb734903001234
1225,673ef5fd7e05d6f828001234,673ef5fd996a7fa078001234
1226,673ef5fd8bdb505837001234,673ef5fe2bcab9d935001234
1227,673ef5fde9412ee564001234,673ef5fecd63a3eec3001234
1228,673ef5fdcf05968255001234,673ef5fe2a084e55c8001234
1229,673ef5fd70c445ee64001234,673ef5feb9141aff14001234
1230,673ef5fd1e0a84051e001234,673ef5fe9a1756fd0c001234
1231,673ef5fde82c4b19b8001234,673ef5fdc5ab0bc60a001234
1232,673ef5fd5e6bd7a697001234,673ef5fe8f1d43620b001234
1233,673ef5fdfec87a37cd001234,673ef5fd9b70e8fe62001234
1234,673ef5fdc8067ad193001234,673ef5fde49b8b4053001234
1235,673ef5fd4c8c76b39d001234,673ef5fe9ab0d88431001234
1236,673ef5fd1f34004ebc001234,673ef5fe0663a4ddce001234
1237,673ef5fd2c6ae45a3e001234,673ef5fe53adaf494d001234
1238,673ef5fd6a4cbdaedc001234,673ef5fe018b59ce1f001234
1239,673ef5fd3430095c57001234,673ef5fe537de305e9001234
1240,673ef5fdc30fb4dc55001234,673ef5fec4015b7f36001234
1241,673ef5fd9af76329c7001234,673ef5fec4b31ce7d9001234
1242,673ef5fdcd10c7f376001234,673ef5fdc75b6f114c001234
1243,673ef5fdf7696a9b36001234,673ef5fe65cc2c8205001234
1244,673ef5fd3f998e713a001234,673ef5fec4de8ced62001234
1245,673ef5fde71e5cd119001234,673ef5fdff4d5fbbaf001234
1246,673ef5fd8c1b6fa97c001234,673ef5fdddb30680a6001234
1247,673ef5fd8768280525001234,673ef5fd4734ba6f3d001234
1248,673ef5fd30aaf34d6a001234,673ef5fd698d51a19d001234
1249,673ef5fd4e0223a876001234,673ef5fd9766527f2b001234
1250,673ef5fd831caa1b60001234,673ef5fe2812e5cf6d001234
1251,673ef5fd84b20b1f5a001234,673ef5fe795c7a7a5e001234
1252,673ef5fdb06f50d1f8001234,673ef5fe6e79ed05ba001234
1253,673ef5fd8d09e4b85c001234,673ef5feb7892fb3c2001234
1254,673ef5fdc5dc3e0884001234,673ef5fe712a3c9878001234
1255,673ef5fd6ef80bb237001234,673ef5feb3ba8f1bee001234
1256,673ef5fd4a8423d5e9001234,673ef5fd9cf81d8026001234
1257,673ef5fd070dbb6024001234,673ef5fe90599c8fdd001234
1258,673ef5fd0d7363894a001234,673ef5fd7bcdf75ad2001234
1259,673ef5fd9407c826d8001234,673ef5feeaa32c96f6001234
1260,673ef5fd234833147b001234,673ef5fec6bff625bd001234
1261,673ef5fd55a988dfb0001234,673ef5fef29b38f160001234
1262,673ef5fd4de754248c001234,673ef5fe00e26af6ac001234
1263,673ef5fd40c48dab93001234,673ef5fdc203d8a151001234
1264,673ef5fdc3a690be93001234,673ef5fd6bc24fc1ab001234
1265,673ef5fd9d28de8ff9001234,673ef5fefaacbcd5bf001234
1266,673ef5fd0e4a2c65bd001234,673ef5fd0d3180d672001234
1267,673ef5fdb21f9f9882001234,673ef5feff7d0f525b001234
1268,673ef5fdd7619beb6e001234,673ef5fea5e0ff62be001234
1269,673ef5fd8c59fd6fbe001234,673ef5fd44f683a841001234
1270,673ef5fd1d94108e90001234,673ef5fdfde9264cf3001234
1271,673ef5fd1680829293001234,673ef5fe0e3a37aa85001234
1272,673ef5fdb5baa9c23a001234,673ef5feb7892fb3c2001234
1273,673ef5fdeb0ecdb070001234,673ef5fed961e9f236001234
1274,673ef5fd59eb5dd369001234,673ef5fd76dc611d6e001234
1275,673ef5fddbab2adc8f001234,673ef5fd00411460f7001234
1276,673ef5fd852c44ddce001234,673ef5fe8bb88f80d3001234
1277,673ef5fdc0e90532fb001234,673ef5fd74071a6733001234
1278,673ef5fd60519c3dd2001234,673ef5feaa169b49b5001234
1279,673ef5fd8f125da0b3001234,673ef5fe6709e8d64a001234
1280,673ef5fdfecf2c5501001234,673ef5feab2b41c638001234
1281,673ef5fd5b168fdba5001234,673ef5fddd45850574001234
1282,673ef5fd17b3c70617001234,673ef5fd04025959b1001234
1283,673ef5fd309a8e73b2001234,673ef5fefe70c36866001234
1284,673ef5fd36e729ec17001234,673ef5fdef0d3930a7001234
1285,673ef5fd7876acb666001234,673ef5fe021bbc7ee2001234
1286,673ef5fd978fce5bcc001234,673ef5fe81ca0262c8001234
1287,673ef5fd18bb68e2b3001234,673ef5fe1113d7a76f001234
1288,673ef5fd026a39ae63001234,673ef5feb571ecea16001234
1289,673ef5fdbd70364a8f001234,673ef5fd274ad4786c001234
1290,673ef5fded57844fa5001234,673ef5fda97da629b0001234
1291,673ef5fd4ebccfb3e3001234,673ef5feff49cc40a8001234
1292,673ef5fde02e27e04f001234,673ef5fd2838023a77001234
1293,673ef5fd6403675579001234,673ef5fdcd00692c3b001234
1294,673ef5fd880610aa9f001234,673ef5fe07042ac7d0001234
1295,673ef5fda431d70133001234,673ef5fd84117275be001234
1296,673ef5fdd756d3d2b9001234,673ef5fd99bcfcd754001234
1297,673ef5fd339a18def9001234,673ef5fda1d0c6e83f001234
1298,673ef5fd321cf86b4c001234,673ef5fd185c29dc24001234
1299,673ef5fd5df07ecf4c001234,673ef5fd52720e0035001234
1300,673ef5fd75e33da9b1001234,673ef5fe1f3202d820001234
1301,673ef5fd17f98ddf04001234,673ef5fdc0c7c76d30001234
1302,673ef5fdcc70903297001234,673ef5feba9a56ce0a001234
1303,673ef5fd06fe1c2345001234,673ef5fe405e289063001234
1304,673ef5fd6412fef873001234,673ef5fea67f096809001234
1305,673ef5fde354fd90b2001234,673ef5fd0353ab4cbe001234
1306,673ef5fd4de81d9105001234,673ef5fe3c947bc2f7001234
1307,673ef5fd8e065119c7001234,673ef5fd0cb929eae7001234
1308,673ef5fd8cff9bf669001234,673ef5fe83cdcec08f001234
1309,673ef5fde113bb92c6001234,673ef5fd33e8075e99001234
1310,673ef5fd75455e0629001234,673ef5feb139e10421001234
1311,673ef5fdc61fbef63d001234,673ef5fde2c420d928001234
1312,673ef5fdc60d870eaa001234,673ef5fe0b8aff0438001234
1313,673ef5fd09a5e2a11b001234,673ef5fd33e8075e99001234
1314,673ef5fd38181d991c001234,673ef5fe07871915a8001234
1315,673ef5fda7789ef88d001234,673ef5fd9188905e74001234
1316,673ef5fdf2e43fa340001234,673ef5fecd89fef7ff001234
1317,673ef5fd0b7e926154001234,673ef5fd26337353b7001234
1318,673ef5fd30f8f6b940001234,673ef5fd3a0772443a001234
1319,673ef5fdd8bf84be38001234,673ef5fe287e03db1d001234
1320,673ef5fd148260a1ce001234,673ef5fef7e9050c92001234
1321,673ef5fd0c215f1942001234,673ef5fec8c41c4a18001234
1322,673ef5fd217e342fc0001234,673ef5fe9c01802ddb001234
1323,673ef5fde0688d1395001234,673ef5fd5c572eca05001234
1324,673ef5fd1680e9fa7b001234,673ef5fdf770b62bc8001234
1325,673ef5fdb096577e26001234,673ef5fe4311359ed4001234
1326,673ef5fd18ad9899f3001234,673ef5fe0771fc6f0f001234
1327,673ef5fd358aee4cc8001234,673ef5fd1bb91f73e9001234
1328,673ef5fd1b9812b99f001234,673ef5fe0950ca92a4001234
1329,673ef5fd2417dc8af8001234,673ef5fec559da2ba9001234
1330,673ef5fd7edccc6614001234,673ef5fd6faa8040da001234
1331,673ef5fd5ac8bb8a7d001234,673ef5fe9f36407ead001234
1332,673ef5fd0bed45bd57001234,673ef5fdb534ba6823001234
1333,673ef5fd0e900ad84f001234,673ef5fd2838023a77001234
1334,673ef5fd88fee04213001234,673ef5fd42a0e188f5001234
1335,673ef5fda8aa681aaa001234,673ef5fdccb1d45fb7001234
1336,673ef5fde97c864e8a001234,673ef5feba1b3eba32001234
1337,673ef5fd9813b270ed001234,673ef5fefc6709bfdf001234
1338,673ef5fddcda54e292001234,673ef5feaff1621254001234
1339,673ef5fdf15eda31a2001234,673ef5fec88d8d0a60001234
1340,673ef5fd8420d35940001234,673ef5fd49182f81e6001234
1341,673ef5fd7c4bf50b71001234,673ef5fe5cf21ce302001234
1342,673ef5fd41ab1b1d6b001234,673ef5fe2387337ba1001234
1343,673ef5fd3a0844cee4001234,673ef5fd3ad7c2ebb9001234
1344,673ef5fd573eec40e4001234,673ef5fdcbcb58ac2e001234
1345,673ef5fdb38e5ff5f8001234,673ef5fd6c4b761a28001234
1346,673ef5fd577fd60255001234,673ef5fec4015b7f36001234
1347,673ef5fd110eec2320001234,673ef5fec59b469d72001234
1348,673ef5fdd790c9e6c0001234,673ef5fdc4ca4238a0001234
1349,673ef5fd3bd4017318001234,673ef5fe44a2e08049001234
1350,673ef5fddbbf603ff0001234,673ef5fe0e087ec55d001234
1351,673ef5fddc2b690516001234,673ef5feb0b183c207001234
1352,673ef5fdab452534c5001234,673ef5fd6974ce5ac6001234
1353,673ef5fdfb4ab556bc001234,673ef5fe1485100313001234
1354,673ef5fd0415740eaa001234,673ef5fd912d2b1c7b001234
1355,673ef5fdf1b0775946001234,673ef5fe4e4e53aa08001234
1356,673ef5fd825f9cd5f0001234,673ef5fd912d2b1c7b001234
1357,673ef5fd2e74c2cf88001234,673ef5fd88ae6372cf001234
1358,673ef5fd5a99158e0c001234,673ef5fdc20ad4d76f001234
1359,673ef5fdde594ef5c3001234,673ef5fe4f284803bd001234
1360,673ef5fdbbeb0c1b1f001234,673ef5fd5f93f98352001234
1361,673ef5fdfa2e8c4385001234,673ef5fe1113d7a76f001234
1362,673ef5fd33267e5dc5001234,673ef5fee22dd5dabd001234
1363,673ef5fd64a08e5f1e001234,673ef5fe4607263158001234
1364,673ef5fd5e751896e5001234,673ef5fdf718499c1c001234
1365,673ef5fd08f38e0434001234,673ef5fe333222170a001234
1366,673ef5fdec1f850d93001234,673ef5fd4f6ffe13a5001234
1367,673ef5fd47fd3c87f4001234,673ef5fe3e313b9bad001234
1368,673ef5fd9ff7c9eb9d001234,673ef5fe393c55aea7001234
1369,673ef5fd22b1f2e098001234,673ef5fefc528592c3001234
1370,673ef5fd5a45828dea001234,673ef5fe85f007f8c5001234
1371,673ef5fd868b7df964001234,673ef5fd4e732ced34001234
1372,673ef5fd1006ff12c4001234,673ef5fe7504adad8b001234
1373,673ef5fdfc192b0c0d001234,673ef5fd320722549d001234
1374,673ef5fdb2ea5e977c001234,673ef5fecf9a242b70001234
1375,673ef5fd9dc3727136001234,673ef5fee8b1cbd05f001234
1376,673ef5fd044a23cadb001234,673ef5feda8ce53cf0001234
1377,673ef5fd7f141cf8e7001234,673ef5fe6e7d2da6d3001234
1378,673ef5fdb0bef4c9a6001234,673ef5fd2ca65f58e3001234
1379,673ef5fd2b6921f2c6001234,673ef5fe6709e8d64a001234
1380,673ef5fdf75526659f001234,673ef5febad5f33780001234
1381,673ef5fdf499d34bd8001234,673ef5fe9232fe8122001234
1382,673ef5fda7a3d70c6d001234,673ef5fe766d856ef1001234
1383,673ef5fdd8e1344e27001234,673ef5fef45a1078fe001234
1384,673ef5fd1cd138d049001234,673ef5fd07c5807d0d001234
1385,673ef5fd4a5876b450001234,673ef5fd140f6969d5001234
1386,673ef5fdd47844673f001234,673ef5fe5129a5ddcd001234
1387,673ef5fdae587cfeea001234,673ef5fdc0e190d826001234
1388,673ef5fdaeefb05091001234,673ef5fdc9e1074f5b001234
1389,673ef5fdfb3f76858c001234,673ef5fd6aca97005c001234
1390,673ef5fdb19aa25ff5001234,673ef5fe22fb0cee7e001234
1391,673ef5fdec0bfd000f001234,673ef5fe1f36c15d6a001234
1392,673ef5fd4191ef5f6c001234,673ef5fe8303a79b1e001234
1393,673ef5fde465ae46b0001234,673ef5fd9fd81843ad001234
1394,673ef5fde27a949795001234,673ef5fd63dc7ed101001234
1395,673ef5fd0d9095b0d6001234,673ef5fde2c0be2456001234
1396,673ef5fd4ab5237176001234,673ef5fdef575e8837001234
1397,673ef5fdc0f971d8cd001234,673ef5fd577bcc914f001234
1398,673ef5fd765d5fb115001234,673ef5fe2812e5cf6d001234
1399,673ef5fdd0010a6f34001234,673ef5fe0d4f4805c3001234
1400,673ef5fd663772ea08001234,673ef5fd115f895031001234
1401,673ef5fdf3b7e5d3eb001234,673ef5fea8f8f60264001234
1402,673ef5fd8e987cf1b2001234,673ef5fe6814859610001234
1403,673ef5fdf5b1b89d98001234,673ef5fe42d6c7d614001234
1404,673ef5fdd53697441e001234,673ef5fe792c7b5aae001234
1405,673ef5fd28acfe2da4001234,673ef5fd1a5b1e4daa001234
1406,673ef5fdaee92f16ef001234,673ef5fd9b04d15284001234
1407,673ef5fd56cb94cb34001234,673ef5fe23ce185134001234
1408,673ef5fd46f76a4bda001234,673ef5fe90e1357833001234
1409,673ef5fd3fc2c60b57001234,673ef5fefc8001f834001234
1410,673ef5fd12311d05c9001234,673ef5feb5a1fc2085001234
1411,673ef5fd46b2644cbd001234,673ef5fe6351bf9dce001234
1412,673ef5fd0738069b24001234,673ef5fd7cbbc409ec001234
1413,673ef5fd4ea6a546c1001234,673ef5fee0ab531ec3001234
1414,673ef5fd2bc8ae2585001234,673ef5fe84438b7aae001234
1415,673ef5fdade55409d1001234,673ef5fd07563a3fe3001234
1416,673ef5fd9752d873fa001234,673ef5fea58149d355001234
1417,673ef5fd6775a0635c001234,673ef5fe1e6e0a04d2001234
1418,673ef5fd6e0e24295e001234,673ef5fed010396ca8001234
1419,673ef5fd353de26971001234,673ef5fe351b33587c001234
1420,673ef5fda78482ce76001234,673ef5fe77369e37b2001234
1421,673ef5fd3812f9a59b001234,673ef5fefd06b8ea02001234
1422,673ef5fd4b29fa4efe001234,673ef5fe0771fc6f0f001234
1423,673ef5fd5a2756a3cb001234,673ef5fe41bfd20a38001234
1424,673ef5fdd3d80b6569001234,673ef5fd0336dcbab0001234
1425,673ef5fd881c6efa91001234,673ef5fd7ef605fc8d001234
1426,673ef5fd3070e6addc001234,673ef5fee22dd5dabd001234
1427,673ef5fd4491777b1a001234,673ef5fdfc490ca45c001234
1428,673ef5fd42a6845a55001234,673ef5fd8f53295a73001234
1429,673ef5fdbd1354624f001234,673ef5fdf718499c1c001234
1430,673ef5fd1ec3e7af38001234,673ef5fd496e05e1ae001234
1431,673ef5fd1a99f68219001234,673ef5fe0804083708001234
1432,673ef5fd8b3bac1292001234,673ef5fe7a6a74cbe8001234
1433,673ef5fde2c61965b5001234,673ef5fe333222170a001234
1434,673ef5fd2650d6089a001234,673ef5fd04025959b1001234
1435,673ef5fd4f1f29888c001234,673ef5fd6c4b761a28001234
1436,673ef5fd12a1d073d5001234,673ef5fe8ce6790cc6001234
1437,673ef5fdf076073b20001234,673ef5feae5e3ce40e001234
1438,673ef5fda6db4ed04f001234,673ef5fe7eb7eabbe9001234
1439,673ef5fd2ef35a8b78001234,673ef5fd10a7cdd970001234
1440,673ef5fdc3008b2c6f001234,673ef5fefaafda6620001234
1441,673ef5fd15cf76466b001234,673ef5feede7e2b6d1001234
1442,673ef5fd7f018eb7b3001234,673ef5fd192fc044e7001234
1443,673ef5fdb4944963b5001234,673ef5fe7eb3c8be3d001234
1444,673ef5fd7a006957be001234,673ef5fe378a063b8f001234
1445,673ef5fd9719a00ed0001234,673ef5fe6a61d423d0001234
1446,673ef5fd6b8b8e3bd6001234,673ef5fe74563ba21a001234
1447,673ef5fd6e3197aae9001234,673ef5fe0c048b3a43001234
1448,673ef5fd25ef0d887b001234,673ef5fe9aa42b3188001234
1449,673ef5fd379a7ba015001234,673ef5fedc40b7120e001234
1450,673ef5fd3c333aadfc001234,673ef5fdfa7cdfad1a001234
1451,673ef5fdc7558e9d1f001234,673ef5fdb1a59b315f001234
1452,673ef5fd73b8170900001234,673ef5fd192fc044e7001234
1453,673ef5fdb5b03f0627001234,673ef5fe17e23e50be001234
1454,673ef5fdef67f7c2d8001234,673ef5fea1519de5b5001234
1455,673ef5fde924517087001234,673ef5fe07871915a8001234
1456,673ef5fddfb84a11f4001234,673ef5fe97275a23ca001234
1457,673ef5fd6d19c11340001234,673ef5fd58a2fc6ed3001234
1458,673ef5fda4666cd9e1001234,673ef5fdbac9162b47001234
1459,673ef5fd3953630da2001234,673ef5fdef0d3930a7001234
1460,673ef5fd56c82ccd65001234,673ef5fe83e8ef5181001234
1461,673ef5fd6624b6d821001234,673ef5fe0ed9422357001234
1462,673ef5fd86c4ad5276001234,673ef5fe84f7e69969001234
1463,673ef5fd5dc126b503001234,673ef5fdcaf1a3dfb5001234
1464,673ef5fd8fc687aa15001234,673ef5fec9f95a0a5a001234
1465,673ef5fd6c990b7aca001234,673ef5fd15de21c670001234
1466,673ef5fd4b21cf96d4001234,673ef5fd66f041e16a001234
1467,673ef5fd2a0f97f817001234,673ef5fee3408432c1001234
1468,673ef5fd6e82873a32001234,673ef5fd735b90b456001234
1469,673ef5fdad8e88c0f7001234,673ef5fe3de2334a31001234
1470,673ef5fd15c00b5250001234,673ef5fe6e79ed05ba001234
1471,673ef5fd02180771a9001234,673ef5fe44968aece9001234
1472,673ef5fdb44afe91b8001234,673ef5fd0e65972dce001234
1473,673ef5fddb5cea26ca001234,673ef5fef337d999d9001234
1474,673ef5fde22cb9d6bb001234,673ef5fe1019c80916001234
1475,673ef5fdb91b1facf3001234,673ef5fdb3e3e393c7001234
1476,673ef5fd3b2d8f129a001234,673ef5fdf90f2aca5c001234
1477,673ef5fdb887d8d5e6001234,673ef5fe0f2c9a93ee001234
1478,673ef5fd60ad838019001234,673ef5feee8374ec4e001234
1479,673ef5fd1c303b0eed001234,673ef5fef4573fc71c001234
1480,673ef5fd65a31da7ed001234,673ef5fe9996535e07001234
1481,673ef5fd63f44623dd001234,673ef5fd959a557f5f001234
1482,673ef5fd6db291ac99001234,673ef5fef9a40a4780001234
1483,673ef5fd6788076842001234,673ef5fe11c484ea93001234
1484,673ef5fd2bd2e3373d001234,673ef5fe883e881bb4001234
1485,673ef5fd2d71b2ae15001234,673ef5fe962e56a8a0001234
1486,673ef5fdaa6b7ad9d6001234,673ef5feb7087c1f4f001234
1487,673ef5fda11ce019e9001234,673ef5fee17184bcb7001234
1488,673ef5fd5848ad9595001234,673ef5fe333222170a001234
1489,673ef5fdf6b5f8c32c001234,673ef5fee11943a603001234
1490,673ef5fdc5c1cb0beb001234,673ef5fea01610228f001234
1491,673ef5fd58aaee7ae9001234,673ef5fe9ac403da79001234
1492,673ef5fdcb12d7f933001234,673ef5fea9b7ba7078001234
1493,673ef5fdf40438b554001234,673ef5fdac1dd209cb001234
1494,673ef5fda0b83c02d7001234,673ef5fdbeed13602b001234
1495,673ef5fd71887f62f0001234,673ef5fe4a08142c38001234
1496,673ef5fda36e841c52001234,673ef5fefaafda6620001234
