id_object,id_location
673ef5fdeccbc87e4b001234,673ef5fe8f1d43620b001234
673ef5fde4da3b7fbb001234,673ef5fd0bb4aec171001234
673ef5fdc9f0f895fb001234,673ef5fef7e9050c92001234
673ef5fd45c48cce2e001234,673ef5fe4d2e7bd33c001234
673ef5fdd3d9446802001234,673ef5fe8d3369c4c0001234
673ef5fd6512bd43d9001234,673ef5feb706835de7001234
673ef5fdc51ce410c1001234,673ef5fdb1a59b315f001234
673ef5fdaab3238922001234,673ef5fdf770b62bc8001234
673ef5fdc74d97b01e001234,673ef5fe6d9cb7de5e001234
673ef5fd6f4922f455001234,673ef5fe8b6dd7db9a001234
673ef5fd8e296a067a001234,673ef5fdcd00692c3b001234
673ef5fd4e732ced34001234,673ef5fdb4288d9c0e001234
673ef5fdc16a5320fa001234,673ef5fde57c6b956a001234
673ef5fd182be0c5cd001234,673ef5fdc9f0f895fb001234
673ef5fda5bfc9e079001234,673ef5fe05311655a1001234
673ef5fda5771bce93001234,673ef5fe6a2feef8ed001234
673ef5fdd67d8ab4f4001234,673ef5fda02ffd91ec001234
673ef5fd17e62166fc001234,673ef5fdc9e1074f5b001234
673ef5fdd9d4f495e8001234,673ef5fdac1dd209cb001234
673ef5fdf457c545a9001234,673ef5fe1f4477bad7001234
673ef5fda684eceee7001234,673ef5fee8b1cbd05f001234
673ef5fdb53b3a3d6a001234,673ef5fd9fd81843ad001234
673ef5fd72b32a1f75001234,673ef5feca75910166001234
673ef5fd093f65e080001234,673ef5fe3e313b9bad001234
673ef5fd072b030ba1001234,673ef5fead3019b856001234
673ef5fd7f39f8317f001234,673ef5fe7a53928fa4001234
673ef5fd44f683a841001234,673ef5fe3210ddbeaa001234
673ef5fdfc490ca45c001234,673ef5feeb86d51036001234
673ef5fd9778d5d219001234,673ef5fd5807a685d1001234
673ef5fd68d30a9594001234,673ef5fe31b3b31a1c001234
673ef5fd3ef815416f001234,673ef5fe1c1d4df596001234
673ef5fdc7e1249ffc001234,673ef5fea9b7ba7078001234
673ef5fd8613985ec4001234,673ef5fd17e62166fc001234
673ef5fd54229abfcf001234,673ef5fd9b70e8fe62001234
673ef5fd92cc227532001234,673ef5feab1a4d0dd4001234
673ef5fde2ef524fbf001234,673ef5fe363763e5c3001234
673ef5fded3d2c2199001234,673ef5fef4dd765c12001234
673ef5fd6974ce5ac6001234,673ef5fe6d3a1e06d6001234
673ef5fdc9e1074f5b001234,673ef5fd9b04d15284001234
673ef5fd65b9eea6e1001234,673ef5fef47330643a001234
673ef5fd2723d092b6001234,673ef5fe437d7d1d97001234
673ef5fd73278a4a86001234,673ef5fe995665640d001234
673ef5fdeb160de1de001234,673ef5fd48aedb8880001234
673ef5fdda4fb5c6e9001234,673ef5fed91d1b4d82001234
673ef5fda0a080f42e001234,673ef5fddb85e2590b001234
673ef5fd3def184ad8001234,673ef5fdeccbc87e4b001234
673ef5fd65ded5353c001234,673ef5fed516b13671001234
673ef5fd42a0e188f5001234,673ef5fe19b650660b001234
673ef5fd3988c7f88e001234,673ef5fd68264bdb65001234
673ef5fd903ce9225f001234,673ef5fdad972f10e0001234
673ef5fd47d1e99058001234,673ef5fdcaf1a3dfb5001234
673ef5fdf2217062e9001234,673ef5fd757b505cfd001234
673ef5fd7ef605fc8d001234,673ef5fdf457c545a9001234
673ef5fd1d7f7abc18001234,673ef5fed56b9fc4b0001234
673ef5fd2a79ea27c2001234,673ef5fdd395771085001234
673ef5fd1c9ac0159c001234,673ef5fd15de21c670001234
673ef5fd140f6969d5001234,673ef5fdc74d97b01e001234
673ef5fdb73ce398c3001234,673ef5fd072b030ba1001234
673ef5fd0777d5c17d001234,673ef5fe4e0d67e54a001234
673ef5fd9766527f2b001234,673ef5fd7cbbc409ec001234
673ef5fd7e7757b1e1001234,673ef5fe00e26af6ac001234
673ef5fd5878a7ab84001234,673ef5fe2387337ba1001234
673ef5fd006f52e910001234,673ef5fe670e8a43b2001234
673ef5fd045117b0e0001234,673ef5fdf5f8590cd5001234
673ef5fdfc22130974001234,673ef5fd5ef059938b001234
673ef5fd4c5bde74a8001234,673ef5fd8d34201a5b001234
673ef5fd6cdd60ea00001234,673ef5fdc7e1249ffc001234
673ef5fd9872ed9fc2001234,673ef5febcc0d40028001234
673ef5fda2557a7b2e001234,673ef5fd5751ec3e9a001234
673ef5fd0aa1883c64001234,673ef5fe49c9adb18e001234
673ef5fd084b6fbb10001234,673ef5fda5771bce93001234
673ef5fd84d9ee44e4001234,673ef5fde57c6b956a001234
673ef5fde2c0be2456001234,673ef5fd67c6a1e7ce001234
673ef5fdeae27d77ca001234,673ef5fdddb30680a6001234
673ef5fd69adc1e107001234,673ef5fdb337e84de8001234
673ef5fd091d584fce001234,673ef5fd19bc916108001234
673ef5fdb1d10e7baf001234,673ef5feafe434653a001234
673ef5fdeb16372791001234,673ef5fd9bf31c7ff0001234
673ef5fd63dc7ed101001234,673ef5fe847cc55b70001234
673ef5fd060ad92489001234,673ef5fed56b9fc4b0001234
673ef5fdbcbe3365e6001234,673ef5fd0537fb40a6001234
673ef5fd115f895031001234,673ef5fe995e1fda4a001234
673ef5fd13fe9d8431001234,673ef5fe0a113ef6b6001234
673ef5fd74db120f0a001234,673ef5feca75910166001234
673ef5fd6da9003b74001234,673ef5febb04af0f7e001234
673ef5fd289dff0766001234,673ef5fd6cd67d9b6f001234
673ef5fdac1dd209cb001234,673ef5fd248e844336001234
673ef5fd555d6702c9001234,673ef5fe2bcab9d935001234
673ef5fdf340f1b1f6001234,673ef5fdc3e878e27f001234
673ef5fd9188905e74001234,673ef5fd3328bdf9a4001234
673ef5fd621bf66ddb001234,673ef5fe193002e668001234
673ef5fd077e29b11b001234,673ef5fe3a029f04d7001234
673ef5fd6c9882bbac001234,673ef5fdb2eeb7362e001234
673ef5fdc52f1bd66c001234,673ef5fd67f7fb873e001234
673ef5fdfe131d7f5a001234,673ef5fea3fb4fbf9a001234
673ef5fdf718499c1c001234,673ef5fed759175de8001234
673ef5fd8c19f571e2001234,673ef5fe52292e0c76001234
673ef5fdd6baf65e0b001234,673ef5fe0c0a756691001234
673ef5fd39059724f7001234,673ef5feede7e2b6d1001234
673ef5fd4734ba6f3d001234,673ef5fe6602294be9001234
673ef5fd92c8c96e4c001234,673ef5fddd45850574001234
673ef5fde3796ae838001234,673ef5fed1ee59e20a001234
673ef5fd0f49c89d1e001234,673ef5fd0d7de1aca9001234
673ef5fd46ba9f2a69001234,673ef5fdbac9162b47001234
673ef5fd0e01938fc4001234,673ef5fec15da1f2b5001234
673ef5fd918317b579001234,673ef5fd11b9842e0a001234
673ef5fd839ab46820001234,673ef5fe1896a3bf73001234
673ef5fdf90f2aca5c001234,673ef5fda87ff679a2001234
673ef5fd9c838d2e45001234,673ef5fd6a10bbd480001234
673ef5fd53c3bce66e001234,673ef5fd0584ce565c001234
673ef5fd6883966fd8001234,673ef5fd8f121ce07d001234
673ef5fdef0d3930a7001234,673ef5fddf877f3865001234
673ef5fd34ed066df3001234,673ef5fe83cdcec08f001234
673ef5fd577bcc914f001234,673ef5fd0f49c89d1e001234
673ef5fd37bc2f75bf001234,673ef5fe512c5cad6c001234
673ef5fd496e05e1ae001234,673ef5fd812b4ba287001234
673ef5fdb2eb734903001234,673ef5fec930eecd01001234
673ef5fda8c88a0055001234,673ef5fec60d060b94001234
673ef5fdeddea82ad2001234,673ef5fe226d1f15ec001234
673ef5fd06eb61b839001234,673ef5fe4d2e7bd33c001234
673ef5fd9dfcd5e558001234,673ef5fd996a7fa078001234
673ef5fd950a4152c2001234,673ef5fef0adc8838f001234
673ef5fd3fe94a0023001234,673ef5fee702e51da2001234
673ef5fd320722549d001234,673ef5fd140f6969d5001234
673ef5fdcaf1a3dfb5001234,673ef5fdcf004fdc76001234
673ef5fdbc6dc48b74001234,673ef5fed045c59a90001234
673ef5fd89f0fd5c92001234,673ef5fdbf8229696f001234
673ef5fdb83aac23b9001234,673ef5fe847cc55b70001234
673ef5fdcd00692c3b001234,673ef5fd7eabe3a164001234
673ef5fdfe73f687e5001234,673ef5fda97da629b0001234
673ef5fd40008b9a53001234,673ef5fd4c5bde74a8001234
673ef5fd58238e9ae2001234,673ef5fd44c4c17332001234
673ef5fdd81f9c1be2001234,673ef5fd2050e03ca1001234
673ef5fd13f9896df6001234,673ef5fdab233b682e001234
673ef5fdc5ff2543b5001234,673ef5fd4e0928de07001234
673ef5fd8dd48d6a2e001234,673ef5fe359f38463d001234
673ef5fd6c524f9d5d001234,673ef5fd3644a684f9001234
673ef5fdaa942ab2bf001234,673ef5fe4e4e53aa08001234
673ef5fde7b24b112a001234,673ef5fe2ba8698b79001234
673ef5fdc3e878e27f001234,673ef5fd9f61408e3a001234
673ef5fdbac9162b47001234,673ef5fe7c9d0b1f96001234
673ef5fd5ef698cd9f001234,673ef5fd185e65bc40001234
673ef5fdcf004fdc76001234,673ef5fda5e0013237001234
673ef5fd24b16fede9001234,673ef5fea01610228f001234
673ef5fdffd52f3c7e001234,673ef5fda8abb4bb28001234
673ef5fd142949df56001234,673ef5fe632cee946d001234
673ef5fd8bf1211fd4001234,673ef5fde7f8a7fb0b001234
673ef5fdbca82e41ee001234,673ef5fd2dea61eed4001234
673ef5fd00ec53c468001234,673ef5fe68a83eeb49001234
673ef5fdbeed13602b001234,673ef5fefba9d88164001234
673ef5fd0584ce565c001234,673ef5fd5e9f92a01c001234
673ef5fd39461a19e9001234,673ef5fef016e59c7a001234
673ef5fda01a0380ca001234,673ef5fd1543843a47001234
673ef5fd28f0b86459001234,673ef5fd26e359e838001234
673ef5fd352fe25daf001234,673ef5fd1c9ac0159c001234
673ef5fdbbf94b34eb001234,673ef5fe5c936263f3001234
673ef5fdbbcbff5c1f001234,673ef5fe9f36407ead001234
673ef5fd0d0fd7c6e0001234,673ef5fd3493894fa4001234
673ef5fda96b65a721001234,673ef5fe0eec27c419001234
673ef5fd17d63b1625001234,673ef5fd00ec53c468001234
673ef5fd66808e327d001234,673ef5fee205ee2a5d001234
673ef5fdb6f0479ae8001234,673ef5fd8f121ce07d001234
673ef5fdfaa9afea49001234,673ef5fed736bb10d8001234
673ef5fd25b2822c2f001234,673ef5fe4476b929e3001234
673ef5fd6ecbdd6ec8001234,673ef5fe0f2c9a93ee001234
673ef5fd8d7d8ee069001234,673ef5fea4300b002b001234
673ef5fd75fc093c0e001234,673ef5fe4558dbb6f6001234
673ef5fd66368270ff001234,673ef5fe3cef96dcc9001234
673ef5fdddb30680a6001234,673ef5fd8eefcfdf59001234
673ef5fd1651cf0d2f001234,673ef5fe2ac2406e83001234
673ef5fda8abb4bb28001234,673ef5fe67d96d458a001234
673ef5fd9a96876e2f001234,673ef5fea8e864d04c001234
673ef5fd9431c87f27001234,673ef5fdb4288d9c0e001234
673ef5fd49ae49a23f001234,673ef5fe0a1bf96b71001234
673ef5fd821fa74b50001234,673ef5fe160c88652d001234
673ef5fd250cf8b51c001234,673ef5fd33e8075e99001234
673ef5fdd07e70efcf001234,673ef5fde57c6b956a001234
673ef5fd7fe1f8abaa001234,673ef5fe17fafe5f6c001234
673ef5fd428fca9bc1001234,673ef5fea8f8f60264001234
673ef5fdf1b6f2857f001234,673ef5fe3f67fd9716001234
673ef5fd68ce199ec2001234,673ef5fe1fc214004c001234
673ef5fd8e6b42f164001234,673ef5fdb534ba6823001234
673ef5fdef575e8837001234,673ef5fe1b0114c51c001234
673ef5fd25ddc0f8c9001234,673ef5fec44e503833001234
673ef5fd5ef0b4eba3001234,673ef5fd3435c378bb001234
673ef5fd74071a6733001234,673ef5fd46ba9f2a69001234
673ef5fdd18f655c3f001234,673ef5fe24146db4eb001234
673ef5fd9461cce28e001234,673ef5fec7635bfd99001234
673ef5fd55a7cf9c71001234,673ef5fee6d8545daa001234
673ef5fd3cf166c6b7001234,673ef5fe2bd7f907b7001234
673ef5fdb337e84de8001234,673ef5fd3fe94a0023001234
673ef5fde8c0653fea001234,673ef5fe2a50e9c2d6001234
673ef5fdff4d5fbbaf001234,673ef5fe7143d7fbad001234
673ef5fd10a7cdd970001234,673ef5fe38ca89564b001234
673ef5fd3dc4876f3f001234,673ef5fe7d771e0e8f001234
673ef5fd2b8a61594b001234,673ef5fda666587afd001234
673ef5fdf3f27a3247001234,673ef5feab541d874c001234
673ef5fdba2fd310dc001234,673ef5fef4a331b7a2001234
673ef5fd85422afb46001234,673ef5fda01a0380ca001234
673ef5fd13f320e7b5001234,673ef5fee58cc5ca94001234
673ef5fd298f95e1bf001234,673ef5fd31fefc0e57001234
673ef5fdc399862d3b001234,673ef5fe818f4654ed001234
673ef5fd33e8075e99001234,673ef5fd2050e03ca1001234
673ef5fd65658fde58001234,673ef5fe8b6dd7db9a001234
673ef5fd5ea1649a31001234,673ef5fee744f91c29001234
673ef5fd7dcd340d84001234,673ef5fe1ee3dfcd8a001234
673ef5fd81448138f5001234,673ef5fe8a1e808b55001234
673ef5fd97e8527fea001234,673ef5fd66368270ff001234
673ef5fd647bba3443001234,673ef5fe0e4e946668001234
673ef5fd94c7bb58ef001234,673ef5fd6974ce5ac6001234
673ef5fd5e388103a3001234,673ef5fdb056eb1587001234
673ef5fd6e2713a6ef001234,673ef5fe24146db4eb001234
673ef5fd1bb91f73e9001234,673ef5fdf387624df5001234
673ef5fda9a6653e48001234,673ef5fd045117b0e0001234
673ef5fddb85e2590b001234,673ef5fee0cf1f4711001234
673ef5fde6b4b2a746001234,673ef5fed736bb10d8001234
673ef5fde5f6ad6ce3001234,673ef5feb0b183c207001234
673ef5fdf0e52b27a7001234,673ef5fd34173cb38f001234
673ef5fda7aeed7471001234,673ef5fedaa96d9681001234
673ef5fdfde9264cf3001234,673ef5fdb73dfe25b4001234
673ef5fda8849b0524001234,673ef5fec26820b8a4001234
673ef5fd069d3bb002001234,673ef5fdad61ab1432001234
673ef5fdc6e19e8308001234,673ef5fd389bc7bb1e001234
673ef5fd46922a0880001234,673ef5fd959a557f5f001234
673ef5fdacc3e04046001234,673ef5fe1019c80916001234
673ef5fd3435c378bb001234,673ef5fdf1b6f2857f001234
673ef5fdd86ea612de001234,673ef5fd9bf31c7ff0001234
673ef5fd9cf81d8026001234,673ef5fdbe83ab3ecd001234
673ef5fd44c4c17332001234,673ef5fee744f91c29001234
673ef5fd851ddf5058001234,673ef5fe731c83db8d001234
673ef5fdeb6fdc36b2001234,673ef5fd65b9eea6e1001234
673ef5fd48ab2f9b45001234,673ef5fd2ca65f58e3001234
673ef5fd233509073e001234,673ef5fdb73ce398c3001234
673ef5fd45645a27c4001234,673ef5fe9a1756fd0c001234
673ef5fd185c29dc24001234,673ef5fd68d30a9594001234
673ef5fd42e77b6363001234,673ef5fdbbcbff5c1f001234
673ef5fd051e4e127b001234,673ef5fe9701a1c165001234
673ef5fdb7bb35b9c6001234,673ef5fd816b112c61001234
673ef5fdabd815286b001234,673ef5fdbeed13602b001234
673ef5fd6766aa2750001234,673ef5fe285f89b802001234
673ef5fd4ffce04d92001234,673ef5fd9f396fe44e001234
673ef5fd291597a100001234,673ef5fd1afa34a7f9001234
673ef5fd5e9f92a01c001234,673ef5fd07c5807d0d001234
673ef5fd443cb001c1001234,673ef5fd5f0f5e5f33001234
673ef5fd55743cc039001234,673ef5febb04af0f7e001234
673ef5fdeaae339c4d001234,673ef5fe996009f237001234
673ef5fd3d2d8ccb37001234,673ef5fe28fc2782ea001234
673ef5fdb4288d9c0e001234,673ef5fda0a080f42e001234
673ef5fd68264bdb65001234,673ef5fef4a331b7a2001234
673ef5fdbe3159ad04001234,673ef5fd17e62166fc001234
673ef5fd2291d2ec3b001234,673ef5fd735b90b456001234
673ef5fd84117275be001234,673ef5fedc87c13749001234
673ef5fd5dd9db5e03001234,673ef5fe8b40665547001234
673ef5fd2dea61eed4001234,673ef5fd8bf1211fd4001234
673ef5fd71a3cb155f001234,673ef5fec3e0c62ee9001234
673ef5fd9fe8593a8a001234,673ef5fd8e296a067a001234
673ef5fdfccb3cdc9a001234,673ef5fe4a08142c38001234
673ef5fd556f391937001234,673ef5fea3fb4fbf9a001234
673ef5fd3328bdf9a4001234,673ef5fea9be4c2a40001234
673ef5fdf79921bbae001234,673ef5fee034fb6b66001234
673ef5fd07a96b1f61001234,673ef5fedf0aab058c001234
673ef5fdc06d06da96001234,673ef5fed736bb10d8001234
673ef5fd10a5ab2db3001234,673ef5fdea5d2f1c46001234
673ef5fde555ebe0ce001234,673ef5fee6cb2a3c14001234
673ef5fd53e3a7161e001234,673ef5fda02ffd91ec001234
673ef5fde4bb4c5173001234,673ef5fd432aca3a1e001234
673ef5fd8a0e1141fd001234,673ef5fdf457c545a9001234
673ef5fde5841df216001234,673ef5fdcfcd208495001234
673ef5fdd6c651ddcd001234,673ef5feb6a1085a27001234
673ef5fd9c82c7143c001234,673ef5fe632cee946d001234
673ef5fd6081594975001234,673ef5fd093f65e080001234
673ef5fd19bc916108001234,673ef5fd84117275be001234
673ef5fd07c5807d0d001234,673ef5fde6b4b2a746001234
673ef5fd8df707a948001234,673ef5fdb5dc4e5d9b001234
673ef5fd50c3d76149001234,673ef5fd4c5bde74a8001234
673ef5fd5f2c22cb4a001234,673ef5fe1d72310edc001234
673ef5fd7f1171a78c001234,673ef5fe81ca0262c8001234
673ef5fd82f2b308c3001234,673ef5fd051e4e127b001234
673ef5fd0d3180d672001234,673ef5fdc058f544c7001234
673ef5fdba3866600c001234,673ef5fe33ceb07bf4001234
673ef5fd6c29793a14001234,673ef5fd1385974ed5001234
673ef5fda5cdd4aa00001234,673ef5fd37bc2f75bf001234
673ef5fd217eedd1ba001234,673ef5fd45c48cce2e001234
673ef5fddf263d9962001234,673ef5feacf4b89d3d001234
673ef5fdedfbe1afcf001234,673ef5fd18997733ec001234
673ef5fd5f0f5e5f33001234,673ef5fdc51ce410c1001234
673ef5fd6f2268bd1d001234,673ef5fec6bff625bd001234
673ef5fdccb0989662001234,673ef5fdbc6dc48b74001234
673ef5fdfa14d4fe2f001234,673ef5fe6e7d2da6d3001234
673ef5fd06997f04a7001234,673ef5fd7f1171a78c001234
673ef5fdeefc9e10eb001234,673ef5fd69adc1e107001234
673ef5fdd840cc5d90001234,673ef5fe795c7a7a5e001234
673ef5fd288cc0ff02001234,673ef5fdcfa0860e83001234
673ef5fdb7ee6f5f9a001234,673ef5fd5c572eca05001234
673ef5fde57c6b956a001234,673ef5fe571d3a9420001234
673ef5fd86b122d435001234,673ef5fe861dc9bd7f001234
673ef5fdc0f168ce89001234,673ef5fe03e0704b56001234
673ef5fdf1c1592588001234,673ef5fd352fe25daf001234
673ef5fda8e864d04c001234,673ef5feb706835de7001234
673ef5fd72da7fd6d1001234,673ef5fdc52f1bd66c001234
673ef5fd4b04a686b0001234,673ef5fe210f760a89001234
673ef5fd3621f1454c001234,673ef5fdd64a340bcb001234
673ef5fddf7f28ac89001234,673ef5fd138bb06965001234
673ef5fd96ea64f3a1001234,673ef5fdb2eeb7362e001234
673ef5fdda8ce53cf0001234,673ef5fd0d0fd7c6e0001234
673ef5fd82489c9737001234,673ef5fe86109d400f001234
673ef5fd35cf8659cf001234,673ef5fd01386bd6d8001234
673ef5fdbeb22fb694001234,673ef5fd6c8349cc72001234
673ef5fd28267ab848001234,673ef5fe0e3a37aa85001234
673ef5fd7a53928fa4001234,673ef5fea1d50185e7001234
673ef5fdd58072be28001234,673ef5fec22abfa379001234
673ef5fda8ecbabae1001234,673ef5fe8e2cfdc275001234
673ef5fd32b30a250a001234,673ef5fdd61e4bbd63001234
673ef5fdb6edc1cd1f001234,673ef5fe4ca82782c5001234
673ef5fd670e8a43b2001234,673ef5fe4671aeaf49001234
673ef5fd81e74d6785001234,673ef5fd0336dcbab0001234
673ef5fd43fa7f58b7001234,673ef5fd0ff8033cf9001234
673ef5fd3b5dca501e001234,673ef5fd53c3bce66e001234
673ef5fdafda332245001234,673ef5fe692f93be8c001234
673ef5fdd554f7bb7b001234,673ef5fd6ecbdd6ec8001234
673ef5fdce78d1da25001234,673ef5fd81448138f5001234
673ef5fd8e82ab7243001234,673ef5fefe7ee8fc19001234
673ef5fd7250eb93b3001234,673ef5fe58e4d44e55001234
673ef5fde97ee2054d001234,673ef5fd8c19f571e2001234
673ef5fd84f7e69969001234,673ef5fdd1f255a373001234
673ef5fd22ac3c5a5b001234,673ef5fef3f1b7fc5a001234
673ef5fdf7e9050c92001234,673ef5fe9c3b183051001234
673ef5fdaddfa9b7e2001234,673ef5fe9c3b183051001234
673ef5fd8c235f89a8001234,673ef5fdc0f168ce89001234
673ef5fd847cc55b70001234,673ef5fed736bb10d8001234
673ef5fd5ec91aac30001234,673ef5fe09c6c3783b001234
673ef5fd22fb0cee7e001234,673ef5fe0a0a0c8aaa001234
673ef5fd43feaeeecd001234,673ef5fdbe3159ad04001234
673ef5fd51ef186e18001234,673ef5feb9141aff14001234
673ef5fd352407221a001234,673ef5fe980ecd0591001234
673ef5fd6c3cf77d52001234,673ef5fe8065d07da4001234
673ef5fd170c944978001234,673ef5fd9cfdf10e8f001234
673ef5fd0efe32849d001234,673ef5fd218a0aefd1001234
673ef5fd704afe0739001234,673ef5fd55b37c5c27001234
673ef5fd07871915a8001234,673ef5fec8c41c4a18001234
673ef5fd024d7f84ff001234,673ef5fdf85454e827001234
673ef5fdcfbce4c1d7001234,673ef5fd8fe0093bb3001234
673ef5fd5705e1164a001234,673ef5fe24896ee4c6001234
673ef5fd892c91e0a6001234,673ef5fde836d813fd001234
673ef5fdb6a1085a27001234,673ef5fda96b65a721001234
673ef5fdaa169b49b5001234,673ef5fd1385974ed5001234
673ef5fdf57a2f557b001234,673ef5fe8d6dc35e50001234
673ef5fde205ee2a5d001234,673ef5fe7a53928fa4001234
673ef5fdb56a18e0ea001234,673ef5fd8b16ebc056001234
673ef5fd2a9d121cd9001234,673ef5fe4e4e53aa08001234
673ef5fd23ce185134001234,673ef5fd3a0772443a001234
673ef5fd6d0f846348001234,673ef5fe846c260d71001234
673ef5fdccc0aa1b81001234,673ef5fef33ba15eff001234
673ef5fdc4015b7f36001234,673ef5fe2387337ba1001234
673ef5fd1f4477bad7001234,673ef5fd63923f49e5001234
673ef5fdd045c59a90001234,673ef5fedb2b418215001234
673ef5fd0d0871f080001234,673ef5fd13f9896df6001234
673ef5fd1cc3633c57001234,673ef5fe6c340f2583001234
673ef5fdd2ed45a52b001234,673ef5fda8c88a0055001234
673ef5fd4daa3db355001234,673ef5fd26e359e838001234
673ef5fde820a45f1d001234,673ef5fdeda80a3d5b001234
673ef5fd90794e3b05001234,673ef5fe0ed9422357001234
673ef5fd3df1d4b96d001234,673ef5fd9dcb88e013001234
673ef5fd2f885d0fbe001234,673ef5fd2838023a77001234
673ef5fd64223ccf70001234,673ef5fdf387624df5001234
673ef5fdc4b31ce7d9001234,673ef5fda02ffd91ec001234
673ef5fd168908dd32001234,673ef5fee6d8545daa001234
673ef5fd2ba596643c001234,673ef5fefd06b8ea02001234
673ef5fd0f840be9b8001234,673ef5fd45645a27c4001234
673ef5fd437d7d1d97001234,673ef5fe6d3a1e06d6001234
673ef5fdd707329bec001234,673ef5fedb576a7d24001234
673ef5fd5c936263f3001234,673ef5fdc3992e9a68001234
673ef5fd1ce927f875001234,673ef5fe692f93be8c001234
673ef5fd6cfe0e6127001234,673ef5fe013a006f03001234
673ef5fd8f468c873a001234,673ef5fd9cf81d8026001234
673ef5fdca75910166001234,673ef5feff49cc40a8001234
673ef5fdc32d9bf27a001234,673ef5fefeab05aa91001234
673ef5fddf6d2338b2001234,673ef5fd996a7fa078001234
673ef5fd9908279ebb001234,673ef5fe22fb0cee7e001234
673ef5fd7b13b22030001234,673ef5feacf4b89d3d001234
673ef5fd2bcab9d935001234,673ef5fef7cade80b7001234
673ef5fd0b8aff0438001234,673ef5fef0dd4a99fb001234
673ef5fdec5aa0b784001234,673ef5feab1a4d0dd4001234
673ef5fd9ab0d88431001234,673ef5fe93d65641ff001234
673ef5fda9b7ba7078001234,673ef5fd01386bd6d8001234
673ef5fdb8c37e33de001234,673ef5fe25df35de87001234
673ef5fd1587965fb4001234,673ef5fe1cecc7a779001234
673ef5fd31b3b31a1c001234,673ef5fd821fa74b50001234
673ef5fd298923c819001234,673ef5fd99c5e07b4d001234
673ef5fdef50c335cc001234,673ef5fe4a213d3724001234
673ef5fd84d2004bf2001234,673ef5fd087408522c001234
673ef5fd995e1fda4a001234,673ef5fefb2fcd534b001234
673ef5fd83fa5a432a001234,673ef5fd182be0c5cd001234
673ef5fd27ed0fb950001234,673ef5fdfccb3cdc9a001234
673ef5fd537d9b6c92001234,673ef5fd140f6969d5001234
673ef5fdd736bb10d8001234,673ef5fda9a6653e48001234
673ef5fdb9141aff14001234,673ef5fd58238e9ae2001234
673ef5fd20b5e1cf86001234,673ef5fd248e844336001234
673ef5fd5055cbf43f001234,673ef5fd68264bdb65001234
673ef5fd456ac9b0d1001234,673ef5fdc7e1249ffc001234
673ef5fddb576a7d24001234,673ef5fe9ac403da79001234
673ef5fdd8700cbd38001234,673ef5fd03afdbd66e001234
673ef5fd53adaf494d001234,673ef5fd44f683a841001234
673ef5fddc58e3a306001234,673ef5fefa1e9c9653001234
673ef5fd1b0114c51c001234,673ef5fe2c89109d42001234
673ef5fda1519de5b5001234,673ef5fd959a557f5f001234
673ef5fd390e982518001234,673ef5fee1d5be1c7f001234
673ef5fd708f3cf810001234,673ef5feb86e8d03fe001234
673ef5fd4607263158001234,673ef5fd1ff8a7b5dc001234
673ef5fd818f4654ed001234,673ef5fd36660e5985001234
673ef5fd9f36407ead001234,673ef5fec8c41c4a18001234
673ef5fd754dda4b1b001234,673ef5fe65cc2c8205001234
673ef5fd41bfd20a38001234,673ef5fe25df35de87001234
673ef5fd4e2545f819001234,673ef5fd182be0c5cd001234
673ef5fddb2b418215001234,673ef5fd82aa4b0af3001234
673ef5fda016070970001234,673ef5fee17184bcb7001234
673ef5fd1e6e0a04d2001234,673ef5fd08c5433a60001234
673ef5fdc6bff625bd001234,673ef5fd5dd9db5e03001234
673ef5fdb9d487a303001234,673ef5fe226d1f15ec001234
673ef5fdb59c67bf19001234,673ef5fe4e8412ad48001234
673ef5fdd6ef5f7fa9001234,673ef5fe6a5889bb01001234
673ef5fddd77279f7d001234,673ef5fe4f284803bd001234
673ef5fd0eec27c419001234,673ef5fec8c41c4a18001234
673ef5fd8597a6cfa7001234,673ef5fd0266e33d3f001234
673ef5fd3b712de481001234,673ef5fe6c8dba7d0d001234
673ef5fd2cfd456053001234,673ef5fec2aee86157001234
673ef5fdc7635bfd99001234,673ef5fec26820b8a4001234
673ef5fdffeed84c7c001234,673ef5fea016070970001234
673ef5fd678a149151001234,673ef5fee6cb2a3c14001234
673ef5fd3fe78a8acf001234,673ef5fd258be18e31001234
673ef5fd69a5b59951001234,673ef5fdf1b6f2857f001234
673ef5fd4a213d3724001234,673ef5fe6d70cb65d1001234
673ef5fdfe709c654e001234,673ef5fd4734ba6f3d001234
673ef5fdfd2c5e4680001234,673ef5fed282ef2637001234
673ef5fdc3e0c62ee9001234,673ef5fe9ab0d88431001234
673ef5fd8ce6790cc6001234,673ef5feb9141aff14001234
673ef5fdfeab05aa91001234,673ef5fdc042f4db68001234
673ef5fd09c6c3783b001234,673ef5fedb576a7d24001234
673ef5fd285f89b802001234,673ef5feeaa32c96f6001234
673ef5fde22312179b001234,673ef5fe4da04049a0001234
673ef5fda8240cb823001234,673ef5fec15da1f2b5001234
673ef5fd0f2c9a93ee001234,673ef5fe9a3d458322001234
673ef5fd3eb71f6293001234,673ef5fd2723d092b6001234
673ef5fd0a0a0c8aaa001234,673ef5fd43ec517d68001234
673ef5fd1896a3bf73001234,673ef5fdbe3159ad04001234
673ef5fd83f97f4825001234,673ef5fd9fe8593a8a001234
673ef5fd7d771e0e8f001234,673ef5fec2aee86157001234
673ef5fd0e095e054e001234,673ef5fef47330643a001234
673ef5fd160c88652d001234,673ef5fe90794e3b05001234
673ef5fd52292e0c76001234,673ef5fe3b5dca501e001234
673ef5fd0188e8b8b0001234,673ef5feeddb904a6d001234
673ef5fd9adeb82fff001234,673ef5fe193002e668001234
673ef5fdfe2d010308001234,673ef5fe6aab127066001234
673ef5fd7501e5d4da001234,673ef5fd8ebda540cb001234
673ef5fdfb2fcd534b001234,673ef5fe7501e5d4da001234
673ef5fd144a3f71a0001234,673ef5fd142949df56001234
673ef5fdc8ba76c279001234,673ef5fd8a0e1141fd001234
673ef5fd1d72310edc001234,673ef5fdd4c2e4a329001234
673ef5fd3a029f04d7001234,673ef5fde2ef524fbf001234
673ef5fd43cca4b3de001234,673ef5fd42998cf32d001234
673ef5fd3210ddbeaa001234,673ef5fd10a5ab2db3001234
673ef5fdeb86d51036001234,673ef5fe208e43f0e4001234
673ef5fd310ce61c90001234,673ef5fe363763e5c3001234
673ef5fde034fb6b66001234,673ef5fd2823f47971001234
673ef5fd81dc9bdb52001234,673ef5fd9be40cee5b001234
673ef5fd9996535e07001234,673ef5fdc203d8a151001234
673ef5fd7bccfde771001234,673ef5fdac1dd209cb001234
673ef5fd1c65cef3df001234,673ef5fdf3f27a3247001234
673ef5fde1d5be1c7f001234,673ef5fe97275a23ca001234
673ef5fd5eac43aceb001234,673ef5fde94550c93c001234
673ef5fd905056c1ac001234,673ef5fdfb89705ae6001234
673ef5fde6d8545daa001234,673ef5fd57aeee35c9001234
673ef5fd838e8afb1c001234,673ef5fdc4ca4238a0001234
673ef5fda284df1155001234,673ef5fe2a084e55c8001234
673ef5fdb495ce63ed001234,673ef5fe70feb62b69001234
673ef5fdcd758e8f59001234,673ef5fe3eb71f6293001234
673ef5fdf4573fc71c001234,673ef5fd96da2f590c001234
673ef5fd0ce2ffd21f001234,673ef5fd3644a684f9001234
673ef5fdc850371fda001234,673ef5fd38db3aed92001234
673ef5fdf91e24dfe8001234,673ef5fe1abb1e1ea5001234
673ef5fdd759175de8001234,673ef5fd185e65bc40001234
673ef5fd995665640d001234,673ef5fd93db85ed90001234
673ef5fdd94e18a8ad001234,673ef5fd2b8a61594b001234
673ef5fd944bdd9636001234,673ef5fd539fd53b59001234
673ef5fd4079016d94001234,673ef5fdfa7cdfad1a001234
673ef5fd0829424ffa001234,673ef5fdeddea82ad2001234
673ef5fd459a4ddcb5001234,673ef5fe4edaa105d5001234
673ef5fd2812e5cf6d001234,673ef5fe210f760a89001234
673ef5fda51fb97522001234,673ef5fe2a084e55c8001234
673ef5fda0833c8a18001234,673ef5fe7fb8ceb3bd001234
673ef5fd2df45244f0001234,673ef5fd5e388103a3001234
673ef5fd996009f237001234,673ef5fe32b30a250a001234
673ef5fd5caf41d623001234,673ef5fdca46c1b951001234
673ef5fdfd5c905bcd001234,673ef5fd8216124282001234
673ef5fdf93882cbd8001234,673ef5fd428fca9bc1001234
673ef5fd50905d7b22001234,673ef5fe372d3f309f001234
673ef5fddfd7468ac6001234,673ef5fe43fa7f58b7001234
673ef5fd2a50e9c2d6001234,673ef5fe46771d1f43001234
673ef5fdbb7946e7d8001234,673ef5fe7fec306d1e001234
673ef5fd3546ab441e001234,673ef5fdeba0dc302b001234
673ef5fd4c22bd4448001234,673ef5fef09696910b001234
673ef5fdff49cc40a8001234,673ef5fe56352739f5001234
673ef5fd9cb67ffb59001234,673ef5fe38ca89564b001234
673ef5fde48e132073001234,673ef5fea0e2a2c563001234
673ef5fd5e1b18c4c6001234,673ef5fda0a080f42e001234
673ef5fd0e55666a4a001234,673ef5fed94e18a8ad001234
673ef5fdbcc0d40028001234,673ef5fd13f3cf8c53001234
673ef5fd8b0dc65f99001234,673ef5fd98f1370821001234
673ef5fdaf47327116001234,673ef5fd53c3bce66e001234
673ef5fd8d3369c4c0001234,673ef5fda5771bce93001234
673ef5fdfb508ef074001234,673ef5fda684eceee7001234
673ef5fda9be4c2a40001234,673ef5fd5e388103a3001234
673ef5fd9683cc5f89001234,673ef5fd68264bdb65001234
673ef5fdeffc299a1a001234,673ef5fe7c9d0b1f96001234
673ef5fdcf1f78fe92001234,673ef5fdd4c2e4a329001234
673ef5fd79a49b3e37001234,673ef5fe93fb9d4b16001234
673ef5fd8d9a0adb7c001234,673ef5fdedfbe1afcf001234
673ef5fd5ca3e9b122001234,673ef5fe4e8412ad48001234
673ef5fd363763e5c3001234,673ef5fe2a9d121cd9001234
673ef5fd0c0a756691001234,673ef5fdc410003ef1001234
673ef5fd359f38463d001234,673ef5fdd96409bf89001234
673ef5fdc082681963001234,673ef5fe489d0396e6001234
673ef5fdad3019b856001234,673ef5fdabd815286b001234
673ef5fdf0dd4a99fb001234,673ef5fd839ab46820001234
673ef5fdb7087c1f4f001234,673ef5fe81e74d6785001234
673ef5fd46771d1f43001234,673ef5fe24146db4eb001234
673ef5fd7b5b23f4aa001234,673ef5fdfbd7939d67001234
673ef5fd54072f485c001234,673ef5fefa1e9c9653001234
673ef5fd0e4e946668001234,673ef5fe6aab127066001234
673ef5fd23ad3e314e001234,673ef5fda516a87cfc001234
673ef5fd9a1756fd0c001234,673ef5fe7d6044e95a001234
673ef5fd90db9da4fc001234,673ef5fd2b24d49505001234
673ef5fd9aa42b3188001234,673ef5fd705f217283001234
673ef5fd970af30e48001234,673ef5fdf5deaeeae1001234
673ef5fda8f8f60264001234,673ef5fd854d6fae5e001234
673ef5fddb6ebd0566001234,673ef5fd202cb962ac001234
673ef5fdf69e505b08001234,673ef5fd82cec96096001234
673ef5fdafe434653a001234,673ef5fec54e7837e0001234
673ef5fdb265ce60fe001234,673ef5fe210f760a89001234
673ef5fd8fb21ee7a2001234,673ef5fdfb7b9ffa54001234
673ef5fdc930eecd01001234,673ef5fd013d407166001234
673ef5fd3bbfdde884001234,673ef5fefe709c654e001234
673ef5fd0a1bf96b71001234,673ef5fdc0e190d826001234
673ef5fd01d8bae291001234,673ef5fd2ca65f58e3001234
673ef5fd4dcae38ee1001234,673ef5fe9a3d458322001234
673ef5fd95151403b0001234,673ef5fe6a61d423d0001234
673ef5fdc913303f39001234,673ef5fd44f683a841001234
673ef5fdcec6f62cfb001234,673ef5fdf2fc990265001234
673ef5fd991de292e7001234,673ef5fd2f2b265625001234
673ef5fddaa96d9681001234,673ef5fd642e92efb7001234
673ef5fdac796a52db001234,673ef5fe97275a23ca001234
673ef5fd7d6044e95a001234,673ef5fea113c1ecd3001234
673ef5fd571d3a9420001234,673ef5fe2ba8698b79001234
673ef5fd78b9cab199001234,673ef5fe92977ae4d2001234
673ef5fddc09c97fd7001234,673ef5fde70611883d001234
673ef5fde816c635ca001234,673ef5fdfde9264cf3001234
673ef5fd4e8412ad48001234,673ef5fea9eb812238001234
673ef5fdbffc98347e001234,673ef5fee22312179b001234
673ef5fd86df7dcfd8001234,673ef5fdf85454e827001234
673ef5fdf187a23c3e001234,673ef5fe22ac3c5a5b001234
673ef5fd226d1f15ec001234,673ef5fedc5689792e001234
673ef5fd1714726c81001234,673ef5fe8a146f1a3d001234
673ef5fdfa1e9c9653001234,673ef5fd9f61408e3a001234
673ef5fd1415db70fe001234,673ef5fef9be311e65001234
673ef5fd55c567fd43001234,673ef5fda733fa9b25001234
673ef5fd6490791e7a001234,673ef5fec70daf2479001234
673ef5fdcfa5301358001234,673ef5fe2de5d16682001234
673ef5fd0c9ebb2ded001234,673ef5fdf7664060cc001234
673ef5fdb5488aeff4001234,673ef5fefd2c5e4680001234
673ef5fd4dcf435435001234,673ef5fdbc6dc48b74001234
673ef5fd1cd3882394001234,673ef5fed91d1b4d82001234
673ef5fdebb7104545001234,673ef5fd5ef059938b001234
673ef5fd0f3d014eea001234,673ef5fd7cbbc409ec001234
673ef5fd83f2550373001234,673ef5fd758874998f001234
673ef5fd3fb451ca2e001234,673ef5feeffc299a1a001234
673ef5fde60e81c4cb001234,673ef5fd087408522c001234
673ef5fd5cce8dede8001234,673ef5fe0ce2ffd21f001234
673ef5fdaa486f2517001234,673ef5fe242c100dc9001234
673ef5fd99adff4569001234,673ef5fd69adc1e107001234
673ef5fd0804083708001234,673ef5fdabd815286b001234
673ef5fd748ba69d3e001234,673ef5fdb5b41fac03001234
673ef5fd17e23e50be001234,673ef5fee94f63f579001234
673ef5fdcda72177eb001234,673ef5fe708f3cf810001234
673ef5fd819c9fbfb0001234,673ef5fedd8eb9f23f001234
673ef5fd89ae0fe22c001234,673ef5fef69e505b08001234
673ef5fd204da255ae001234,673ef5fdba2fd310dc001234
673ef5fd18ead4c77c001234,673ef5fd6512bd43d9001234
673ef5fdb2dd140336001234,673ef5fed707329bec001234
673ef5fd29921001f2001234,673ef5fdfa7cdfad1a001234
673ef5fd92af93f73f001234,673ef5fefe7ee8fc19001234
673ef5fdfacf9f743b001234,673ef5fe64223ccf70001234
673ef5fdd961e9f236001234,673ef5fe5705e1164a001234
673ef5fd18d10dc6e6001234,673ef5fe7143d7fbad001234
673ef5fd7949e45600001234,673ef5fd4ea06fbc83001234
673ef5fda1afc58c6c001234,673ef5fe24146db4eb001234
673ef5fd0d4f4805c3001234,673ef5fd045117b0e0001234
673ef5fdaf5afd7f7c001234,673ef5fe8248a99e81001234
673ef5fd7e1d842d0f001234,673ef5fdacc3e04046001234
673ef5fddc5c768b5d001234,673ef5fefc49306d97001234
673ef5fd076023edc9001234,673ef5fde836d813fd001234
673ef5fd277281aada001234,673ef5fea8240cb823001234
673ef5fd228499b553001234,673ef5fd0f96613235001234
673ef5fdbcb41ccdc4001234,673ef5fea1d50185e7001234
673ef5fdd72fbbccd9001234,673ef5fdb53b3a3d6a001234
673ef5fd06a81a4fb9001234,673ef5fdd490d7b457001234
673ef5fdd88518acbc001234,673ef5fd39059724f7001234
673ef5fd309fee4e54001234,673ef5fd19ca14e7ea001234
673ef5fdc559da2ba9001234,673ef5fea8e864d04c001234
673ef5fdf3173935ed001234,673ef5fdb83aac23b9001234
673ef5fdfaafda6620001234,673ef5feb706835de7001234
673ef5fda14ac55a4f001234,673ef5fd00411460f7001234
673ef5fd7a6a74cbe8001234,673ef5fdc9f0f895fb001234
673ef5fde9fd7c2c66001234,673ef5fedb2b418215001234
673ef5fd962e56a8a0001234,673ef5fe82489c9737001234
673ef5fdf60bb6bb4c001234,673ef5feb56a18e0ea001234
673ef5fdfc528592c3001234,673ef5fe0d0871f080001234
673ef5fd9327969053001234,673ef5feb571ecea16001234
673ef5fda981f2b708001234,673ef5fd1a5b1e4daa001234
673ef5fd97d0145823001234,673ef5fd185e65bc40001234
673ef5fdefb76cff97001234,673ef5fe3eb71f6293001234
673ef5fd5c50b4df4b001234,673ef5fea7d8ae4569001234
673ef5fd0771fc6f0f001234,673ef5fd69421f0324001234
673ef5fd1c54985e4f001234,673ef5fda5bfc9e079001234
673ef5fd3c1e4bd671001234,673ef5fd735b90b456001234
673ef5fd84f0f20482001234,673ef5fe0a0a0c8aaa001234
673ef5fd10c272d067001234,673ef5fd07e1cd7dca001234
673ef5fdc1fea270c4001234,673ef5fea34bacf839001234
673ef5fd7437d13677001234,673ef5fde5841df216001234
673ef5fd96de2547f4001234,673ef5fec3e0c62ee9001234
673ef5fd973a5f0ccb001234,673ef5fed282ef2637001234
673ef5fdcc42acc8ce001234,673ef5fd0584ce565c001234
673ef5fde1696007be001234,673ef5fdd840cc5d90001234
673ef5fdb2531e7bb2001234,673ef5fe3948ead63a001234
673ef5fde449b9317d001234,673ef5fded265bc903001234
673ef5fde8d92f99ed001234,673ef5fef0adc8838f001234
673ef5fd158fc2ddd5001234,673ef5fd49182f81e6001234
673ef5fdcdf1035c34001234,673ef5fd35051070e5001234
673ef5fd757f843a16001234,673ef5feda11e8cd18001234
673ef5fd5d79099fcd001234,673ef5fd2723d092b6001234
673ef5fd8303a79b1e001234,673ef5fee6cb2a3c14001234
673ef5fd4921f95baf001234,673ef5fe4e0cb6fb5f001234
673ef5fd26751be118001234,673ef5fd3d2d8ccb37001234
673ef5fde721a54a8c001234,673ef5fe82489c9737001234
673ef5fd673271cc47001234,673ef5fd20f07591c6001234
673ef5fd9fe97fff97001234,673ef5fd9188905e74001234
673ef5fd375c71349b001234,673ef5fd88ae6372cf001234
673ef5fd8bb88f80d3001234,673ef5fd6a10bbd480001234
673ef5fd5a142a5546001234,673ef5fdfe73f687e5001234
673ef5fd0efbe98067001234,673ef5fdc9f0f895fb001234
673ef5fdfc6709bfdf001234,673ef5fe0e095e054e001234
673ef5fd28dc6b0e1b001234,673ef5fe2290a7385e001234
673ef5fd25e2a30f44001234,673ef5fd8df707a948001234
673ef5fd70ece1e1e0001234,673ef5fd53fde96fcc001234
673ef5fd84c6494d30001234,673ef5fec6036a69be001234
673ef5fd752d25a1f8001234,673ef5fe3bf55bbad3001234
673ef5fdb3b43aeeac001234,673ef5fd08c5433a60001234
673ef5fd955a1584af001234,673ef5fe0ed9422357001234
673ef5fd97d9811903001234,673ef5fe86e8f7ab32001234
673ef5fdfc9b003bb0001234,673ef5fe01d8bae291001234
673ef5fda63fc8c5d9001234,673ef5fd40008b9a53001234
673ef5fdd8d31bd778001234,673ef5fea2137a2ae8001234
673ef5fdcefab442b1001234,673ef5fdeda80a3d5b001234
673ef5fd2612aa892d001234,673ef5fe6e7d2da6d3001234
673ef5fd94e4451ad2001234,673ef5fe07871915a8001234
673ef5fd8698ff9211001234,673ef5fec850371fda001234
673ef5fde8fd4a8a5b001234,673ef5fe602d130567001234
673ef5fd4abe17a1c8001234,673ef5fd07a96b1f61001234
673ef5fd36d7534290001234,673ef5fd3cf166c6b7001234
673ef5fd4a2ddf148c001234,673ef5fea34bacf839001234
673ef5fd393c55aea7001234,673ef5fd6da9003b74001234
673ef5fd6449f44a10001234,673ef5fe043c3d7e48001234
673ef5fdecd62de20e001234,673ef5fd884d247c6f001234
673ef5fd052335232b001234,673ef5fd46ba9f2a69001234
673ef5fd0731460a8a001234,673ef5fe9908279ebb001234
673ef5fd90599c8fdd001234,673ef5fde4da3b7fbb001234
673ef5fd8d9fc2308c001234,673ef5feaeb3135b43001234
673ef5fd0533a88890001234,673ef5fd182be0c5cd001234
673ef5fdf39ae9ff3a001234,673ef5fefd2c5e4680001234
673ef5fddc40b7120e001234,673ef5fef7f580e11d001234
673ef5fd90e1357833001234,673ef5fd2468192842001234
673ef5fd7ffd85d93a001234,673ef5fe540ae6b0f6001234
673ef5fdd1e946f4e6001234,673ef5fefa3a3c407f001234
673ef5fd1f1baa5b8e001234,673ef5fec70daf2479001234
673ef5fd6e79ed05ba001234,673ef5fd5e388103a3001234
673ef5fdf542eae194001234,673ef5fe4b6538a44a001234
673ef5fdf0bbac6fa0001234,673ef5fd66f041e16a001234
673ef5fdfaacbcd5bf001234,673ef5fd0f28b5d49b001234
673ef5fdf2d887e01a001234,673ef5feb706835de7001234
673ef5fd596dedf449001234,673ef5fe46771d1f43001234
673ef5fded519dacc8001234,673ef5fda0a080f42e001234
673ef5fdf442d33fa0001234,673ef5fd18997733ec001234
673ef5fdfface8385a001234,673ef5fd0deb1c5481001234
673ef5fd4496bf24af001234,673ef5fea26398dca6001234
673ef5fd069654d5ce001234,673ef5fe522a9ae9a9001234
673ef5fd61b1fb3f59001234,673ef5fd19ca14e7ea001234
673ef5fd9a1de01f89001234,673ef5fe0245952ecf001234
673ef5fddfce06801e001234,673ef5fe883e881bb4001234
673ef5fdf26dab9bf6001234,673ef5fd979d472a84001234
673ef5fdd765758305001234,673ef5fd30bb3825e8001234
673ef5fd82cadb0649001234,673ef5fd285e19f20b001234
673ef5fd8c3039bd58001234,673ef5fea0833c8a18001234
673ef5fdff1418e8cc001234,673ef5feda0d1111d2001234
673ef5fdd7fd118e6f001234,673ef5fe65cc2c8205001234
673ef5fd537de305e9001234,673ef5fd28dd2c7955001234
673ef5fdd072677d21001234,673ef5fd6512bd43d9001234
673ef5fd69d1fc78db001234,673ef5fe3b712de481001234
673ef5fda19acd7d26001234,673ef5fdab233b682e001234
673ef5fdc164bbc9d6001234,673ef5fef7f580e11d001234
673ef5fd68c694de94001234,673ef5fe0768281a05001234
673ef5fdba9a56ce0a001234,673ef5fd19ca14e7ea001234
673ef5fd3214a6d842001234,673ef5fdf0e52b27a7001234
673ef5fdf0fcf351df001234,673ef5fe8248a99e81001234
673ef5fdc366c2c97d001234,673ef5fd37693cfc74001234
673ef5fd2d1b2a5ff3001234,673ef5fd01161aaa0b001234
673ef5fd865dfbde8a001234,673ef5fe7d771e0e8f001234
673ef5fd5fa9e41bfe001234,673ef5fe286674e308001234
673ef5fdaf3303f852001234,673ef5feb55ec28c52001234
673ef5fdd54e99a6c0001234,673ef5fedf6d2338b2001234
673ef5fdfc4ddc15f9001234,673ef5fe9701a1c165001234
673ef5fdc91591a8d4001234,673ef5fe8fb21ee7a2001234
673ef5fd73e0f7487b001234,673ef5fd33e8075e99001234
673ef5fddea9ddb25c001234,673ef5fd2dea61eed4001234
673ef5fd77369e37b2001234,673ef5fddc912a253d001234
673ef5fd07a4e20a7b001234,673ef5fd6aca97005c001234
673ef5fd0950ca92a4001234,673ef5fd94f6d7e04a001234
673ef5fd5103c3584b001234,673ef5fe90794e3b05001234
673ef5fd5bce843dd7001234,673ef5fdeda80a3d5b001234
673ef5fd52d2752b15001234,673ef5fdb73ce398c3001234
673ef5fd8d55a249e6001234,673ef5fe3e313b9bad001234
673ef5fd11108a3dbf001234,673ef5fedb576a7d24001234
673ef5fd519c841559001234,673ef5fd46922a0880001234
673ef5fd1f71e393b3001234,673ef5fdfe9fc289c3001234
673ef5fd03e7d2ebec001234,673ef5fd149e9677a5001234
673ef5fde3408432c1001234,673ef5fe0188e8b8b0001234
673ef5fdd77f00766f001234,673ef5feafe434653a001234
673ef5fde4dd5528f7001234,673ef5fe991de292e7001234
673ef5fdf106b7f99d001234,673ef5fde56954b4f6001234
673ef5fd95f6870ff3001234,673ef5fd3ef815416f001234
673ef5fdd46e1fcf4c001234,673ef5feaf21d0c97d001234
673ef5fd3683af9d6f001234,673ef5fee11943a603001234
673ef5fd98c7242894001234,673ef5fd8613985ec4001234
673ef5fddeb54ffb41001234,673ef5feab541d874c001234
673ef5fd798cebccb3001234,673ef5fd647bba3443001234
673ef5fddc513ea4fb001234,673ef5fe704afe0739001234
673ef5fd008bd5ad93001234,673ef5fe0e4e946668001234
673ef5fd6351bf9dce001234,673ef5fd66368270ff001234
673ef5fd06964dce9a001234,673ef5fe5ca3e9b122001234
673ef5fdd0fb963ff9001234,673ef5feb7087c1f4f001234
673ef5fdd47268e9db001234,673ef5fedabd8d2ce7001234
673ef5fda00e5eb097001234,673ef5fe8b6dd7db9a001234
673ef5fdef8446f355001234,673ef5fe55b1927fda001234
673ef5fd253614bbac001234,673ef5fd16a5cdae36001234
673ef5fd8038da89e4001234,673ef5fee53a0a2978001234
673ef5fd65d2ea0342001234,673ef5fd3cf166c6b7001234
673ef5fd8d8818c8e1001234,673ef5fe1e056d2b0e001234
673ef5fdea6b2efbdd001234,673ef5fda4a042cf4f001234
673ef5fd3a824154b1001234,673ef5fef0adc8838f001234
673ef5fd5531a58348001234,673ef5fe02a32ad266001234
673ef5fdc92a103243001234,673ef5fef9a40a4780001234
673ef5fdd860edd1dd001234,673ef5fe41bfd20a38001234
673ef5fd88ef51f0bf001234,673ef5fdf457c545a9001234
673ef5fd5352696a9c001234,673ef5fe7940ab4746001234
673ef5fdd198bd736a001234,673ef5fea284df1155001234
673ef5fd23d2e15785001234,673ef5fee325107555001234
673ef5fd89885ff2c8001234,673ef5fd1679091c5a001234
673ef5fdd8330f857a001234,673ef5fd158f3069a4001234
673ef5fd0189caa552001234,673ef5fdd18f655c3f001234
673ef5fd06b1338ba0001234,673ef5fd10a7cdd970001234
673ef5fdaebf7782a3001234,673ef5fdccb0989662001234
673ef5fd584b98aac2001234,673ef5fe766d856ef1001234
673ef5fdf3e52c300b001234,673ef5fd7f1171a78c001234
673ef5fd9afefc5294001234,673ef5fd8e296a067a001234
673ef5fda96d3afec1001234,673ef5fd698d51a19d001234
673ef5fd52dbb0686f001234,673ef5fd06eb61b839001234
673ef5fd6f4920ea25001234,673ef5fefd2c5e4680001234
673ef5fdfb2e203234001234,673ef5fd18d8042386001234
673ef5fd1f4fe6a441001234,673ef5fe430c3626b8001234
673ef5fd6492d38d73001234,673ef5fea4d2f0d23d001234
673ef5fd654ad60ebd001234,673ef5fd4c27cea852001234
673ef5fd3e9e39fed3001234,673ef5fe1c1d4df596001234
673ef5fda088ea2078001234,673ef5fe8f7d807e1f001234
673ef5fd4d6b3e38b9001234,673ef5fef47d0ad31c001234
673ef5fdbf424cb7b0001234,673ef5fe23ad3e314e001234
673ef5fd26f5bd4aa6001234,673ef5fd758874998f001234
673ef5fdb2ab001909001234,673ef5fedabd8d2ce7001234
673ef5fd194cf6c2de001234,673ef5fe8f468c873a001234
673ef5fda03fa30821001234,673ef5fd28f0b86459001234
673ef5fd978d76676f001234,673ef5fdd5cfead94f001234
673ef5fd2cad8fa47b001234,673ef5fdf5f8590cd5001234
673ef5fdc5866e93ca001234,673ef5fe8f468c873a001234
673ef5fde7e2367048001234,673ef5fecbb6a3b884001234
673ef5fd24f0d2c904001234,673ef5fd8f121ce07d001234
673ef5fdc6335734db001234,673ef5fdd82c8d1619001234
673ef5fd51174add1c001234,673ef5fdacc3e04046001234
673ef5fdbdc4626aa1001234,673ef5fe65cc2c8205001234
673ef5fd4ba3c163cd001234,673ef5fe7c82fab8c8001234
673ef5fd3937230de3001234,673ef5fd3b8a614226001234
673ef5fdabdbeb4d8d001234,673ef5fec2626d850c001234
673ef5fd5a1e3a5aed001234,673ef5fe14d9e8007c001234
673ef5fdef41d48875001234,673ef5fe1efa39bcae001234
673ef5fd3b92d18aa7001234,673ef5fdb337e84de8001234
673ef5fdcd4bb35c75001234,673ef5fd0d7de1aca9001234
673ef5fda869ccbcbd001234,673ef5fe359f38463d001234
673ef5fdf6e794a75c001234,673ef5feb86e8d03fe001234
673ef5fdc902b497eb001234,673ef5fe84d2004bf2001234
673ef5fd4e62e752ae001234,673ef5fdeb6fdc36b2001234
673ef5fd1943102704001234,673ef5fee11943a603001234
673ef5fd2a34abd6eb001234,673ef5fe01882513d5001234
673ef5fd9f44e956e3001234,673ef5fea284df1155001234
673ef5fdc182f930a0001234,673ef5fd6855456e2f001234
673ef5fd24917db15c001234,673ef5fdbeed13602b001234
673ef5fda381c2c35c001234,673ef5fe84438b7aae001234
673ef5fdee26fc66b1001234,673ef5fe215a71a127001234
673ef5fdd542599794001234,673ef5fe2812e5cf6d001234
673ef5fd1819932ff5001234,673ef5fde6b4b2a746001234
673ef5fd8929c70f8d001234,673ef5fe28267ab848001234
673ef5fd2596a54cdb001234,673ef5fd1c383cd30b001234
673ef5fd88a839f2f6001234,673ef5fd8eefcfdf59001234
673ef5fd7bc1ec1d9c001234,673ef5fe298923c819001234
673ef5fdd1a21da7bc001234,673ef5feeffc299a1a001234
673ef5fdbb1662b7c5001234,673ef5fd258be18e31001234
673ef5fd00a03ec653001234,673ef5fe5eac43aceb001234
673ef5fdf12ee9734e001234,673ef5fe2cfd456053001234
673ef5fd81b3833e25001234,673ef5fe838e8afb1c001234
673ef5fde2ad76f232001234,673ef5fe03e0704b56001234
673ef5fd1c6a019817001234,673ef5fec44e503833001234
673ef5fd0a87257e53001234,673ef5fe792c7b5aae001234
673ef5fd71560ce98c001234,673ef5fdb5b41fac03001234
673ef5fd8c5f6ecd29001234,673ef5fe3b712de481001234
673ef5fd25db67c565001234,673ef5fe1141938ba2001234
673ef5fdea119a40c1001234,673ef5fd43ec517d68001234
673ef5fd5249ee8e0c001234,673ef5fd67f7fb873e001234
673ef5fddd28e50635001234,673ef5fdb73dfe25b4001234
673ef5fd2d969e2cee001234,673ef5fd5f93f98352001234
673ef5fd4b4edc2630001234,673ef5fec8fbbc86ab001234
673ef5fd06d5ae105e001234,673ef5fe3546ab441e001234
673ef5fdfea9c11c4a001234,673ef5fdb3967a0e93001234
673ef5fdcd3afef9b8001234,673ef5fef57a2f557b001234
673ef5fdf3d9de8646001234,673ef5fefc2c7c47b9001234
673ef5fd02e656adee001234,673ef5fe491442df5f001234
673ef5fd5938b4d054001234,673ef5fd084b6fbb10001234
673ef5fdd2a27e83d4001234,673ef5feee8374ec4e001234
673ef5fd8ca8da41fe001234,673ef5fe3cef96dcc9001234
673ef5fdefdf562ce2001234,673ef5fe2de5d16682001234
673ef5fd6cd9313ed3001234,673ef5fe3bf55bbad3001234
673ef5fd329e6581ef001234,673ef5fe05311655a1001234
673ef5fdb166b57d19001234,673ef5fe359f38463d001234
673ef5fd2952351097001234,673ef5fe4b6538a44a001234
673ef5fdd4dd111a4f001234,673ef5fdcf004fdc76001234
673ef5fdb6e32320fa001234,673ef5fed6723e7cd6001234
673ef5fd243facb295001234,673ef5fece78d1da25001234
