id,id_event,id_location
0,67387e97cfcd208495001234,67387e971700002963001234
1,67387e97c4ca4238a0001234,67387e97a4f23670e1001234
2,67387e97c81e728d9d001234,67387e9767f7fb873e001234
3,67387e97eccbc87e4b001234,67387e9792cc227532001234
4,67387e97a87ff679a2001234,67387e97eae27d77ca001234
5,67387e97e4da3b7fbb001234,67387e9737a749d808001234
6,67387e971679091c5a001234,67387e97e7b24b112a001234
7,67387e978f14e45fce001234,67387e97c52f1bd66c001234
8,67387e97c9f0f895fb001234,67387e970d0fd7c6e0001234
9,67387e9745c48cce2e001234,67387e97a87ff679a2001234
10,67387e97d3d9446802001234,67387e97a3c65c2974001234
11,67387e976512bd43d9001234,67387e9713f9896df6001234
12,67387e97c20ad4d76f001234,67387e97352fe25daf001234
13,67387e97c51ce410c1001234,67387e97a87ff679a2001234
14,67387e97aab3238922001234,67387e97013d407166001234
15,67387e979bf31c7ff0001234,67387e97ac1dd209cb001234
16,67387e97c74d97b01e001234,67387e97854d6fae5e001234
17,67387e9770efdf2ec9001234,67387e979b70e8fe62001234
18,67387e976f4922f455001234,67387e97d82c8d1619001234
19,67387e971f0e3dad99001234,67387e97c5ff2543b5001234
20,67387e9798f1370821001234,67387e977647966b73001234
21,67387e973c59dc048e001234,67387e976974ce5ac6001234
22,67387e97b6d767d2f8001234,67387e97ad13a2a07c001234
23,67387e9737693cfc74001234,67387e9744f683a841001234
24,67387e971ff1de7740001234,67387e97f899139df5001234
25,67387e978e296a067a001234,67387e971534b76d32001234
26,67387e974e732ced34001234,67387e973dd48ab31d001234
27,67387e9702e74f10e0001234,67387e979a1158154d001234
28,67387e9733e75ff09d001234,67387e9744f683a841001234
29,67387e976ea9ab1baa001234,67387e97274ad4786c001234
30,67387e9734173cb38f001234,67387e976da9003b74001234
31,67387e97c16a5320fa001234,67387e97d2ddea18f0001234
32,67387e976364d3f0f4001234,67387e978e6b42f164001234
33,67387e97182be0c5cd001234,67387e97b9228e0962001234
34,67387e97e369853df7001234,67387e977a614fd06c001234
35,67387e971c383cd30b001234,67387e977e7757b1e1001234
36,67387e9719ca14e7ea001234,67387e97371bce7dc8001234
37,67387e97a5bfc9e079001234,67387e979be40cee5b001234
38,67387e97a5771bce93001234,67387e97d2ddea18f0001234
39,67387e97d67d8ab4f4001234,67387e973416a75f4c001234
40,67387e97d645920e39001234,67387e97c52f1bd66c001234
41,67387e973416a75f4c001234,67387e979766527f2b001234
42,67387e97a1d0c6e83f001234,67387e97dc912a253d001234
43,67387e9717e62166fc001234,67387e97cd00692c3b001234
44,67387e97f7177163c8001234,67387e978f14e45fce001234
45,67387e976c8349cc72001234,67387e97091d584fce001234
46,67387e97d9d4f495e8001234,67387e97cedebb6e87001234
47,67387e9767c6a1e7ce001234,67387e978cb22bdd0b001234
48,67387e97642e92efb7001234,67387e972b24d49505001234
49,67387e97f457c545a9001234,67387e97f4b9ec30ad001234
50,67387e97c0c7c76d30001234,67387e97e44fea3bec001234
51,67387e972838023a77001234,67387e9742a0e188f5001234
52,67387e979a1158154d001234,67387e9706eb61b839001234
53,67387e97d82c8d1619001234,67387e9700ec53c468001234
54,67387e97a684eceee7001234,67387e976855456e2f001234
55,67387e97b53b3a3d6a001234,67387e9741ae36ecb9001234
56,67387e979f61408e3a001234,67387e97a96b65a721001234
57,67387e9772b32a1f75001234,67387e972421fcb126001234
58,67387e9766f041e16a001234,67387e9716a5cdae36001234
59,67387e97093f65e080001234,67387e97d09bf41544001234
60,67387e97072b030ba1001234,67387e97b9228e0962001234
61,67387e977f39f8317f001234,67387e976da9003b74001234
62,67387e9744f683a841001234,67387e97e46de7e1bc001234
63,67387e9703afdbd66e001234,67387e97a0a080f42e001234
64,67387e97ea5d2f1c46001234,67387e97cfcd208495001234
65,67387e97fc490ca45c001234,67387e979a96876e2f001234
66,67387e973295c76acb001234,67387e97a5e0013237001234
67,67387e97735b90b456001234,67387e9717d63b1625001234
68,67387e97a3f390d88e001234,67387e9702522a2b27001234
69,67387e9714bfa6bb14001234,67387e9757aeee35c9001234
70,67387e977cbbc409ec001234,67387e97cf004fdc76001234
71,67387e97e2c420d928001234,67387e97eb16372791001234
72,67387e9732bb90e897001234,67387e97854d9fca60001234
73,67387e97d2ddea18f0001234,67387e9770c639df5e001234
74,67387e97ad61ab1432001234,67387e97ad61ab1432001234
75,67387e97d09bf41544001234,67387e979fd81843ad001234
76,67387e97fbd7939d67001234,67387e97d61e4bbd63001234
77,67387e9728dd2c7955001234,67387e976a9aeddfc6001234
78,67387e9735f4a8d465001234,67387e97598b3e71ec001234
79,67387e97d1fe173d08001234,67387e976ecbdd6ec8001234
80,67387e97f033ab37c3001234,67387e978efb100a29001234
81,67387e9743ec517d68001234,67387e978e98d81f82001234
82,67387e979778d5d219001234,67387e970353ab4cbe001234
83,67387e97fe9fc289c3001234,67387e975fd0b37cd7001234
84,67387e9768d30a9594001234,67387e972838023a77001234
85,67387e973ef815416f001234,67387e97d82c8d1619001234
86,67387e9793db85ed90001234,67387e9770efdf2ec9001234
87,67387e97c7e1249ffc001234,67387e978f85517967001234
88,67387e972a38a4a931001234,67387e97f770b62bc8001234
89,67387e977647966b73001234,67387e97b3967a0e93001234
90,67387e978613985ec4001234,67387e9719ca14e7ea001234
91,67387e9754229abfcf001234,67387e97dc6a648964001234
92,67387e9792cc227532001234,67387e9726e359e838001234
93,67387e9798dce83da5001234,67387e971f0e3dad99001234
94,67387e97f4b9ec30ad001234,67387e97352fe25daf001234
95,67387e97812b4ba287001234,67387e978c19f571e2001234
96,67387e9726657d5ff9001234,67387e977647966b73001234
97,67387e97e2ef524fbf001234,67387e973fe94a0023001234
98,67387e97ed3d2c2199001234,67387e97e4da3b7fbb001234
99,67387e97ac627ab1cc001234,67387e9734ed066df3001234
100,67387e97f899139df5001234,67387e97efe937780e001234
101,67387e9738b3eff8ba001234,67387e97d645920e39001234
102,67387e97ec8956637a001234,67387e97060ad92489001234
103,67387e976974ce5ac6001234,67387e973cec07e9ba001234
104,67387e97c9e1074f5b001234,67387e97ed3d2c2199001234
105,67387e9765b9eea6e1001234,67387e97f7664060cc001234
106,67387e97f0935e4cd5001234,67387e979fc3d7152b001234
107,67387e97a97da629b0001234,67387e973c7781a36b001234
108,67387e97a3c65c2974001234,67387e978d7d8ee069001234
109,67387e972723d092b6001234,67387e9733e75ff09d001234
110,67387e975f93f98352001234,67387e97d09bf41544001234
111,67387e97698d51a19d001234,67387e972a38a4a931001234
112,67387e977f6ffaa6bb001234,67387e975a4b25aaed001234
113,67387e9773278a4a86001234,67387e97a3c65c2974001234
114,67387e975fd0b37cd7001234,67387e97a96b65a721001234
115,67387e972b44928ae1001234,67387e97d61e4bbd63001234
116,67387e97c45147dee7001234,67387e970e01938fc4001234
117,67387e97eb160de1de001234,67387e977d04bbbe54001234
118,67387e975ef059938b001234,67387e97d67d8ab4f4001234
119,67387e9707e1cd7dca001234,67387e97f2217062e9001234
120,67387e97da4fb5c6e9001234,67387e9774db120f0a001234
121,67387e974c56ff4ce4001234,67387e9749182f81e6001234
122,67387e97a0a080f42e001234,67387e97f85454e827001234
123,67387e97202cb962ac001234,67387e976f3ef77ac0001234
124,67387e97c8ffe9a587001234,67387e97ad61ab1432001234
125,67387e973def184ad8001234,67387e97d1f255a373001234
126,67387e97069059b7ef001234,67387e970353ab4cbe001234
127,67387e97ec5decca5e001234,67387e976da37dd313001234
128,67387e9776dc611d6e001234,67387e97c7e1249ffc001234
129,67387e97d1f491a404001234,67387e97013d407166001234
130,67387e979b8619251a001234,67387e97fe9fc289c3001234
131,67387e971afa34a7f9001234,67387e97c0e190d826001234
132,67387e9765ded5353c001234,67387e97c8ffe9a587001234
133,67387e979fc3d7152b001234,67387e971d7f7abc18001234
134,67387e9702522a2b27001234,67387e97cfcd208495001234
135,67387e977f1de29e6d001234,67387e978fe0093bb3001234
136,67387e9742a0e188f5001234,67387e97310dcbbf4c001234
137,67387e973988c7f88e001234,67387e97cb70ab3756001234
138,67387e97013d407166001234,67387e97ddb30680a6001234
139,67387e97e00da03b68001234,67387e97e7b24b112a001234
140,67387e971385974ed5001234,67387e97320722549d001234
141,67387e970f28b5d49b001234,67387e97502e4a1693001234
142,67387e97a8baa56554001234,67387e972b24d49505001234
143,67387e97903ce9225f001234,67387e9700411460f7001234
144,67387e970a09c8844b001234,67387e971068c6e4c8001234
145,67387e972b24d49505001234,67387e9739059724f7001234
146,67387e97a5e0013237001234,67387e97182be0c5cd001234
147,67387e978d5e957f29001234,67387e97a02ffd91ec001234
148,67387e9747d1e99058001234,67387e972b24d49505001234
149,67387e97f2217062e9001234,67387e97093f65e080001234
150,67387e977ef605fc8d001234,67387e97069059b7ef001234
151,67387e97a8f15eda80001234,67387e97f033ab37c3001234
152,67387e9737a749d808001234,67387e971679091c5a001234
153,67387e97b3e3e393c7001234,67387e97d09bf41544001234
154,67387e971d7f7abc18001234,67387e9767c6a1e7ce001234
155,67387e972a79ea27c2001234,67387e97555d6702c9001234
156,67387e971c9ac0159c001234,67387e9745c48cce2e001234
157,67387e976c4b761a28001234,67387e9700411460f7001234
158,67387e970640966322001234,67387e9792cc227532001234
159,67387e97140f6969d5001234,67387e9720f07591c6001234
160,67387e97b73ce398c3001234,67387e976364d3f0f4001234
161,67387e97bd4c9ab730001234,67387e97c86a7ee3d8001234
162,67387e9782aa4b0af3001234,67387e977eacb53257001234
163,67387e970777d5c17d001234,67387e976da9003b74001234
164,67387e97fa7cdfad1a001234,67387e970c74b7f784001234
165,67387e979766527f2b001234,67387e9745fbc6d3e0001234
166,67387e977e7757b1e1001234,67387e9731fefc0e57001234
167,67387e975878a7ab84001234,67387e97d2ddea18f0001234
168,67387e97006f52e910001234,67387e97d09bf41544001234
169,67387e973636638817001234,67387e972050e03ca1001234
170,67387e97149e9677a5001234,67387e97502e4a1693001234
171,67387e97a4a042cf4f001234,67387e97a02ffd91ec001234
172,67387e971ff8a7b5dc001234,67387e97149e9677a5001234
173,67387e97f7e6c85504001234,67387e97fc22130974001234
174,67387e97bf8229696f001234,67387e976c9882bbac001234
175,67387e978216124282001234,67387e970f49c89d1e001234
176,67387e9738af86134b001234,67387e97149e9677a5001234
177,67387e9796da2f590c001234,67387e97274ad4786c001234
178,67387e978f85517967001234,67387e97072b030ba1001234
179,67387e978f53295a73001234,67387e9741f1f19176001234
180,67387e97045117b0e0001234,67387e972f55707d41001234
181,67387e97fc22130974001234,67387e9735051070e5001234
182,67387e974c5bde74a8001234,67387e97f7e6c85504001234
183,67387e97cedebb6e87001234,67387e975878a7ab84001234
184,67387e976cdd60ea00001234,67387e975878a7ab84001234
185,67387e97eecca5b636001234,67387e978216124282001234
186,67387e979872ed9fc2001234,67387e9702522a2b27001234
187,67387e9731fefc0e57001234,67387e97ca46c1b951001234
188,67387e979dcb88e013001234,67387e97eba0dc302b001234
189,67387e97a2557a7b2e001234,67387e9742e7aaa88b001234
190,67387e97cfecdb276f001234,67387e97854d6fae5e001234
191,67387e970aa1883c64001234,67387e972a38a4a931001234
192,67387e9758a2fc6ed3001234,67387e9763dc7ed101001234
193,67387e97bd686fd640001234,67387e97c9f0f895fb001234
194,67387e97a597e50502001234,67387e97320722549d001234
195,67387e970336dcbab0001234,67387e9758a2fc6ed3001234
196,67387e97084b6fbb10001234,67387e976ecbdd6ec8001234
197,67387e9785d8ce590a001234,67387e971d7f7abc18001234
198,67387e970e65972dce001234,67387e976c8349cc72001234
199,67387e9784d9ee44e4001234,67387e97c4ca4238a0001234
200,67387e973644a684f9001234,67387e9737a749d808001234
201,67387e97757b505cfd001234,67387e97a5e0013237001234
202,67387e97854d6fae5e001234,67387e97c74d97b01e001234
203,67387e97e2c0be2456001234,67387e9739059724f7001234
204,67387e97274ad4786c001234,67387e9738db3aed92001234
205,67387e97eae27d77ca001234,67387e9702522a2b27001234
206,67387e977eabe3a164001234,67387e9798dce83da5001234
207,67387e9769adc1e107001234,67387e979dfcd5e558001234
208,67387e97091d584fce001234,67387e97d9fc5b73a8001234
209,67387e97b1d10e7baf001234,67387e97d9d4f495e8001234
210,67387e976f3ef77ac0001234,67387e97eed5af6add001234
211,67387e97eb16372791001234,67387e974c5bde74a8001234
212,67387e971534b76d32001234,67387e97c81e728d9d001234
213,67387e97979d472a84001234,67387e970aa1883c64001234
214,67387e97ca46c1b951001234,67387e9707e1cd7dca001234
215,67387e973b8a614226001234,67387e97ec5decca5e001234
216,67387e9745fbc6d3e0001234,67387e970c74b7f784001234
217,67387e9763dc7ed101001234,67387e97a8f15eda80001234
218,67387e97e96ed478da001234,67387e97352fe25daf001234
219,67387e97c0e190d826001234,67387e9703afdbd66e001234
220,67387e97ec8ce6abb3001234,67387e97d07e70efcf001234
221,67387e97060ad92489001234,67387e97f8c1f23d6a001234
222,67387e97bcbe3365e6001234,67387e97bbf94b34eb001234
223,67387e97115f895031001234,67387e97d1f491a404001234
224,67387e9713fe9d8431001234,67387e977ef605fc8d001234
225,67387e97d1c38a09ac001234,67387e970a09c8844b001234
226,67387e979cfdf10e8f001234,67387e975737c6ec2e001234
227,67387e97705f217283001234,67387e97e2c420d928001234
228,67387e9774db120f0a001234,67387e9726e359e838001234
229,67387e9757aeee35c9001234,67387e97eba0dc302b001234
230,67387e976da9003b74001234,67387e97d1f491a404001234
231,67387e979b04d15284001234,67387e97555d6702c9001234
232,67387e97be83ab3ecd001234,67387e97812b4ba287001234
233,67387e97e165421110001234,67387e97a3c65c2974001234
234,67387e97289dff0766001234,67387e97fa7cdfad1a001234
235,67387e97577ef1154f001234,67387e97eecca5b636001234
236,67387e9701161aaa0b001234,67387e97a8c88a0055001234
237,67387e97539fd53b59001234,67387e97f4f6dce2f3001234
238,67387e97ac1dd209cb001234,67387e9700411460f7001234
239,67387e97555d6702c9001234,67387e9734ed066df3001234
240,67387e97335f535208001234,67387e976512bd43d9001234
241,67387e97f340f1b1f6001234,67387e977a614fd06c001234
242,67387e97e4a6222cdb001234,67387e97ec8956637a001234
243,67387e97cb70ab3756001234,67387e9717e62166fc001234
244,67387e979188905e74001234,67387e97ad61ab1432001234
245,67387e970266e33d3f001234,67387e97006f52e910001234
246,67387e9738db3aed92001234,67387e9713f3cf8c53001234
247,67387e973cec07e9ba001234,67387e979a96876e2f001234
248,67387e97621bf66ddb001234,67387e9776dc611d6e001234
249,67387e97077e29b11b001234,67387e972050e03ca1001234
250,67387e976c9882bbac001234,67387e9742e7aaa88b001234
251,67387e9719f3cd308f001234,67387e97854d9fca60001234
252,67387e9703c6b06952001234,67387e9755a7cf9c71001234
253,67387e97c24cd76e1c001234,67387e975a4b25aaed001234
254,67387e97c52f1bd66c001234,67387e9725b2822c2f001234
255,67387e97fe131d7f5a001234,67387e9765ded5353c001234
256,67387e97f718499c1c001234,67387e975fd0b37cd7001234
257,67387e97d96409bf89001234,67387e979b70e8fe62001234
258,67387e97502e4a1693001234,67387e970a09c8844b001234
259,67387e97cfa0860e83001234,67387e97a684eceee7001234
260,67387e97a4f23670e1001234,67387e97a5bfc9e079001234
261,67387e97b1a59b315f001234,67387e97c5ff2543b5001234
262,67387e9736660e5985001234,67387e97c9f0f895fb001234
263,67387e978c19f571e2001234,67387e978e6b42f164001234
264,67387e97d6baf65e0b001234,67387e97705f217283001234
265,67387e97e56954b4f6001234,67387e97115f895031001234
266,67387e97f7664060cc001234,67387e97577bcc914f001234
267,67387e97eda80a3d5b001234,67387e977a614fd06c001234
268,67387e978f121ce07d001234,67387e97877a9ba7a9001234
269,67387e9706138bc5af001234,67387e97ef0d3930a7001234
270,67387e9739059724f7001234,67387e97c058f544c7001234
271,67387e977f100b7b36001234,67387e978e296a067a001234
272,67387e977a614fd06c001234,67387e97b9228e0962001234
273,67387e974734ba6f3d001234,67387e97b7b16ecf8c001234
274,67387e97d947bf06a8001234,67387e970a09c8844b001234
275,67387e9763923f49e5001234,67387e979461cce28e001234
276,67387e97db8e1af0cb001234,67387e97c86a7ee3d8001234
277,67387e9720f07591c6001234,67387e978fe0093bb3001234
278,67387e9707cdfd2337001234,67387e976855456e2f001234
279,67387e97d395771085001234,67387e97bcbe3365e6001234
280,67387e9792c8c96e4c001234,67387e9735f4a8d465001234
281,67387e97e3796ae838001234,67387e97a2557a7b2e001234
282,67387e976a9aeddfc6001234,67387e9767f7fb873e001234
283,67387e970f49c89d1e001234,67387e9747d1e99058001234
284,67387e9746ba9f2a69001234,67387e976da37dd313001234
285,67387e970e01938fc4001234,67387e9785d8ce590a001234
286,67387e9716a5cdae36001234,67387e9767c6a1e7ce001234
287,67387e97918317b579001234,67387e97a49e9411d6001234
288,67387e9748aedb8880001234,67387e976c524f9d5d001234
289,67387e97839ab46820001234,67387e97550a141f12001234
290,67387e97f90f2aca5c001234,67387e97496e05e1ae001234
291,67387e979c838d2e45001234,67387e9716a5cdae36001234
292,67387e971700002963001234,67387e97250cf8b51c001234
293,67387e9753c3bce66e001234,67387e977647966b73001234
294,67387e976883966fd8001234,67387e97149e9677a5001234
295,67387e9749182f81e6001234,67387e976f3ef77ac0001234
296,67387e97d296c101da001234,67387e97dc912a253d001234
297,67387e979fd81843ad001234,67387e97c0c7c76d30001234
298,67387e9726e359e838001234,67387e97f7e6c85504001234
299,67387e97ef0d3930a7001234,67387e977a614fd06c001234
300,67387e9794f6d7e04a001234,67387e97a01a0380ca001234
301,67387e9734ed066df3001234,67387e97b1a59b315f001234
302,67387e97577bcc914f001234,67387e97ec8956637a001234
303,67387e9711b9842e0a001234,67387e9713fe9d8431001234
304,67387e9737bc2f75bf001234,67387e97138bb06965001234
305,67387e97496e05e1ae001234,67387e97e165421110001234
306,67387e97b2eb734903001234,67387e97f8c1f23d6a001234
307,67387e978e98d81f82001234,67387e97c8ffe9a587001234
308,67387e97a8c88a0055001234,67387e97c81e728d9d001234
309,67387e97eddea82ad2001234,67387e972a79ea27c2001234
310,67387e9706eb61b839001234,67387e971700002963001234
311,67387e979dfcd5e558001234,67387e97bbf94b34eb001234
312,67387e97950a4152c2001234,67387e97250cf8b51c001234
313,67387e97158f3069a4001234,67387e9766f041e16a001234
314,67387e97758874998f001234,67387e97a2557a7b2e001234
315,67387e97ad13a2a07c001234,67387e97816b112c61001234
316,67387e973fe94a0023001234,67387e97a8baa56554001234
317,67387e975b8add2a5d001234,67387e97f2fc990265001234
318,67387e97432aca3a1e001234,67387e9745fbc6d3e0001234
319,67387e978d3bba7425001234,67387e9798f1370821001234
320,67387e97320722549d001234,67387e97a02ffd91ec001234
321,67387e97caf1a3dfb5001234,67387e97eed5af6add001234
322,67387e975737c6ec2e001234,67387e97c3c59e5f8b001234
323,67387e97bc6dc48b74001234,67387e974e732ced34001234
324,67387e97f2fc990265001234,67387e971f0e3dad99001234
325,67387e9789f0fd5c92001234,67387e978f85517967001234
326,67387e97a666587afd001234,67387e97182be0c5cd001234
327,67387e97b83aac23b9001234,67387e975878a7ab84001234
328,67387e97cd00692c3b001234,67387e97b6d767d2f8001234
329,67387e976faa8040da001234,67387e97d1c38a09ac001234
330,67387e97fe73f687e5001234,67387e97eccbc87e4b001234
331,67387e976da37dd313001234,67387e97f73b76ce89001234
332,67387e97c042f4db68001234,67387e97fe73f687e5001234
333,67387e97310dcbbf4c001234,67387e97a1d0c6e83f001234
334,67387e972f2b265625001234,67387e97f7664060cc001234
335,67387e97f9b902fc32001234,67387e97f7664060cc001234
336,67387e976855456e2f001234,67387e97d1f255a373001234
337,67387e97357a6fdf76001234,67387e97903ce9225f001234
338,67387e97819f46e52c001234,67387e9742998cf32d001234
339,67387e9704025959b1001234,67387e976faa8040da001234
340,67387e9740008b9a53001234,67387e97b1d10e7baf001234
341,67387e973dd48ab31d001234,67387e97bf8229696f001234
342,67387e9758238e9ae2001234,67387e976da9003b74001234
343,67387e973ad7c2ebb9001234,67387e9757aeee35c9001234
344,67387e97b3967a0e93001234,67387e97d96409bf89001234
345,67387e97d81f9c1be2001234,67387e976c4b761a28001234
346,67387e9713f9896df6001234,67387e970bb4aec171001234
347,67387e97c5ff2543b5001234,67387e9726e359e838001234
348,67387e9701386bd6d8001234,67387e9768d30a9594001234
349,67387e970bb4aec171001234,67387e9711b9842e0a001234
350,67387e979de6d14fff001234,67387e97f73b76ce89001234
351,67387e97efe937780e001234,67387e97cfa0860e83001234
352,67387e97371bce7dc8001234,67387e97d82c8d1619001234
353,67387e97138bb06965001234,67387e9763dc7ed101001234
354,67387e978dd48d6a2e001234,67387e979766527f2b001234
355,67387e9782cec96096001234,67387e97eecca5b636001234
356,67387e976c524f9d5d001234,67387e9720f07591c6001234
357,67387e97fb7b9ffa54001234,67387e97e2c0be2456001234
358,67387e97aa942ab2bf001234,67387e9736660e5985001234
359,67387e97c058f544c7001234,67387e9774db120f0a001234
360,67387e97e7b24b112a001234,67387e97918317b579001234
361,67387e9752720e0035001234,67387e979a1158154d001234
362,67387e97c3e878e27f001234,67387e97502e4a1693001234
363,67387e9700411460f7001234,67387e978dd48d6a2e001234
364,67387e97bac9162b47001234,67387e9724b16fede9001234
365,67387e979be40cee5b001234,67387e9718997733ec001234
366,67387e975ef698cd9f001234,67387e9707e1cd7dca001234
367,67387e9705049e90fa001234,67387e97d82c8d1619001234
368,67387e97cf004fdc76001234,67387e978d7d8ee069001234
369,67387e970c74b7f784001234,67387e979de6d14fff001234
370,67387e97d709f38ef7001234,67387e9704025959b1001234
371,67387e9741f1f19176001234,67387e979766527f2b001234
372,67387e9724b16fede9001234,67387e9726337353b7001234
373,67387e97ffd52f3c7e001234,67387e9784d9ee44e4001234
374,67387e97ad972f10e0001234,67387e975ef0b4eba3001234
375,67387e97f61d694746001234,67387e97f9b902fc32001234
376,67387e97142949df56001234,67387e97a87ff679a2001234
377,67387e97d34ab169b7001234,67387e97d296c101da001234
378,67387e978bf1211fd4001234,67387e9754229abfcf001234
379,67387e97a02ffd91ec001234,67387e9734ed066df3001234
380,67387e97bca82e41ee001234,67387e97006f52e910001234
381,67387e9700ec53c468001234,67387e97496e05e1ae001234
382,67387e974f6ffe13a5001234,67387e973636638817001234
383,67387e97beed13602b001234,67387e97b1a59b315f001234
384,67387e970584ce565c001234,67387e97e2c420d928001234
385,67387e97dc912a253d001234,67387e9728f0b86459001234
386,67387e9739461a19e9001234,67387e970266e33d3f001234
387,67387e978efb100a29001234,67387e97757b505cfd001234
388,67387e97d9fc5b73a8001234,67387e97941e1aaaba001234
389,67387e97c86a7ee3d8001234,67387e970deb1c5481001234
390,67387e97a01a0380ca001234,67387e970266e33d3f001234
391,67387e975a4b25aaed001234,67387e9704025959b1001234
392,67387e97f73b76ce89001234,67387e9713f3cf8c53001234
393,67387e9770c639df5e001234,67387e97839ab46820001234
394,67387e9728f0b86459001234,67387e978fe0093bb3001234
395,67387e971543843a47001234,67387e9776dc611d6e001234
396,67387e97f8c1f23d6a001234,67387e97598b3e71ec001234
397,67387e97e46de7e1bc001234,67387e97eccbc87e4b001234
398,67387e97b7b16ecf8c001234,67387e970640966322001234
399,67387e97352fe25daf001234,67387e97fc22130974001234
400,67387e9718d8042386001234,67387e97274ad4786c001234
401,67387e97816b112c61001234,67387e97a01a0380ca001234
402,67387e9769cb3ea317001234,67387e974e732ced34001234
403,67387e97bbf94b34eb001234,67387e9734ed066df3001234
404,67387e974f4adcbf8c001234,67387e97289dff0766001234
405,67387e97bbcbff5c1f001234,67387e976c8349cc72001234
406,67387e978cb22bdd0b001234,67387e97310dcbbf4c001234
407,67387e97f4f6dce2f3001234,67387e978e98d81f82001234
408,67387e970d0fd7c6e0001234,67387e973b8a614226001234
409,67387e97a96b65a721001234,67387e970deb1c5481001234
410,67387e971068c6e4c8001234,67387e97698d51a19d001234
411,67387e9717d63b1625001234,67387e97a8baa56554001234
412,67387e97b9228e0962001234,67387e97e00da03b68001234
413,67387e970deb1c5481001234,67387e9738af86134b001234
414,67387e9766808e327d001234,67387e97b3967a0e93001234
415,67387e9742e7aaa88b001234,67387e975ef059938b001234
416,67387e978fe0093bb3001234,67387e973ad7c2ebb9001234
417,67387e9741ae36ecb9001234,67387e9792c8c96e4c001234
418,67387e97d1f255a373001234,67387e9719ca14e7ea001234
419,67387e977eacb53257001234,67387e9737a749d808001234
420,67387e97b6f0479ae8001234,67387e9734173cb38f001234
421,67387e97e0c641195b001234,67387e97496e05e1ae001234
422,67387e97f85454e827001234,67387e9753c3bce66e001234
423,67387e97faa9afea49001234,67387e9798dce83da5001234
424,67387e973c7781a36b001234,67387e97eddea82ad2001234
425,67387e9725b2822c2f001234,67387e976f4922f455001234
426,67387e976ecbdd6ec8001234,67387e97b7b16ecf8c001234
427,67387e9718997733ec001234,67387e9745c48cce2e001234
428,67387e978d7d8ee069001234,67387e97d395771085001234
429,67387e9775fc093c0e001234,67387e97d3d9446802001234
430,67387e97f74909ace6001234,67387e9768ce199ec2001234
431,67387e9766368270ff001234,67387e97d1c38a09ac001234
432,67387e97248e844336001234,67387e970f28b5d49b001234
433,67387e97019d385eb6001234,67387e97045117b0e0001234
434,67387e97a49e9411d6001234,67387e97fb7b9ffa54001234
435,67387e97ddb30680a6001234,67387e979b04d15284001234
436,67387e972421fcb126001234,67387e9758238e9ae2001234
437,67387e97fccb60fb51001234,67387e973dd48ab31d001234
438,67387e971651cf0d2f001234,67387e97f4b9ec30ad001234
439,67387e97eed5af6add001234,67387e9705049e90fa001234
440,67387e97a8abb4bb28001234,67387e9763dc7ed101001234
441,67387e9715d4e891d7001234,67387e978f85517967001234
442,67387e97c203d8a151001234,67387e9717d63b1625001234
443,67387e9713f3cf8c53001234,67387e973636638817001234
444,67387e97550a141f12001234,67387e97e3796ae838001234
445,67387e9767f7fb873e001234,67387e976c524f9d5d001234
446,67387e971a5b1e4daa001234,67387e970aa1883c64001234
447,67387e979a96876e2f001234,67387e978216124282001234
448,67387e979b70e8fe62001234,67387e9728f0b86459001234
449,67387e97d61e4bbd63001234,67387e97f4f6dce2f3001234
450,67387e97f5f8590cd5001234,67387e97d82c8d1619001234
451,67387e97941e1aaaba001234,67387e9743ec517d68001234
452,67387e979431c87f27001234,67387e97f2217062e9001234
453,67387e9749ae49a23f001234,67387e97149e9677a5001234
454,67387e97e44fea3bec001234,67387e979be40cee5b001234
455,67387e97821fa74b50001234,67387e9767f7fb873e001234
456,67387e97250cf8b51c001234,67387e97e56954b4f6001234
457,67387e9742998cf32d001234,67387e971651cf0d2f001234
458,67387e97d07e70efcf001234,67387e977eabe3a164001234
459,67387e977fe1f8abaa001234,67387e9743ec517d68001234
460,67387e9798b2979500001234,67387e97eb16372791001234
461,67387e970353ab4cbe001234,67387e97d9fc5b73a8001234
462,67387e9751d92be1c6001234,67387e974f4adcbf8c001234
463,67387e97428fca9bc1001234,67387e97ad61ab1432001234
464,67387e97f1b6f2857f001234,67387e9768d30a9594001234
465,67387e9768ce199ec2001234,67387e975ef698cd9f001234
466,67387e97e836d813fd001234,67387e97d709f38ef7001234
467,67387e97ab817c9349001234,67387e97e96ed478da001234
468,67387e97877a9ba7a9001234,67387e97b6f0479ae8001234
469,67387e97dc6a648964001234,67387e97cb70ab3756001234
470,67387e9726337353b7001234,67387e97be83ab3ecd001234
471,67387e978e6b42f164001234,67387e97d645920e39001234
472,67387e97ef575e8837001234,67387e9789f0fd5c92001234
473,67387e972050e03ca1001234,67387e97352fe25daf001234
474,67387e9725ddc0f8c9001234,67387e97f899139df5001234
475,67387e975ef0b4eba3001234,67387e972a38a4a931001234
476,67387e97598b3e71ec001234,67387e9793db85ed90001234
477,67387e9774071a6733001234,67387e97a8f15eda80001234
478,67387e97cfee398643001234,67387e97428fca9bc1001234
479,67387e97d18f655c3f001234,67387e978dd48d6a2e001234
480,67387e976ea2ef7311001234,67387e978d3bba7425001234
481,67387e979461cce28e001234,67387e976cdd60ea00001234
482,67387e97f770b62bc8001234,67387e9732bb90e897001234
483,67387e97e1e32e235e001234,67387e9768ce199ec2001234
484,67387e97eba0dc302b001234,67387e97f770b62bc8001234
485,67387e97218a0aefd1001234,67387e9725ddc0f8c9001234
486,67387e977d04bbbe54001234,67387e97142949df56001234
487,67387e97a516a87cfc001234,67387e973ad7c2ebb9001234
488,67387e97c3c59e5f8b001234,67387e979872ed9fc2001234
489,67387e97854d9fca60001234,67387e9705f971b5ec001234
490,67387e97c410003ef1001234,67387e978e6b42f164001234
491,67387e97559cb990c9001234,67387e97fbd7939d67001234
492,67387e9755a7cf9c71001234,67387e97072b030ba1001234
493,67387e972f55707d41001234,67387e97fccb60fb51001234
494,67387e971be3bc32e6001234,67387e97ed3d2c2199001234
495,67387e9735051070e5001234,67387e97cfcd208495001234
496,67387e97b534ba6823001234,67387e9798f1370821001234
497,67387e977380ad8a67001234,67387e971385974ed5001234
498,67387e9705f971b5ec001234,67387e9769cb3ea317001234
499,67387e973cf166c6b7001234,67387e97c20ad4d76f001234
500,67387e97cee631121c001234,67387e97289dff0766001234
501,67387e975b69b9cb83001234,67387e97a49e9411d6001234
502,67387e97b5b41fac03001234,67387e978fe0093bb3001234
503,67387e97285e19f20b001234,67387e97816b112c61001234
504,67387e97b337e84de8001234,67387e97d18f655c3f001234
505,67387e97e8c0653fea001234,67387e97eecca5b636001234
506,67387e97ff4d5fbbaf001234,67387e979b8619251a001234
507,67387e972d6cc4b2d1001234,67387e973ef815416f001234
508,67387e97389bc7bb1e001234,67387e97f2fc990265001234
509,67387e97e2230b8535001234,67387e97e165421110001234
510,67387e97087408522c001234,67387e970777d5c17d001234
511,67387e97a760880003001234,67387e9713f9896df6001234
512,67387e9710a7cdd970001234,67387e9701386bd6d8001234
513,67387e973dc4876f3f001234,67387e979872ed9fc2001234
514,67387e9759b90e1005001234,67387e97b3967a0e93001234
515,67387e972b8a61594b001234,67387e97bcbe3365e6001234
516,67387e97f3f27a3247001234,67387e97a97da629b0001234
517,67387e9738913e1d6a001234,67387e97182be0c5cd001234
518,67387e97ebd9629fc3001234,67387e974734ba6f3d001234
519,67387e9763538fe6ef001234,67387e972421fcb126001234
520,67387e97cf67355a33001234,67387e97ddb30680a6001234
521,67387e9707563a3fe3001234,67387e977ef605fc8d001234
522,67387e9753fde96fcc001234,67387e97bd4c9ab730001234
523,67387e972bb232c0b1001234,67387e9767f7fb873e001234
524,67387e97ba2fd310dc001234,67387e9798dce83da5001234
525,67387e9769421f0324001234,67387e978e6b42f164001234
526,67387e9785422afb46001234,67387e97d709f38ef7001234
527,67387e9713f320e7b5001234,67387e976855456e2f001234
528,67387e97f4be00279e001234,67387e9774071a6733001234
529,67387e9737f0e884fb001234,67387e9744f683a841001234
530,67387e97d64a340bcb001234,67387e979461cce28e001234
531,67387e970fcbc61acd001234,67387e9742a0e188f5001234
532,67387e97298f95e1bf001234,67387e97bd4c9ab730001234
533,67387e97df877f3865001234,67387e971ff8a7b5dc001234
534,67387e97c399862d3b001234,67387e97f5f8590cd5001234
535,67387e9733e8075e99001234,67387e973295c76acb001234
536,67387e9765658fde58001234,67387e9719ca14e7ea001234
537,67387e975ea1649a31001234,67387e97d1f491a404001234
538,67387e977bcdf75ad2001234,67387e9725b2822c2f001234
539,67387e975737034557001234,67387e972f55707d41001234
540,67387e979b72e31dac001234,67387e97e4a6222cdb001234
541,67387e9716c222aa19001234,67387e97f90f2aca5c001234
542,67387e977dcd340d84001234,67387e977fe1f8abaa001234
543,67387e9781448138f5001234,67387e97816b112c61001234
544,67387e9797e8527fea001234,67387e977cbbc409ec001234
545,67387e97647bba3443001234,67387e97e836d813fd001234
546,67387e97ed265bc903001234,67387e970336dcbab0001234
547,67387e97c75b6f114c001234,67387e97d645920e39001234
548,67387e978d34201a5b001234,67387e97ab817c9349001234
549,67387e97ccb1d45fb7001234,67387e9792c8c96e4c001234
550,67387e9701f78be6f7001234,67387e97cb70ab3756001234
551,67387e977f24d24052001234,67387e97d81f9c1be2001234
552,67387e9794c7bb58ef001234,67387e97e56954b4f6001234
553,67387e97f387624df5001234,67387e970a09c8844b001234
554,67387e975e388103a3001234,67387e9716a5cdae36001234
555,67387e9715de21c670001234,67387e9745c48cce2e001234
556,67387e9711b921ef08001234,67387e97069059b7ef001234
557,67387e976e2713a6ef001234,67387e971f0e3dad99001234
558,67387e971bb91f73e9001234,67387e976faa8040da001234
559,67387e973a0772443a001234,67387e97d9fc5b73a8001234
560,67387e97a9a6653e48001234,67387e97979d472a84001234
561,67387e9758ae749f25001234,67387e974c56ff4ce4001234
562,67387e974e4b5fbbbb001234,67387e9773278a4a86001234
563,67387e978eefcfdf59001234,67387e9718d8042386001234
564,67387e971728efbda8001234,67387e97502e4a1693001234
565,67387e97cbcb58ac2e001234,67387e97eba0dc302b001234
566,67387e97db85e2590b001234,67387e972838023a77001234
567,67387e9799c5e07b4d001234,67387e97f85454e827001234
568,67387e97dd45850574001234,67387e97819f46e52c001234
569,67387e978b16ebc056001234,67387e97eda80a3d5b001234
570,67387e97a86c450b76001234,67387e972421fcb126001234
571,67387e97c9892a9891001234,67387e976da9003b74001234
572,67387e97e6b4b2a746001234,67387e97a5bfc9e079001234
573,67387e97e5f6ad6ce3001234,67387e97013d407166001234
574,67387e97f0e52b27a7001234,67387e9758a2fc6ed3001234
575,67387e97ffeabd223d001234,67387e978f121ce07d001234
576,67387e97a7aeed7471001234,67387e971c383cd30b001234
577,67387e97fde9264cf3001234,67387e97550a141f12001234
578,67387e97a8849b0524001234,67387e978d7d8ee069001234
579,67387e97258be18e31001234,67387e97d07e70efcf001234
580,67387e97069d3bb002001234,67387e97598b3e71ec001234
581,67387e97c6e19e8308001234,67387e9703afdbd66e001234
582,67387e9746922a0880001234,67387e971385974ed5001234
583,67387e979ad6aaed51001234,67387e97979d472a84001234
584,67387e97f5deaeeae1001234,67387e9718997733ec001234
585,67387e97a9a1d5317a001234,67387e9770c639df5e001234
586,67387e97605ff764c6001234,67387e97d07e70efcf001234
587,67387e97766ebcd596001234,67387e972838023a77001234
588,67387e97daca41214b001234,67387e97f0935e4cd5001234
589,67387e9730bb3825e8001234,67387e97ed3d2c2199001234
590,67387e9708b255a5d4001234,67387e9713f3cf8c53001234
591,67387e973493894fa4001234,67387e97d947bf06a8001234
592,67387e97dbe272bab6001234,67387e97c0e190d826001234
593,67387e97acc3e04046001234,67387e97bd686fd640001234
594,67387e97076a0c97d0001234,67387e9734173cb38f001234
595,67387e9704ecb1fa28001234,67387e9792cc227532001234
596,67387e97b2eeb7362e001234,67387e973cf166c6b7001234
597,67387e9708c5433a60001234,67387e97d96409bf89001234
598,67387e976aca97005c001234,67387e97bc6dc48b74001234
599,67387e973435c378bb001234,67387e97e46de7e1bc001234
600,67387e97d490d7b457001234,67387e9726e359e838001234
601,67387e97b2f627fff1001234,67387e97f74909ace6001234
602,67387e97c3992e9a68001234,67387e97f718499c1c001234
603,67387e97d86ea612de001234,67387e97a96b65a721001234
604,67387e979cf81d8026001234,67387e976cdd60ea00001234
605,67387e97c361bc7b2c001234,67387e9740008b9a53001234
606,67387e9744c4c17332001234,67387e978d3bba7425001234
607,67387e97dc82d632c9001234,67387e9763dc7ed101001234
608,67387e97996a7fa078001234,67387e9731fefc0e57001234
609,67387e97d7a728a67d001234,67387e97cf004fdc76001234
610,67387e9700ac8ed3b4001234,67387e9702522a2b27001234
611,67387e978ebda540cb001234,67387e97432aca3a1e001234
612,67387e97f76a89f0cb001234,67387e97a02ffd91ec001234
613,67387e97f29c21d489001234,67387e9784d9ee44e4001234
614,67387e97851ddf5058001234,67387e97115f895031001234
615,67387e9758d4d1e7b1001234,67387e9742998cf32d001234
616,67387e977750ca3559001234,67387e97cedebb6e87001234
617,67387e975d44ee6f2c001234,67387e972b44928ae1001234
618,67387e97eb6fdc36b2001234,67387e9753c3bce66e001234
619,67387e97cdc0d6e63a001234,67387e979766527f2b001234
620,67387e97b73dfe25b4001234,67387e974e732ced34001234
621,67387e9785fc37b18c001234,67387e97eddea82ad2001234
622,67387e973871bd6401001234,67387e97ac1dd209cb001234
623,67387e97a733fa9b25001234,67387e97c8ffe9a587001234
624,67387e9748ab2f9b45001234,67387e97060ad92489001234
625,67387e97233509073e001234,67387e973636638817001234
626,67387e9745645a27c4001234,67387e97598b3e71ec001234
627,67387e97185c29dc24001234,67387e97502e4a1693001234
628,67387e9742e77b6363001234,67387e97b1d10e7baf001234
629,67387e97051e4e127b001234,67387e97f4f6dce2f3001234
630,67387e979cc138f8dc001234,67387e971c9ac0159c001234
631,67387e97b7bb35b9c6001234,67387e97b534ba6823001234
632,67387e97abd815286b001234,67387e970d0fd7c6e0001234
633,67387e9726dd0dbc6e001234,67387e9703c6b06952001234
634,67387e976766aa2750001234,67387e97f1b6f2857f001234
635,67387e976a10bbd480001234,67387e97dc6a648964001234
636,67387e97c5ab0bc60a001234,67387e9735051070e5001234
637,67387e97a532400ed6001234,67387e97a97da629b0001234
638,67387e974c27cea852001234,67387e97496e05e1ae001234
639,67387e970f96613235001234,67387e979dfcd5e558001234
640,67387e974ffce04d92001234,67387e97f61d694746001234
641,67387e9767e103b076001234,67387e97819f46e52c001234
642,67387e97291597a100001234,67387e976f3ef77ac0001234
643,67387e979b698eb310001234,67387e97a8c88a0055001234
644,67387e978c7bbbba95001234,67387e97bbf94b34eb001234
645,67387e975e9f92a01c001234,67387e971700002963001234
646,67387e970ff39bbbf9001234,67387e97e2ef524fbf001234
647,67387e97303ed4c698001234,67387e977647966b73001234
648,67387e97443cb001c1001234,67387e97bca82e41ee001234
649,67387e9755b37c5c27001234,67387e97c5ff2543b5001234
650,67387e97884d247c6f001234,67387e97142949df56001234
651,67387e9755743cc039001234,67387e9735051070e5001234
652,67387e9730ef30b642001234,67387e9704025959b1001234
653,67387e97eaae339c4d001234,67387e976ea2ef7311001234
654,67387e97ab233b682e001234,67387e97eda80a3d5b001234
655,67387e973d2d8ccb37001234,67387e978216124282001234
656,67387e9726408ffa70001234,67387e97a2557a7b2e001234
657,67387e97b4288d9c0e001234,67387e978cb22bdd0b001234
658,67387e972f37d10131001234,67387e97a4f23670e1001234
659,67387e970ff8033cf9001234,67387e977380ad8a67001234
660,67387e9768264bdb65001234,67387e9700411460f7001234
661,67387e973a066bda8c001234,67387e978d5e957f29001234
662,67387e97be3159ad04001234,67387e97006f52e910001234
663,67387e978757150dec001234,67387e9706138bc5af001234
664,67387e972291d2ec3b001234,67387e97ca46c1b951001234
665,67387e9784117275be001234,67387e9741f1f19176001234
666,67387e97fae0b27c45001234,67387e97c9e1074f5b001234
667,67387e97b5dc4e5d9b001234,67387e9774071a6733001234
668,67387e97192fc044e7001234,67387e97a01a0380ca001234
669,67387e975c04925674001234,67387e97a8f15eda80001234
670,67387e9717c276c8e7001234,67387e972f55707d41001234
671,67387e975dd9db5e03001234,67387e976ecbdd6ec8001234
672,67387e972dea61eed4001234,67387e9732bb90e897001234
673,67387e979f396fe44e001234,67387e97c203d8a151001234
674,67387e970d7de1aca9001234,67387e979bf31c7ff0001234
675,67387e978fecb20817001234,67387e9720f07591c6001234
676,67387e97dc6a70712a001234,67387e97248e844336001234
677,67387e9771a3cb155f001234,67387e97357a6fdf76001234
678,67387e979fe8593a8a001234,67387e97a5771bce93001234
679,67387e97ca9c267dad001234,67387e97335f535208001234
680,67387e97fccb3cdc9a001234,67387e975a4b25aaed001234
681,67387e971595af6435001234,67387e977f39f8317f001234
682,67387e9708d98638c6001234,67387e97a2557a7b2e001234
683,67387e972468192842001234,67387e971068c6e4c8001234
684,67387e97556f391937001234,67387e97efe937780e001234
685,67387e973328bdf9a4001234,67387e977eabe3a164001234
686,67387e97109a0ca3bc001234,67387e970e65972dce001234
687,67387e977f5d04d189001234,67387e970c74b7f784001234
688,67387e97f79921bbae001234,67387e970c74b7f784001234
689,67387e9707a96b1f61001234,67387e97502e4a1693001234
690,67387e97c06d06da96001234,67387e978efb100a29001234
691,67387e9710a5ab2db3001234,67387e979bf31c7ff0001234
692,67387e97e555ebe0ce001234,67387e971afa34a7f9001234
693,67387e9753e3a7161e001234,67387e971a5b1e4daa001234
694,67387e975487315b12001234,67387e97854d9fca60001234
695,67387e97e4bb4c5173001234,67387e976883966fd8001234
696,67387e970cb929eae7001234,67387e975ef698cd9f001234
697,67387e978a0e1141fd001234,67387e97d61e4bbd63001234
698,67387e9799bcfcd754001234,67387e973cec07e9ba001234
699,67387e97afd4836712001234,67387e97218a0aefd1001234
700,67387e97e5841df216001234,67387e971068c6e4c8001234
701,67387e97b4a528955b001234,67387e97bc6dc48b74001234
702,67387e97b1eec33c72001234,67387e97140f6969d5001234
703,67387e97d6c651ddcd001234,67387e97b1d10e7baf001234
704,67387e97f64eac11f2001234,67387e9702522a2b27001234
705,67387e974a47d2983c001234,67387e975ef698cd9f001234
706,67387e979c82c7143c001234,67387e97013d407166001234
707,67387e97500e75a036001234,67387e97045117b0e0001234
708,67387e97ae0eb3eed3001234,67387e976a9aeddfc6001234
709,67387e971ecfb46347001234,67387e970c74b7f784001234
710,67387e97e70611883d001234,67387e97950a4152c2001234
711,67387e976081594975001234,67387e970f49c89d1e001234
712,67387e9719bc916108001234,67387e97ef575e8837001234
713,67387e9707c5807d0d001234,67387e97b2eb734903001234
714,67387e97d14220ee66001234,67387e97e4a6222cdb001234
715,67387e978df707a948001234,67387e9758238e9ae2001234
716,67387e97e7f8a7fb0b001234,67387e97a5bfc9e079001234
717,67387e97788d986905001234,67387e97eb160de1de001234
718,67387e9750c3d76149001234,67387e97c0c7c76d30001234
719,67387e972afe4567e1001234,67387e97a2557a7b2e001234
720,67387e975f2c22cb4a001234,67387e97a4a042cf4f001234
721,67387e97aba3b6fd5d001234,67387e9733e75ff09d001234
722,67387e97c8ed21db4f001234,67387e9705f971b5ec001234
723,67387e9708419be897001234,67387e97979d472a84001234
724,67387e977f1171a78c001234,67387e97598b3e71ec001234
725,67387e9782f2b308c3001234,67387e97182be0c5cd001234
726,67387e970d3180d672001234,67387e978216124282001234
727,67387e97fb89705ae6001234,67387e97c410003ef1001234
728,67387e97d4c2e4a329001234,67387e97c410003ef1001234
729,67387e975751ec3e9a001234,67387e973ad7c2ebb9001234
730,67387e97d5cfead94f001234,67387e979188905e74001234
731,67387e9759c3301688001234,67387e978f85517967001234
732,67387e97ba3866600c001234,67387e97eda80a3d5b001234
733,67387e976c29793a14001234,67387e97a684eceee7001234
734,67387e97e995f98d56001234,67387e97941e1aaaba001234
735,67387e976cd67d9b6f001234,67387e97d645920e39001234
736,67387e976bc24fc1ab001234,67387e9716a5cdae36001234
737,67387e97a5cdd4aa00001234,67387e979766527f2b001234
738,67387e97217eedd1ba001234,67387e979dfcd5e558001234
739,67387e97df263d9962001234,67387e97bbcbff5c1f001234
740,67387e97edfbe1afcf001234,67387e978f14e45fce001234
741,67387e972e65f2f2fd001234,67387e97555d6702c9001234
742,67387e97e94550c93c001234,67387e9707e1cd7dca001234
743,67387e975c572eca05001234,67387e9706eb61b839001234
744,67387e970537fb40a6001234,67387e97d81f9c1be2001234
745,67387e975f0f5e5f33001234,67387e97da4fb5c6e9001234
746,67387e97185e65bc40001234,67387e97b83aac23b9001234
747,67387e978d317bdcf4001234,67387e974f4adcbf8c001234
748,67387e97e49b8b4053001234,67387e9769adc1e107001234
749,67387e97b056eb1587001234,67387e97f8c1f23d6a001234
750,67387e97b137fdd1f7001234,67387e9742e7aaa88b001234
751,67387e97912d2b1c7b001234,67387e97a97da629b0001234
752,67387e97a1d33d0dfe001234,67387e977fe1f8abaa001234
753,67387e976f2268bd1d001234,67387e9775fc093c0e001234
754,67387e97872488f88d001234,67387e978d7d8ee069001234
755,67387e97ccb0989662001234,67387e97fe131d7f5a001234
756,67387e972823f47971001234,67387e97eba0dc302b001234
757,67387e97470e7a4f01001234,67387e970f49c89d1e001234
758,67387e97bf62768ca4001234,67387e9789f0fd5c92001234
759,67387e97fa14d4fe2f001234,67387e978efb100a29001234
760,67387e972ca65f58e3001234,67387e97149e9677a5001234
761,67387e9788ae6372cf001234,67387e97140f6969d5001234
762,67387e9706997f04a7001234,67387e97e369853df7001234
763,67387e97eefc9e10eb001234,67387e9718997733ec001234
764,67387e975807a685d1001234,67387e9776dc611d6e001234
765,67387e97d840cc5d90001234,67387e97f457c545a9001234
766,67387e97959a557f5f001234,67387e97a597e50502001234
767,67387e97f2201f5191001234,67387e9741f1f19176001234
768,67387e973a835d3215001234,67387e97182be0c5cd001234
769,67387e97288cc0ff02001234,67387e97a02ffd91ec001234
770,67387e974ea06fbc83001234,67387e97069059b7ef001234
771,67387e97b7ee6f5f9a001234,67387e97f2fc990265001234
772,67387e97e57c6b956a001234,67387e97d1fe173d08001234
773,67387e9786b122d435001234,67387e9741f1f19176001234
774,67387e974e0928de07001234,67387e978216124282001234
775,67387e97c0f168ce89001234,67387e97821fa74b50001234
776,67387e978c6744c9d4001234,67387e975737c6ec2e001234
777,67387e97f1c1592588001234,67387e9774071a6733001234
778,67387e97e074133548001234,67387e9739461a19e9001234
779,67387e9767d96d458a001234,67387e972f55707d41001234
780,67387e97a8e864d04c001234,67387e973636638817001234
781,67387e977143d7fbad001234,67387e97bca82e41ee001234
782,67387e9772da7fd6d1001234,67387e9739059724f7001234
783,67387e976e0721b2c6001234,67387e9772b32a1f75001234
784,67387e97fc8001f834001234,67387e97fe73f687e5001234
785,67387e974b04a686b0001234,67387e97559cb990c9001234
786,67387e9761b4a64be6001234,67387e973295c76acb001234
787,67387e973621f1454c001234,67387e97bf8229696f001234
788,67387e97c15da1f2b5001234,67387e97091d584fce001234
789,67387e9768053af292001234,67387e9742a0e188f5001234
790,67387e972dace78f80001234,67387e97045117b0e0001234
791,67387e97df7f28ac89001234,67387e977ef605fc8d001234
792,67387e9796ea64f3a1001234,67387e9726337353b7001234
793,67387e97da8ce53cf0001234,67387e9742a0e188f5001234
794,67387e9782489c9737001234,67387e97c86a7ee3d8001234
795,67387e977c590f0149001234,67387e9742a0e188f5001234
796,67387e9735cf8659cf001234,67387e97e165421110001234
797,67387e97beb22fb694001234,67387e97019d385eb6001234
798,67387e979e3cfc48ec001234,67387e978f85517967001234
799,67387e9728267ab848001234,67387e978d3bba7425001234
800,67387e977a53928fa4001234,67387e9765ded5353c001234
801,67387e971905aedab9001234,67387e979cfdf10e8f001234
802,67387e971141938ba2001234,67387e97e3796ae838001234
803,67387e971aa48fc488001234,67387e97b1d10e7baf001234
804,67387e97dc5689792e001234,67387e9794f6d7e04a001234
805,67387e97846c260d71001234,67387e9742e7aaa88b001234
806,67387e97d58072be28001234,67387e9707cdfd2337001234
807,67387e976e7b33fdea001234,67387e973def184ad8001234
808,67387e97a8ecbabae1001234,67387e9735f4a8d465001234
809,67387e9732b30a250a001234,67387e9733e75ff09d001234
810,67387e97b6edc1cd1f001234,67387e975a4b25aaed001234
811,67387e97670e8a43b2001234,67387e9711b9842e0a001234
812,67387e9781e74d6785001234,67387e971d7f7abc18001234
813,67387e97e0cf1f4711001234,67387e97289dff0766001234
814,67387e9796b9bff013001234,67387e97432aca3a1e001234
815,67387e9771ad16ad2c001234,67387e97a2557a7b2e001234
816,67387e9743fa7f58b7001234,67387e979a1158154d001234
817,67387e9731839b036f001234,67387e97f61d694746001234
818,67387e97f0adc8838f001234,67387e97539fd53b59001234
819,67387e973b5dca501e001234,67387e9726e359e838001234
820,67387e97e2a2dcc36a001234,67387e97f9b902fc32001234
821,67387e974558dbb6f6001234,67387e97248e844336001234
822,67387e97afda332245001234,67387e97c81e728d9d001234
823,67387e97632cee946d001234,67387e97577bcc914f001234
824,67387e97677e09724f001234,67387e97cfa0860e83001234
825,67387e97d554f7bb7b001234,67387e979fc3d7152b001234
826,67387e97795c7a7a5e001234,67387e97fe9fc289c3001234
827,67387e97fa3a3c407f001234,67387e9738db3aed92001234
828,67387e97c2626d850c001234,67387e977a614fd06c001234
829,67387e97ce78d1da25001234,67387e976f4922f455001234
830,67387e978e82ab7243001234,67387e970266e33d3f001234
831,67387e97e0ec453e28001234,67387e973fe94a0023001234
832,67387e977250eb93b3001234,67387e9782cec96096001234
833,67387e97013a006f03001234,67387e97c24cd76e1c001234
834,67387e97301ad0e3bd001234,67387e970f28b5d49b001234
835,67387e974d5b995358001234,67387e970d0fd7c6e0001234
836,67387e97ab88b15733001234,67387e977380ad8a67001234
837,67387e97b0b183c207001234,67387e9748aedb8880001234
838,67387e97f9028faec7001234,67387e978f85517967001234
839,67387e978f7d807e1f001234,67387e9763923f49e5001234
840,67387e97fa83a11a19001234,67387e970266e33d3f001234
841,67387e9702a32ad266001234,67387e97b6d767d2f8001234
842,67387e97fc3cf452d3001234,67387e97dc6a648964001234
843,67387e973d8e28caf9001234,67387e977f6ffaa6bb001234
844,67387e97e97ee2054d001234,67387e978fe0093bb3001234
845,67387e97b86e8d03fe001234,67387e977eabe3a164001234
846,67387e9784f7e69969001234,67387e9737a749d808001234
847,67387e97f4552671f8001234,67387e97a516a87cfc001234
848,67387e97362e80d4df001234,67387e9782cec96096001234
849,67387e97fe8c15fed5001234,67387e976da37dd313001234
850,67387e971efa39bcae001234,67387e97d61e4bbd63001234
851,67387e9792fb0c6d17001234,67387e97069059b7ef001234
852,67387e9722ac3c5a5b001234,67387e97c20ad4d76f001234
853,67387e97aff1621254001234,67387e97b73ce398c3001234
854,67387e97f7e9050c92001234,67387e9753c3bce66e001234
855,67387e97addfa9b7e2001234,67387e97fe9fc289c3001234
856,67387e978c235f89a8001234,67387e9773278a4a86001234
857,67387e97847cc55b70001234,67387e9738db3aed92001234
858,67387e97a67f096809001234,67387e979f61408e3a001234
859,67387e972a084e55c8001234,67387e978bf1211fd4001234
860,67387e97fc49306d97001234,67387e9749ae49a23f001234
861,67387e97f9a40a4780001234,67387e970f28b5d49b001234
862,67387e975ec91aac30001234,67387e97eae27d77ca001234
863,67387e9719b650660b001234,67387e974734ba6f3d001234
864,67387e971fc214004c001234,67387e9725ddc0f8c9001234
865,67387e973b3dbaf685001234,67387e97bf8229696f001234
866,67387e97ca8155f4d2001234,67387e9734173cb38f001234
867,67387e97ede7e2b6d1001234,67387e9749182f81e6001234
868,67387e97dd45045f8c001234,67387e97eed5af6add001234
869,67387e9749c9adb18e001234,67387e9719ca14e7ea001234
870,67387e9722fb0cee7e001234,67387e9728f0b86459001234
871,67387e97aeb3135b43001234,67387e9735f4a8d465001234
872,67387e9743feaeeecd001234,67387e9731fefc0e57001234
873,67387e9798d6f58ab0001234,67387e97dc6a648964001234
874,67387e9751ef186e18001234,67387e97d9fc5b73a8001234
875,67387e974b0a59ddf1001234,67387e974f6ffe13a5001234
876,67387e9767d16d0020001234,67387e97e2c420d928001234
877,67387e97352407221a001234,67387e97a1d0c6e83f001234
878,67387e97dd8eb9f23f001234,67387e97559cb990c9001234
879,67387e97d516b13671001234,67387e97ed3d2c2199001234
880,67387e971f50893f80001234,67387e97a5e0013237001234
881,67387e977504adad8b001234,67387e97a0a080f42e001234
882,67387e976c3cf77d52001234,67387e97274ad4786c001234
883,67387e97210f760a89001234,67387e975ef0b4eba3001234
884,67387e97170c944978001234,67387e97bf8229696f001234
885,67387e970efe32849d001234,67387e97b2eb734903001234
886,67387e97704afe0739001234,67387e971be3bc32e6001234
887,67387e977ce3284b74001234,67387e97c51ce410c1001234
888,67387e970a113ef6b6001234,67387e97d96409bf89001234
889,67387e9707871915a8001234,67387e971f0e3dad99001234
890,67387e97024d7f84ff001234,67387e973644a684f9001234
891,67387e97cfbce4c1d7001234,67387e97250cf8b51c001234
892,67387e97c2aee86157001234,67387e97e165421110001234
893,67387e97d56b9fc4b0001234,67387e979a96876e2f001234
894,67387e974b02507935001234,67387e9735051070e5001234
895,67387e9720aee3a5f4001234,67387e97735b90b456001234
896,67387e97061412e4a0001234,67387e97f5f8590cd5001234
897,67387e975705e1164a001234,67387e97cfee398643001234
898,67387e97a64c94baaf001234,67387e979dfcd5e558001234
899,67387e9701882513d5001234,67387e97db8e1af0cb001234
900,67387e97acf4b89d3d001234,67387e978e6b42f164001234
901,67387e97892c91e0a6001234,67387e97598b3e71ec001234
902,67387e97b6a1085a27001234,67387e97f718499c1c001234
903,67387e97aa169b49b5001234,67387e97cb70ab3756001234
904,67387e97f47d0ad31c001234,67387e979b04d15284001234
905,67387e97f57a2f557b001234,67387e9705f971b5ec001234
906,67387e97c8fbbc86ab001234,67387e97c8ffe9a587001234
907,67387e97621461af90001234,67387e9703c6b06952001234
908,67387e978b6dd7db9a001234,67387e97d18f655c3f001234
909,67387e97a4300b002b001234,67387e97432aca3a1e001234
910,67387e97e205ee2a5d001234,67387e979f61408e3a001234
911,67387e97b56a18e0ea001234,67387e9767c6a1e7ce001234
912,67387e972a9d121cd9001234,67387e97e46de7e1bc001234
913,67387e978b5040a8a5001234,67387e97d96409bf89001234
914,67387e977634ea65a4001234,67387e9728f0b86459001234
915,67387e9724896ee4c6001234,67387e978c19f571e2001234
916,67387e9723ce185134001234,67387e97f4f6dce2f3001234
917,67387e97da0d1111d2001234,67387e97248e844336001234
918,67387e971e056d2b0e001234,67387e97d395771085001234
919,67387e973e89ebdb49001234,67387e97072b030ba1001234
920,67387e976d0f846348001234,67387e97a1d0c6e83f001234
921,67387e97430c3626b8001234,67387e97d296c101da001234
922,67387e97ccc0aa1b81001234,67387e97182be0c5cd001234
923,67387e97c4015b7f36001234,67387e9745c48cce2e001234
924,67387e97bea5955b30001234,67387e971f0e3dad99001234
925,67387e977fa732b517001234,67387e9793db85ed90001234
926,67387e97cbb6a3b884001234,67387e97eb16372791001234
927,67387e971f4477bad7001234,67387e9770c639df5e001234
928,67387e97d045c59a90001234,67387e971651cf0d2f001234
929,67387e970d0871f080001234,67387e977f6ffaa6bb001234
930,67387e971cc3633c57001234,67387e97bbcbff5c1f001234
931,67387e979f53d83ec0001234,67387e97d18f655c3f001234
932,67387e97d2ed45a52b001234,67387e97dc912a253d001234
933,67387e97043c3d7e48001234,67387e97c9e1074f5b001234
934,67387e974daa3db355001234,67387e97f8c1f23d6a001234
935,67387e97e820a45f1d001234,67387e9768d30a9594001234
936,67387e9790794e3b05001234,67387e978216124282001234
937,67387e97b7892fb3c2001234,67387e977f6ffaa6bb001234
938,67387e9774bba22728001234,67387e97eae27d77ca001234
939,67387e973df1d4b96d001234,67387e974c56ff4ce4001234
940,67387e978d6dc35e50001234,67387e979c838d2e45001234
941,67387e9792262bf907001234,67387e976883966fd8001234
942,67387e97b55ec28c52001234,67387e976da37dd313001234
943,67387e972f885d0fbe001234,67387e97d9fc5b73a8001234
944,67387e9764223ccf70001234,67387e97b1d10e7baf001234
945,67387e974b6538a44a001234,67387e970aa1883c64001234
946,67387e97c8c41c4a18001234,67387e9736660e5985001234
947,67387e97c4b31ce7d9001234,67387e9740008b9a53001234
948,67387e9758e4d44e55001234,67387e97a3f390d88e001234
949,67387e973cef96dcc9001234,67387e9769adc1e107001234
950,67387e97a3d68b461b001234,67387e9702e74f10e0001234
951,67387e971c1d4df596001234,67387e9736660e5985001234
952,67387e97e6cb2a3c14001234,67387e97c203d8a151001234
953,67387e979232fe8122001234,67387e97dc6a648964001234
954,67387e976395ebd0f4001234,67387e973295c76acb001234
955,67387e97ef4e3b775c001234,67387e9772b32a1f75001234
956,67387e97168908dd32001234,67387e97e165421110001234
957,67387e972ba596643c001234,67387e970777d5c17d001234
958,67387e97d240e3d38a001234,67387e97cedebb6e87001234
959,67387e970f840be9b8001234,67387e97f2fc990265001234
960,67387e97437d7d1d97001234,67387e97c74d97b01e001234
961,67387e97d707329bec001234,67387e97bf8229696f001234
962,67387e975c936263f3001234,67387e9757aeee35c9001234
963,67387e971ce927f875001234,67387e97158f3069a4001234
964,67387e978065d07da4001234,67387e971a5b1e4daa001234
965,67387e97eeb69a3cb9001234,67387e97f340f1b1f6001234
966,67387e974e0cb6fb5f001234,67387e973295c76acb001234
967,67387e976cfe0e6127001234,67387e97e00da03b68001234
968,67387e978f468c873a001234,67387e971679091c5a001234
969,67387e97e744f91c29001234,67387e97bac9162b47001234
970,67387e9789fcd07f20001234,67387e9765ded5353c001234
971,67387e976602294be9001234,67387e970aa1883c64001234
972,67387e97c22abfa379001234,67387e977cbbc409ec001234
973,67387e97ca75910166001234,67387e97877a9ba7a9001234
974,67387e974311359ed4001234,67387e97a684eceee7001234
975,67387e9792977ae4d2001234,67387e97ab817c9349001234
976,67387e979c01802ddb001234,67387e9706138bc5af001234
977,67387e97cc1aa43627001234,67387e97f340f1b1f6001234
978,67387e972ab56412b1001234,67387e97950a4152c2001234
979,67387e97c32d9bf27a001234,67387e977e7757b1e1001234
980,67387e97d79aac0759001234,67387e970e65972dce001234
981,67387e97287e03db1d001234,67387e97c24cd76e1c001234
982,67387e97fec8d47d41001234,67387e97218a0aefd1001234
983,67387e976aab127066001234,67387e97eda80a3d5b001234
984,67387e97d93ed5b6db001234,67387e978e6b42f164001234
985,67387e9754a367d629001234,67387e97fe73f687e5001234
986,67387e97fe7ee8fc19001234,67387e977e7757b1e1001234
987,67387e97df6d2338b2001234,67387e97c042f4db68001234
988,67387e979908279ebb001234,67387e9754229abfcf001234
989,67387e97a1140a3d0d001234,67387e97854d6fae5e001234
990,67387e974fac9ba115001234,67387e972f55707d41001234
991,67387e97692f93be8c001234,67387e97fccb60fb51001234
992,67387e97860320be12001234,67387e9770c639df5e001234
993,67387e977b13b22030001234,67387e979b8619251a001234
994,67387e97934815ad54001234,67387e970f49c89d1e001234
995,67387e972bcab9d935001234,67387e97a8f15eda80001234
996,67387e970b8aff0438001234,67387e97cb70ab3756001234
997,67387e97ec5aa0b784001234,67387e970584ce565c001234
998,67387e979ab0d88431001234,67387e97c74d97b01e001234
999,67387e97b706835de7001234,67387e9769cb3ea317001234
1000,67387e97a9b7ba7078001234,67387e978216124282001234
1001,67387e97b8c37e33de001234,67387e97d67d8ab4f4001234
1002,67387e97fba9d88164001234,67387e97310dcbbf4c001234
1003,67387e97aa68c75c4a001234,67387e9741ae36ecb9001234
1004,67387e97fed33392d3001234,67387e970aa1883c64001234
1005,67387e972387337ba1001234,67387e979dcb88e013001234
1006,67387e979246444d94001234,67387e975737c6ec2e001234
1007,67387e97d7322ed717001234,67387e976da9003b74001234
1008,67387e971587965fb4001234,67387e97705f217283001234
1009,67387e9731b3b31a1c001234,67387e9752720e0035001234
1010,67387e971e48c4420b001234,67387e974e732ced34001234
1011,67387e977f975a56c7001234,67387e973636638817001234
1012,67387e97f33ba15eff001234,67387e97577bcc914f001234
1013,67387e976b180037ab001234,67387e979bf31c7ff0001234
1014,67387e97766d856ef1001234,67387e97a8abb4bb28001234
1015,67387e97298923c819001234,67387e97d82c8d1619001234
1016,67387e9708fe2621d8001234,67387e9726337353b7001234
1017,67387e975d616dd382001234,67387e97f2fc990265001234
1018,67387e97ef50c335cc001234,67387e97877a9ba7a9001234
1019,67387e9703e0704b56001234,67387e970f28b5d49b001234
1020,67387e9765cc2c8205001234,67387e978e6b42f164001234
1021,67387e970768281a05001234,67387e97fc490ca45c001234
1022,67387e9793d65641ff001234,67387e9739059724f7001234
1023,67387e97ce5140df15001234,67387e9768d30a9594001234
1024,67387e97021bbc7ee2001234,67387e97979d472a84001234
1025,67387e9782b8a34349001234,67387e970deb1c5481001234
1026,67387e9724146db4eb001234,67387e9703c6b06952001234
1027,67387e97883e881bb4001234,67387e97eda80a3d5b001234
1028,67387e973806734b25001234,67387e9765b9eea6e1001234
1029,67387e9784d2004bf2001234,67387e97c042f4db68001234
1030,67387e97e515df0d20001234,67387e97f85454e827001234
1031,67387e97afdec7005c001234,67387e97539fd53b59001234
1032,67387e97995e1fda4a001234,67387e97cfa0860e83001234
1033,67387e97e17184bcb7001234,67387e97c4ca4238a0001234
1034,67387e97bdb106a056001234,67387e9706138bc5af001234
1035,67387e97a34bacf839001234,67387e975737c6ec2e001234
1036,67387e9783fa5a432a001234,67387e9725b2822c2f001234
1037,67387e97eddb904a6d001234,67387e976c524f9d5d001234
1038,67387e976d70cb65d1001234,67387e97a96b65a721001234
1039,67387e9727ed0fb950001234,67387e97ed3d2c2199001234
1040,67387e97537d9b6c92001234,67387e97e0c641195b001234
1041,67387e97d736bb10d8001234,67387e979a96876e2f001234
1042,67387e979ac403da79001234,67387e97182be0c5cd001234
1043,67387e97b9141aff14001234,67387e97c81e728d9d001234
1044,67387e971019c80916001234,67387e97f2fc990265001234
1045,67387e97a0e2a2c563001234,67387e97550a141f12001234
1046,67387e971579779b98001234,67387e97c3c59e5f8b001234
1047,67387e9720b5e1cf86001234,67387e9755a7cf9c71001234
1048,67387e977cce53cf90001234,67387e976a9aeddfc6001234
1049,67387e9758c54802a9001234,67387e97149e9677a5001234
1050,67387e975055cbf43f001234,67387e97138bb06965001234
1051,67387e97456ac9b0d1001234,67387e97060ad92489001234
1052,67387e97f4dd765c12001234,67387e97fccb60fb51001234
1053,67387e977fec306d1e001234,67387e970d0fd7c6e0001234
1054,67387e97db576a7d24001234,67387e979de6d14fff001234
1055,67387e9753c04118df001234,67387e97bbf94b34eb001234
1056,67387e974ca82782c5001234,67387e97e2ef524fbf001234
1057,67387e97d8700cbd38001234,67387e97a516a87cfc001234
1058,67387e97b4d168b481001234,67387e977f39f8317f001234
1059,67387e974a08142c38001234,67387e9702e74f10e0001234
1060,67387e97299a23a229001234,67387e97cf004fdc76001234
1061,67387e97a89cf525e1001234,67387e97a516a87cfc001234
1062,67387e97cd89fef7ff001234,67387e973295c76acb001234
1063,67387e976c340f2583001234,67387e972050e03ca1001234
1064,67387e972290a7385e001234,67387e97069059b7ef001234
1065,67387e97a2137a2ae8001234,67387e972a38a4a931001234
1066,67387e9743dd49b4fd001234,67387e97d61e4bbd63001234
1067,67387e9731857b449c001234,67387e9738db3aed92001234
1068,67387e9753adaf494d001234,67387e976ea9ab1baa001234
1069,67387e97fc2c7c47b9001234,67387e97f1b6f2857f001234
1070,67387e97dc58e3a306001234,67387e9747d1e99058001234
1071,67387e971b0114c51c001234,67387e97735b90b456001234
1072,67387e97a1519de5b5001234,67387e97250cf8b51c001234
1073,67387e97390e982518001234,67387e97f340f1b1f6001234
1074,67387e97708f3cf810001234,67387e97757b505cfd001234
1075,67387e974607263158001234,67387e976ea9ab1baa001234
1076,67387e978a1e808b55001234,67387e9767c6a1e7ce001234
1077,67387e97062ddb6c72001234,67387e978d7d8ee069001234
1078,67387e97522a9ae9a9001234,67387e97854d6fae5e001234
1079,67387e9743baa6762f001234,67387e97a3c65c2974001234
1080,67387e97731c83db8d001234,67387e97903ce9225f001234
1081,67387e9736a16a2505001234,67387e97a97da629b0001234
1082,67387e97818f4654ed001234,67387e970266e33d3f001234
1083,67387e97e5e63da79f001234,67387e97698d51a19d001234
1084,67387e979f36407ead001234,67387e972421fcb126001234
1085,67387e974f16c81887001234,67387e97b1d10e7baf001234
1086,67387e97d91d1b4d82001234,67387e9755a7cf9c71001234
1087,67387e97a26398dca6001234,67387e97903ce9225f001234
1088,67387e97b1563a78ec001234,67387e9700ec53c468001234
1089,67387e9703f5446139001234,67387e9796da2f590c001234
1090,67387e978b40665547001234,67387e9767f7fb873e001234
1091,67387e97754dda4b1b001234,67387e9725b2822c2f001234
1092,67387e976a2feef8ed001234,67387e978f53295a73001234
1093,67387e9768b1fbe7f1001234,67387e973c7781a36b001234
1094,67387e9741bfd20a38001234,67387e97caf1a3dfb5001234
1095,67387e97d6723e7cd6001234,67387e97d395771085001234
1096,67387e974e2545f819001234,67387e978e6b42f164001234
1097,67387e97db2b418215001234,67387e97bf8229696f001234
1098,67387e97a5e0ff62be001234,67387e975878a7ab84001234
1099,67387e97a016070970001234,67387e976512bd43d9001234
1100,67387e971e6e0a04d2001234,67387e97357a6fdf76001234
1101,67387e97c6bff625bd001234,67387e97bd686fd640001234
1102,67387e97c667d53acd001234,67387e97d6baf65e0b001234
1103,67387e97aace49c7d8001234,67387e9744f683a841001234
1104,67387e974da04049a0001234,67387e973fe94a0023001234
1105,67387e97af21d0c97d001234,67387e971c9ac0159c001234
1106,67387e97c9f95a0a5a001234,67387e97b2eb734903001234
1107,67387e97e58cc5ca94001234,67387e97d67d8ab4f4001234
1108,67387e97b9d487a303001234,67387e973c59dc048e001234
1109,67387e978f1d43620b001234,67387e972a38a4a931001234
1110,67387e972cbca44843001234,67387e97735b90b456001234
1111,67387e97b59c67bf19001234,67387e9784d9ee44e4001234
1112,67387e9720d135f0f2001234,67387e9798b2979500001234
1113,67387e979c3b183051001234,67387e97555d6702c9001234
1114,67387e97d6ef5f7fa9001234,67387e978613985ec4001234
1115,67387e97e19347e1c3001234,67387e97274ad4786c001234
1116,67387e97dd77279f7d001234,67387e970640966322001234
1117,67387e970eec27c419001234,67387e97d18f655c3f001234
1118,67387e97c60d060b94001234,67387e9745fbc6d3e0001234
1119,67387e978597a6cfa7001234,67387e97c410003ef1001234
1120,67387e97c6036a69be001234,67387e97539fd53b59001234
1121,67387e973a15c7d0bb001234,67387e974f4adcbf8c001234
1122,67387e973b712de481001234,67387e97854d6fae5e001234
1123,67387e972cfd456053001234,67387e97cb70ab3756001234
1124,67387e97c7635bfd99001234,67387e97115f895031001234
1125,67387e97c21002f464001234,67387e97efe937780e001234
1126,67387e97ffeed84c7c001234,67387e9766808e327d001234
1127,67387e97678a149151001234,67387e97c8ffe9a587001234
1128,67387e973fe78a8acf001234,67387e97b1a59b315f001234
1129,67387e9769a5b59951001234,67387e97b3967a0e93001234
1130,67387e974a213d3724001234,67387e97d82c8d1619001234
1131,67387e97fe709c654e001234,67387e97eb160de1de001234
1132,67387e97571e0f7e2d001234,67387e976c8349cc72001234
1133,67387e97fd06b8ea02001234,67387e970a09c8844b001234
1134,67387e977c9d0b1f96001234,67387e97f457c545a9001234
1135,67387e97fd2c5e4680001234,67387e971385974ed5001234
1136,67387e9747a658229e001234,67387e971679091c5a001234
1137,67387e97801c14f07f001234,67387e978f85517967001234
1138,67387e97c3e0c62ee9001234,67387e97c9f0f895fb001234
1139,67387e971842603482001234,67387e97d09bf41544001234
1140,67387e978248a99e81001234,67387e976a9aeddfc6001234
1141,67387e97f7f580e11d001234,67387e976512bd43d9001234
1142,67387e978ce6790cc6001234,67387e97e836d813fd001234
1143,67387e97208e43f0e4001234,67387e97d6baf65e0b001234
1144,67387e974588e674d3001234,67387e97a0a080f42e001234
1145,67387e97feab05aa91001234,67387e97b9228e0962001234
1146,67387e978a3363abe7001234,67387e97045117b0e0001234
1147,67387e97a1d50185e7001234,67387e9766808e327d001234
1148,67387e97df0aab058c001234,67387e97950a4152c2001234
1149,67387e9709c6c3783b001234,67387e978e296a067a001234
1150,67387e972b38c2df6a001234,67387e9705049e90fa001234
1151,67387e97f197002b9a001234,67387e97140f6969d5001234
1152,67387e9745f31d16b1001234,67387e97d1f491a404001234
1153,67387e9755b1927fda001234,67387e977f1de29e6d001234
1154,67387e97e8b1cbd05f001234,67387e974c56ff4ce4001234
1155,67387e97285f89b802001234,67387e9700ec53c468001234
1156,67387e97e22312179b001234,67387e978613985ec4001234
1157,67387e97a8240cb823001234,67387e97db8e1af0cb001234
1158,67387e970c048b3a43001234,67387e97f033ab37c3001234
1159,67387e9716e6a3326d001234,67387e97c3c59e5f8b001234
1160,67387e97884d79963b001234,67387e97d395771085001234
1161,67387e9738ca89564b001234,67387e97beed13602b001234
1162,67387e97abea47ba24001234,67387e9713fe9d8431001234
1163,67387e976e7d2da6d3001234,67387e9754229abfcf001234
1164,67387e9700e26af6ac001234,67387e97cedebb6e87001234
1165,67387e97a3fb4fbf9a001234,67387e9734ed066df3001234
1166,67387e970f2c9a93ee001234,67387e97250cf8b51c001234
1167,67387e979da187a7a1001234,67387e9725ddc0f8c9001234
1168,67387e972f29b6e3ab001234,67387e97f2fc990265001234
1169,67387e971e1d184167001234,67387e9776dc611d6e001234
1170,67387e973eb71f6293001234,67387e9798f1370821001234
1171,67387e97a113c1ecd3001234,67387e979f61408e3a001234
1172,67387e9736a1694bce001234,67387e97432aca3a1e001234
1173,67387e970a0a0c8aaa001234,67387e97f1b6f2857f001234
1174,67387e973473decccb001234,67387e9770c639df5e001234
1175,67387e971896a3bf73001234,67387e97950a4152c2001234
1176,67387e97a7d8ae4569001234,67387e97c410003ef1001234
1177,67387e9783f97f4825001234,67387e979dfcd5e558001234
1178,67387e977d771e0e8f001234,67387e970aa1883c64001234
1179,67387e97dabd8d2ce7001234,67387e971385974ed5001234
1180,67387e976eb6e75fdd001234,67387e97a597e50502001234
1181,67387e972ac2406e83001234,67387e974c5bde74a8001234
1182,67387e97f47330643a001234,67387e979c838d2e45001234
1183,67387e970e095e054e001234,67387e9726657d5ff9001234
1184,67387e9797af4fb322001234,67387e97be83ab3ecd001234
1185,67387e975680522b8e001234,67387e97ec8ce6abb3001234
1186,67387e972b6d65b9a9001234,67387e979dcb88e013001234
1187,67387e974f284803bd001234,67387e9772b32a1f75001234
1188,67387e97c44e503833001234,67387e977cbbc409ec001234
1189,67387e9782c2559140001234,67387e97e369853df7001234
1190,67387e97160c88652d001234,67387e97c0e190d826001234
1191,67387e97b20bb95ab6001234,67387e9739461a19e9001234
1192,67387e9752292e0c76001234,67387e976ecbdd6ec8001234
1193,67387e979a3d458322001234,67387e97854d6fae5e001234
1194,67387e97a42a596fc7001234,67387e9726657d5ff9001234
1195,67387e970188e8b8b0001234,67387e97cedebb6e87001234
1196,67387e979adeb82fff001234,67387e97077e29b11b001234
1197,67387e97ae5e3ce40e001234,67387e9770efdf2ec9001234
1198,67387e97c54e7837e0001234,67387e97ac627ab1cc001234
1199,67387e974d2e7bd33c001234,67387e97b83aac23b9001234
1200,67387e97fe2d010308001234,67387e977d04bbbe54001234
1201,67387e977501e5d4da001234,67387e9763923f49e5001234
1202,67387e97147702db07001234,67387e97ed3d2c2199001234
1203,67387e97491442df5f001234,67387e97757b505cfd001234
1204,67387e97fb2fcd534b001234,67387e9749ae49a23f001234
1205,67387e97b571ecea16001234,67387e972a79ea27c2001234
1206,67387e97144a3f71a0001234,67387e974c56ff4ce4001234
1207,67387e974e4e53aa08001234,67387e97d395771085001234
1208,67387e97a58149d355001234,67387e97c24cd76e1c001234
1209,67387e977e7e69ea33001234,67387e97fe73f687e5001234
1210,67387e97f7cade80b7001234,67387e977e7757b1e1001234
1211,67387e97285ab9448d001234,67387e972f55707d41001234
1212,67387e97a01610228f001234,67387e97a4a042cf4f001234
1213,67387e9733ceb07bf4001234,67387e978d7d8ee069001234
1214,67387e97c8ba76c279001234,67387e971068c6e4c8001234
1215,67387e97a4d2f0d23d001234,67387e97f8c1f23d6a001234
1216,67387e973948ead63a001234,67387e9749182f81e6001234
1217,67387e976a61d423d0001234,67387e97877a9ba7a9001234
1218,67387e973f67fd9716001234,67387e97f7177163c8001234
1219,67387e972715518c87001234,67387e978cb22bdd0b001234
1220,67387e97b24d516bb6001234,67387e976da37dd313001234
1221,67387e971d72310edc001234,67387e97bca82e41ee001234
1222,67387e973a029f04d7001234,67387e97eed5af6add001234
1223,67387e9743cca4b3de001234,67387e97c9f0f895fb001234
1224,67387e9768d13cf26c001234,67387e97a516a87cfc001234
1225,67387e9725df35de87001234,67387e97f2217062e9001234
1226,67387e973210ddbeaa001234,67387e97bc6dc48b74001234
1227,67387e97c4851e8e26001234,67387e97f033ab37c3001234
1228,67387e97eb86d51036001234,67387e978c19f571e2001234
1229,67387e97310ce61c90001234,67387e979be40cee5b001234
1230,67387e974122cb13c7001234,67387e973c59dc048e001234
1231,67387e976c14da109e001234,67387e97a01a0380ca001234
1232,67387e97e53a0a2978001234,67387e97cedebb6e87001234
1233,67387e97e034fb6b66001234,67387e9753c3bce66e001234
1234,67387e9781dc9bdb52001234,67387e9754229abfcf001234
1235,67387e979996535e07001234,67387e9715d4e891d7001234
1236,67387e977bccfde771001234,67387e97539fd53b59001234
1237,67387e97a9eb812238001234,67387e9741f1f19176001234
1238,67387e97d38901788c001234,67387e977ef605fc8d001234
1239,67387e97b3ba8f1bee001234,67387e9749182f81e6001234
1240,67387e97a9078e8653001234,67387e9798dce83da5001234
1241,67387e971c65cef3df001234,67387e97a96b65a721001234
1242,67387e972de5d16682001234,67387e97d296c101da001234
1243,67387e97e1d5be1c7f001234,67387e97335f535208001234
1244,67387e972c89109d42001234,67387e9785d8ce590a001234
1245,67387e975eac43aceb001234,67387e97eb160de1de001234
1246,67387e97905056c1ac001234,67387e970266e33d3f001234
1247,67387e97e6d8545daa001234,67387e9733e75ff09d001234
1248,67387e9739e4973ba3001234,67387e97d296c101da001234
1249,67387e972ba8698b79001234,67387e97f90f2aca5c001234
1250,67387e9781e5f81db7001234,67387e97a02ffd91ec001234
1251,67387e97838e8afb1c001234,67387e97559cb990c9001234
1252,67387e97a284df1155001234,67387e976f3ef77ac0001234
1253,67387e97b495ce63ed001234,67387e97bd686fd640001234
1254,67387e97884ce4bb65001234,67387e9798b2979500001234
1255,67387e973bf55bbad3001234,67387e973def184ad8001234
1256,67387e97e325107555001234,67387e9738af86134b001234
1257,67387e97cd758e8f59001234,67387e97fe9fc289c3001234
1258,67387e9726588e932c001234,67387e97fc22130974001234
1259,67387e9768a83eeb49001234,67387e97eccbc87e4b001234
1260,67387e97f4573fc71c001234,67387e9794f6d7e04a001234
1261,67387e9717326d10d5001234,67387e9733e75ff09d001234
1262,67387e97dc4c44f624001234,67387e97c8ffe9a587001234
1263,67387e977eb3c8be3d001234,67387e97bbf94b34eb001234
1264,67387e976c8dba7d0d001234,67387e9755a7cf9c71001234
1265,67387e970ce2ffd21f001234,67387e974734ba6f3d001234
1266,67387e978e2cfdc275001234,67387e9770c639df5e001234
1267,67387e97b51a15f382001234,67387e97a3f390d88e001234
1268,67387e97193002e668001234,67387e97d1f255a373001234
1269,67387e97e00406144c001234,67387e9716a5cdae36001234
1270,67387e97c850371fda001234,67387e974f6ffe13a5001234
1271,67387e97c1e39d912d001234,67387e978e98d81f82001234
1272,67387e977810ccd41b001234,67387e97bbcbff5c1f001234
1273,67387e97f91e24dfe8001234,67387e97a49e9411d6001234
1274,67387e97e702e51da2001234,67387e97d07e70efcf001234
1275,67387e97bb04af0f7e001234,67387e9714bfa6bb14001234
1276,67387e97fb60d411a5001234,67387e97f457c545a9001234
1277,67387e97d759175de8001234,67387e97c410003ef1001234
1278,67387e97ab1a4d0dd4001234,67387e972050e03ca1001234
1279,67387e97995665640d001234,67387e977f1de29e6d001234
1280,67387e97da11e8cd18001234,67387e97b6d767d2f8001234
1281,67387e97d94e18a8ad001234,67387e97c51ce410c1001234
1282,67387e971cecc7a779001234,67387e97d1f491a404001234
1283,67387e97018b59ce1f001234,67387e970777d5c17d001234
1284,67387e97242c100dc9001234,67387e971c383cd30b001234
1285,67387e97944bdd9636001234,67387e9768d30a9594001234
1286,67387e97c0a271bc0e001234,67387e971534b76d32001234
1287,67387e974079016d94001234,67387e979766527f2b001234
1288,67387e970e9fa1f3e9001234,67387e97a5e0013237001234
1289,67387e970829424ffa001234,67387e97d18f655c3f001234
1290,67387e9770222949cc001234,67387e975fd0b37cd7001234
1291,67387e9771f6278d14001234,67387e97cfecdb276f001234
1292,67387e97459a4ddcb5001234,67387e9737a749d808001234
1293,67387e977c82fab8c8001234,67387e97f1b6f2857f001234
1294,67387e9784438b7aae001234,67387e97371bce7dc8001234
1295,67387e97dc87c13749001234,67387e9713fe9d8431001234
1296,67387e972812e5cf6d001234,67387e97a87ff679a2001234
1297,67387e97286674e308001234,67387e975ef059938b001234
1298,67387e97a51fb97522001234,67387e97371bce7dc8001234
1299,67387e97a0833c8a18001234,67387e979fc3d7152b001234
1300,67387e976f3e29a352001234,67387e9702e74f10e0001234
1301,67387e972df45244f0001234,67387e9772b32a1f75001234
1302,67387e97996009f237001234,67387e97aa942ab2bf001234
1303,67387e97d282ef2637001234,67387e972421fcb126001234
1304,67387e975caf41d623001234,67387e97758874998f001234
1305,67387e97fd5c905bcd001234,67387e97f90f2aca5c001234
1306,67387e977940ab4746001234,67387e976855456e2f001234
1307,67387e97f93882cbd8001234,67387e97289dff0766001234
1308,67387e97a0872cc5b5001234,67387e9713f3cf8c53001234
1309,67387e974476b929e3001234,67387e97c9e1074f5b001234
1310,67387e97535ab76633001234,67387e9703afdbd66e001234
1311,67387e977bb060764a001234,67387e9731fefc0e57001234
1312,67387e97f29b38f160001234,67387e979a1158154d001234
1313,67387e97f09696910b001234,67387e971c9ac0159c001234
1314,67387e9750905d7b22001234,67387e97dc6a648964001234
1315,67387e97dfd7468ac6001234,67387e9749ae49a23f001234
1316,67387e97f3f1b7fc5a001234,67387e970640966322001234
1317,67387e9793fb9d4b16001234,67387e9746ba9f2a69001234
1318,67387e9776cf99d361001234,67387e97f4b9ec30ad001234
1319,67387e971ee3dfcd8a001234,67387e97eba0dc302b001234
1320,67387e972a50e9c2d6001234,67387e97d395771085001234
1321,67387e97f9be311e65001234,67387e97a8abb4bb28001234
1322,67387e97dc960c46c3001234,67387e97fe9fc289c3001234
1323,67387e974671aeaf49001234,67387e977f6ffaa6bb001234
1324,67387e97bb7946e7d8001234,67387e97577ef1154f001234
1325,67387e973546ab441e001234,67387e9758238e9ae2001234
1326,67387e97c70daf2479001234,67387e976c9882bbac001234
1327,67387e9717fafe5f6c001234,67387e979188905e74001234
1328,67387e974c22bd4448001234,67387e977f1de29e6d001234
1329,67387e9701e9565cec001234,67387e978e6b42f164001234
1330,67387e97fe51510c80001234,67387e97e369853df7001234
1331,67387e97e077e1a544001234,67387e97cfee398643001234
1332,67387e9728e209b61a001234,67387e978e98d81f82001234
1333,67387e97ff49cc40a8001234,67387e9753c3bce66e001234
1334,67387e978edd72158c001234,67387e978efb100a29001234
1335,67387e979cb67ffb59001234,67387e979872ed9fc2001234
1336,67387e973d779cae2d001234,67387e974f6ffe13a5001234
1337,67387e97e48e132073001234,67387e97979d472a84001234
1338,67387e9705311655a1001234,67387e97069059b7ef001234
1339,67387e97d10ec7c16c001234,67387e97ad61ab1432001234
1340,67387e974f87658ef0001234,67387e9717d63b1625001234
1341,67387e9733ebd5b07d001234,67387e9700411460f7001234
1342,67387e975e1b18c4c6001234,67387e972a79ea27c2001234
1343,67387e97674bfc5f6b001234,67387e978613985ec4001234
1344,67387e97a50abba813001234,67387e97e4a6222cdb001234
1345,67387e9786109d400f001234,67387e9718997733ec001234
1346,67387e9782965d4ed8001234,67387e97698d51a19d001234
1347,67387e970e55666a4a001234,67387e97735b90b456001234
1348,67387e97c73dfe6c63001234,67387e9749ae49a23f001234
1349,67387e97bcc0d40028001234,67387e97a96b65a721001234
1350,67387e97861dc9bd7f001234,67387e979dfcd5e558001234
1351,67387e973e313b9bad001234,67387e9718997733ec001234
1352,67387e978b0dc65f99001234,67387e970777d5c17d001234
1353,67387e97ee8374ec4e001234,67387e97941e1aaaba001234
1354,67387e97af47327116001234,67387e97eda80a3d5b001234
1355,67387e97b8c27b7a1c001234,67387e97a5bfc9e079001234
1356,67387e97980ecd0591001234,67387e971ff1de7740001234
1357,67387e97c26820b8a4001234,67387e97d947bf06a8001234
1358,67387e9783adc9225e001234,67387e979f61408e3a001234
1359,67387e978d3369c4c0001234,67387e97ef0d3930a7001234
1360,67387e97fb508ef074001234,67387e977ef605fc8d001234
1361,67387e97cf9a242b70001234,67387e976f3ef77ac0001234
1362,67387e97a9be4c2a40001234,67387e977d04bbbe54001234
1363,67387e979683cc5f89001234,67387e97d18f655c3f001234
1364,67387e97effc299a1a001234,67387e976c8349cc72001234
1365,67387e97cf1f78fe92001234,67387e97f0935e4cd5001234
1366,67387e976a5889bb01001234,67387e97e3796ae838001234
1367,67387e97a223c6b371001234,67387e97735b90b456001234
1368,67387e976c1da88682001234,67387e97060ad92489001234
1369,67387e970e3a37aa85001234,67387e97a87ff679a2001234
1370,67387e97d1ee59e20a001234,67387e975b8add2a5d001234
1371,67387e9781ca0262c8001234,67387e977ef605fc8d001234
1372,67387e97f3bd5ad57c001234,67387e97a96b65a721001234
1373,67387e97e56b06c51e001234,67387e97a8abb4bb28001234
1374,67387e97792c7b5aae001234,67387e976883966fd8001234
1375,67387e9770feb62b69001234,67387e976974ce5ac6001234
1376,67387e9779a49b3e37001234,67387e976da37dd313001234
1377,67387e97f52378e142001234,67387e97d2ddea18f0001234
1378,67387e978d9a0adb7c001234,67387e9704025959b1001234
1379,67387e97bad5f33780001234,67387e978d7d8ee069001234
1380,67387e97ea8fcd92d5001234,67387e97c45147dee7001234
1381,67387e97d82118376d001234,67387e9784d9ee44e4001234
1382,67387e974e0d67e54a001234,67387e971a5b1e4daa001234
1383,67387e97cd0dce8fca001234,67387e9757aeee35c9001234
1384,67387e975ca3e9b122001234,67387e97bf8229696f001234
1385,67387e9786e8f7ab32001234,67387e97a3f390d88e001234
1386,67387e97363763e5c3001234,67387e9731fefc0e57001234
1387,67387e974fa7c62536001234,67387e97202cb962ac001234
1388,67387e970c0a756691001234,67387e9773278a4a86001234
1389,67387e972bd7f907b7001234,67387e97b3967a0e93001234
1390,67387e97359f38463d001234,67387e97248e844336001234
1391,67387e977f53f8c6c7001234,67387e979766527f2b001234
1392,67387e97c082681963001234,67387e9743ec517d68001234
1393,67387e97ad3019b856001234,67387e976512bd43d9001234
1394,67387e97f016e59c7a001234,67387e9794f6d7e04a001234
1395,67387e9714d9e8007c001234,67387e979778d5d219001234
1396,67387e970966289037001234,67387e9711b9842e0a001234
1397,67387e97215a71a127001234,67387e9751d92be1c6001234
1398,67387e97d9731321ef001234,67387e97dc6a648964001234
1399,67387e97602d130567001234,67387e97da4fb5c6e9001234
1400,67387e97f0dd4a99fb001234,67387e97bbf94b34eb001234
1401,67387e979701a1c165001234,67387e9757aeee35c9001234
1402,67387e9728fc2782ea001234,67387e97e836d813fd001234
1403,67387e974edaa105d5001234,67387e97fe9fc289c3001234
1404,67387e97186a157b29001234,67387e978f53295a73001234
1405,67387e973de2334a31001234,67387e9726e359e838001234
1406,67387e97b7087c1f4f001234,67387e9702e74f10e0001234
1407,67387e9746771d1f43001234,67387e9776dc611d6e001234
1408,67387e976d9c547cf1001234,67387e97816b112c61001234
1409,67387e977b5b23f4aa001234,67387e9748aedb8880001234
1410,67387e97512c5cad6c001234,67387e97598b3e71ec001234
1411,67387e9754072f485c001234,67387e97f73b76ce89001234
1412,67387e970e4e946668001234,67387e97735b90b456001234
1413,67387e9759f51fd693001234,67387e9753c3bce66e001234
1414,67387e977a674153c6001234,67387e9794f6d7e04a001234
1415,67387e97a60937eba5001234,67387e97eba0dc302b001234
1416,67387e9723ad3e314e001234,67387e9726657d5ff9001234
1417,67387e979a1756fd0c001234,67387e97bbf94b34eb001234
1418,67387e97309928d4b1001234,67387e97e4da3b7fbb001234
1419,67387e9730c8e1ca87001234,67387e973636638817001234
1420,67387e9790db9da4fc001234,67387e97310dcbbf4c001234
1421,67387e979aa42b3188001234,67387e97115f895031001234
1422,67387e970ed9422357001234,67387e9713f9896df6001234
1423,67387e97856fc81623001234,67387e9715d4e891d7001234
1424,67387e97489d0396e6001234,67387e970f49c89d1e001234
1425,67387e97a424ed4bd3001234,67387e9716a5cdae36001234
1426,67387e97299fb2142d001234,67387e971651cf0d2f001234
1427,67387e97970af30e48001234,67387e97d1f491a404001234
1428,67387e970663a4ddce001234,67387e97d34ab169b7001234
1429,67387e9756352739f5001234,67387e979be40cee5b001234
1430,67387e97411ae1bf08001234,67387e970266e33d3f001234
1431,67387e97e11943a603001234,67387e973ad7c2ebb9001234
1432,67387e9756468d5607001234,67387e97d3d9446802001234
1433,67387e97b069b34151001234,67387e9700ec53c468001234
1434,67387e977895fc1308001234,67387e97d1c38a09ac001234
1435,67387e971f3202d820001234,67387e97a4f23670e1001234
1436,67387e97eaa32c96f6001234,67387e97ec5decca5e001234
1437,67387e97a8f8f60264001234,67387e97006f52e910001234
1438,67387e97db6ebd0566001234,67387e9767f7fb873e001234
1439,67387e97540ae6b0f6001234,67387e979fd81843ad001234
1440,67387e97f4a331b7a2001234,67387e97f73b76ce89001234
1441,67387e97b197ffdef2001234,67387e97115f895031001234
1442,67387e97f69e505b08001234,67387e9737a749d808001234
1443,67387e978fb5f8be2a001234,67387e97335f535208001234
1444,67387e97afe434653a001234,67387e97e2c420d928001234
1445,67387e97b265ce60fe001234,67387e97352fe25daf001234
1446,67387e978fb21ee7a2001234,67387e979be40cee5b001234
1447,67387e97c930eecd01001234,67387e9704025959b1001234
1448,67387e97e94f63f579001234,67387e97f7e6c85504001234
1449,67387e972dffbc474a001234,67387e979872ed9fc2001234
1450,67387e97c5cc17e395001234,67387e97149e9677a5001234
1451,67387e9780a8155eb1001234,67387e9798b2979500001234
1452,67387e976786f3c62f001234,67387e97115f895031001234
1453,67387e97536a76f94c001234,67387e979766527f2b001234
1454,67387e973bbfdde884001234,67387e9794f6d7e04a001234
1455,67387e970a1bf96b71001234,67387e97ad13a2a07c001234
1456,67387e975e76bef6e0001234,67387e97bbcbff5c1f001234
1457,67387e9701d8bae291001234,67387e9739461a19e9001234
1458,67387e974dcae38ee1001234,67387e97c74d97b01e001234
1459,67387e971abb1e1ea5001234,67387e97432aca3a1e001234
1460,67387e9707042ac7d0001234,67387e976ea9ab1baa001234
1461,67387e9795151403b0001234,67387e97aab3238922001234
1462,67387e97ad71c82b22001234,67387e9763dc7ed101001234
1463,67387e97fe70c36866001234,67387e97f1b6f2857f001234
1464,67387e97c913303f39001234,67387e978bf1211fd4001234
1465,67387e97372d3f309f001234,67387e97eba0dc302b001234
1466,67387e976d9cb7de5e001234,67387e97a5bfc9e079001234
1467,67387e970245952ecf001234,67387e97a49e9411d6001234
1468,67387e97cec6f62cfb001234,67387e979c838d2e45001234
1469,67387e97991de292e7001234,67387e976364d3f0f4001234
1470,67387e9742ffcf057e001234,67387e97db8e1af0cb001234
1471,67387e978b0d268963001234,67387e97e56954b4f6001234
1472,67387e97daa96d9681001234,67387e9782aa4b0af3001234
1473,67387e97ac796a52db001234,67387e971ff1de7740001234
1474,67387e977d6044e95a001234,67387e97854d9fca60001234
1475,67387e97571d3a9420001234,67387e97158f3069a4001234
1476,67387e9797275a23ca001234,67387e97ec8956637a001234
1477,67387e9778b9cab199001234,67387e97f61d694746001234
1478,67387e9783cdcec08f001234,67387e976883966fd8001234
1479,67387e97dc09c97fd7001234,67387e97a8abb4bb28001234
1480,67387e97e816c635ca001234,67387e97ac1dd209cb001234
1481,67387e974e8412ad48001234,67387e9763dc7ed101001234
1482,67387e97ab541d874c001234,67387e9701161aaa0b001234
1483,67387e97bffc98347e001234,67387e9734173cb38f001234
1484,67387e97729c68884b001234,67387e979766527f2b001234
1485,67387e977fb8ceb3bd001234,67387e970266e33d3f001234
1486,67387e9786df7dcfd8001234,67387e979a1158154d001234
1487,67387e976d3a1e06d6001234,67387e979bf31c7ff0001234
1488,67387e978a146f1a3d001234,67387e97ed3d2c2199001234
1489,67387e971baff70e26001234,67387e978e98d81f82001234
1490,67387e97f187a23c3e001234,67387e97ea5d2f1c46001234
1491,67387e97226d1f15ec001234,67387e97c51ce410c1001234
1492,67387e97e655c7716a001234,67387e97be83ab3ecd001234
1493,67387e971714726c81001234,67387e97069059b7ef001234
1494,67387e97fcdf25d6e1001234,67387e976c4b761a28001234
1495,67387e97fa1e9c9653001234,67387e9769adc1e107001234
1496,67387e971415db70fe001234,67387e97357a6fdf76001234
1497,67387e9755c567fd43001234,67387e976c4b761a28001234
1498,67387e97ced556cd9f001234,67387e97c3e878e27f001234
1499,67387e976490791e7a001234,67387e97caf1a3dfb5001234
