id_event,id_location
673ef5fdc4ca4238a0001234,673ef5fee00406144c001234
673ef5fdeccbc87e4b001234,673ef5fdffeabd223d001234
673ef5fd1679091c5a001234,673ef5fd0353ab4cbe001234
673ef5fdc20ad4d76f001234,673ef5fd3988c7f88e001234
673ef5fdaab3238922001234,673ef5fe2ba596643c001234
673ef5fd70efdf2ec9001234,673ef5fded265bc903001234
673ef5fd8e296a067a001234,673ef5fe43dd49b4fd001234
673ef5fd33e75ff09d001234,673ef5fd357a6fdf76001234
673ef5fde369853df7001234,673ef5fed516b13671001234
673ef5fda5771bce93001234,673ef5fd6cd67d9b6f001234
673ef5fda1d0c6e83f001234,673ef5fd9b72e31dac001234
673ef5fd17e62166fc001234,673ef5fd7cbbc409ec001234
673ef5fdd9d4f495e8001234,673ef5fd06eb61b839001234
673ef5fd642e92efb7001234,673ef5fd26657d5ff9001234
673ef5fdf457c545a9001234,673ef5fd0bb4aec171001234
673ef5fdc0c7c76d30001234,673ef5fd82f2b308c3001234
673ef5fd2838023a77001234,673ef5fed6ef5f7fa9001234
673ef5fd9a1158154d001234,673ef5fe23ad3e314e001234
673ef5fd7f39f8317f001234,673ef5fe4d5b995358001234
673ef5fd44f683a841001234,673ef5fda87ff679a2001234
673ef5fd735b90b456001234,673ef5feb069b34151001234
673ef5fd7cbbc409ec001234,673ef5fefe2d010308001234
673ef5fde2c420d928001234,673ef5fdeecca5b636001234
673ef5fdd2ddea18f0001234,673ef5fdd4c2e4a329001234
673ef5fdd09bf41544001234,673ef5fd9fd81843ad001234
673ef5fdfbd7939d67001234,673ef5fdc361bc7b2c001234
673ef5fd35f4a8d465001234,673ef5fe5e76bef6e0001234
673ef5fdd1fe173d08001234,673ef5fdd09bf41544001234
673ef5fd43ec517d68001234,673ef5fd8ebda540cb001234
673ef5fdc7e1249ffc001234,673ef5fd1afa34a7f9001234
673ef5fd8613985ec4001234,673ef5fe193002e668001234
673ef5fd98dce83da5001234,673ef5fe6d9c547cf1001234
673ef5fd812b4ba287001234,673ef5feb6a1085a27001234
673ef5fde2ef524fbf001234,673ef5fd4734ba6f3d001234
673ef5fd38b3eff8ba001234,673ef5fdc3992e9a68001234
673ef5fd6974ce5ac6001234,673ef5feb24d516bb6001234
673ef5fdc9e1074f5b001234,673ef5fe7d6044e95a001234
673ef5fd65b9eea6e1001234,673ef5fd432aca3a1e001234
673ef5fda97da629b0001234,673ef5fda87ff679a2001234
673ef5fda3c65c2974001234,673ef5fe847cc55b70001234
673ef5fd7f6ffaa6bb001234,673ef5fde555ebe0ce001234
673ef5fd4c56ff4ce4001234,673ef5fe7a674153c6001234
673ef5fdc8ffe9a587001234,673ef5fe0a113ef6b6001234
673ef5fd76dc611d6e001234,673ef5fdabd815286b001234
673ef5fd9b8619251a001234,673ef5fe7895fc1308001234
673ef5fd1afa34a7f9001234,673ef5fefa1e9c9653001234
673ef5fd9fc3d7152b001234,673ef5fe309928d4b1001234
673ef5fd42a0e188f5001234,673ef5fe2dace78f80001234
673ef5fd3988c7f88e001234,673ef5fe3a15c7d0bb001234
673ef5fda5e0013237001234,673ef5fd39461a19e9001234
673ef5fdb3e3e393c7001234,673ef5fdef0d3930a7001234
673ef5fd1d7f7abc18001234,673ef5fd19ca14e7ea001234
673ef5fd1c9ac0159c001234,673ef5fe4dcae38ee1001234
673ef5fd6c4b761a28001234,673ef5fec082681963001234
673ef5fd0640966322001234,673ef5fdaba3b6fd5d001234
673ef5fd140f6969d5001234,673ef5fe93d65641ff001234
673ef5fdfa7cdfad1a001234,673ef5fe56352739f5001234
673ef5fd1ff8a7b5dc001234,673ef5fe38ca89564b001234
673ef5fdf7e6c85504001234,673ef5fe4588e674d3001234
673ef5fd8f53295a73001234,673ef5fdc9f0f895fb001234
673ef5fd045117b0e0001234,673ef5fe4e2545f819001234
673ef5fdfc22130974001234,673ef5fe8fb5f8be2a001234
673ef5fd4c5bde74a8001234,673ef5fd006f52e910001234
673ef5fdeecca5b636001234,673ef5fdf7177163c8001234
673ef5fd9872ed9fc2001234,673ef5fe456ac9b0d1001234
673ef5fda2557a7b2e001234,673ef5fd41ae36ecb9001234
673ef5fd58a2fc6ed3001234,673ef5fe52292e0c76001234
673ef5fda597e50502001234,673ef5fd1385974ed5001234
673ef5fd0336dcbab0001234,673ef5fe0245952ecf001234
673ef5fd84d9ee44e4001234,673ef5fdfe131d7f5a001234
673ef5fd3644a684f9001234,673ef5fd8c19f571e2001234
673ef5fd854d6fae5e001234,673ef5fe193002e668001234
673ef5fde2c0be2456001234,673ef5fe970af30e48001234
673ef5fdeae27d77ca001234,673ef5fe59f51fd693001234
673ef5fd69adc1e107001234,673ef5fdaab3238922001234
673ef5fd091d584fce001234,673ef5fee1d5be1c7f001234
673ef5fd6f3ef77ac0001234,673ef5fd7f100b7b36001234
673ef5fdca46c1b951001234,673ef5fe6a61d423d0001234
673ef5fd3b8a614226001234,673ef5fe8e2cfdc275001234
673ef5fd45fbc6d3e0001234,673ef5fde165421110001234
673ef5fdc0e190d826001234,673ef5fd15d4e891d7001234
673ef5fdec8ce6abb3001234,673ef5fd8e296a067a001234
673ef5fd115f895031001234,673ef5fd5ef698cd9f001234
673ef5fd705f217283001234,673ef5fdc9f0f895fb001234
673ef5fd6da9003b74001234,673ef5fdd81f9c1be2001234
673ef5fd9b04d15284001234,673ef5fdabd815286b001234
673ef5fd577ef1154f001234,673ef5fe9996535e07001234
673ef5fd01161aaa0b001234,673ef5fd8e98d81f82001234
673ef5fd555d6702c9001234,673ef5fd86b122d435001234
673ef5fdcb70ab3756001234,673ef5fedd77279f7d001234
673ef5fd38db3aed92001234,673ef5fda97da629b0001234
673ef5fdf718499c1c001234,673ef5fe25df35de87001234
673ef5fdf7664060cc001234,673ef5fe4e4e53aa08001234
673ef5fd7f100b7b36001234,673ef5fd5f2c22cb4a001234
673ef5fd4734ba6f3d001234,673ef5fd55743cc039001234
673ef5fd63923f49e5001234,673ef5fdae0eb3eed3001234
673ef5fddb8e1af0cb001234,673ef5fd577bcc914f001234
673ef5fd07cdfd2337001234,673ef5fdd07e70efcf001234
673ef5fde3796ae838001234,673ef5fe8b5040a8a5001234
673ef5fd6a9aeddfc6001234,673ef5fd1c9ac0159c001234
673ef5fd46ba9f2a69001234,673ef5fd5dd9db5e03001234
673ef5fd48aedb8880001234,673ef5fe2dace78f80001234
673ef5fd9c838d2e45001234,673ef5fdbac9162b47001234
673ef5fd1700002963001234,673ef5fd812b4ba287001234
673ef5fdd296c101da001234,673ef5fe430c3626b8001234
673ef5fd94f6d7e04a001234,673ef5fe31b3b31a1c001234
673ef5fd11b9842e0a001234,673ef5fd71a3cb155f001234
673ef5fd37bc2f75bf001234,673ef5fda2557a7b2e001234
673ef5fd8e98d81f82001234,673ef5fda9a1d5317a001234
673ef5fdeddea82ad2001234,673ef5fde3796ae838001234
673ef5fd158f3069a4001234,673ef5fe81dc9bdb52001234
673ef5fd432aca3a1e001234,673ef5fee97ee2054d001234
673ef5fd8d3bba7425001234,673ef5fee22312179b001234
673ef5fda666587afd001234,673ef5fd9c82c7143c001234
673ef5fdcd00692c3b001234,673ef5fefa3a3c407f001234
673ef5fdfe73f687e5001234,673ef5fe905056c1ac001234
673ef5fd6da37dd313001234,673ef5fe72da7fd6d1001234
673ef5fd2f2b265625001234,673ef5fea51fb97522001234
673ef5fd819f46e52c001234,673ef5fdb5dc4e5d9b001234
673ef5fd40008b9a53001234,673ef5fe2de5d16682001234
673ef5fd3ad7c2ebb9001234,673ef5fe3948ead63a001234
673ef5fd13f9896df6001234,673ef5fd25ddc0f8c9001234
673ef5fdc5ff2543b5001234,673ef5fd9f61408e3a001234
673ef5fd01386bd6d8001234,673ef5fedd8eb9f23f001234
673ef5fdfb7b9ffa54001234,673ef5fefec8d47d41001234
673ef5fdaa942ab2bf001234,673ef5fd4e4b5fbbbb001234
673ef5fde7b24b112a001234,673ef5fde00da03b68001234
673ef5fd5ef698cd9f001234,673ef5fe07871915a8001234
673ef5fdcf004fdc76001234,673ef5fd3644a684f9001234
673ef5fdd709f38ef7001234,673ef5fd18997733ec001234
673ef5fd41f1f19176001234,673ef5fdccb1d45fb7001234
673ef5fd24b16fede9001234,673ef5fe3fe78a8acf001234
673ef5fdf61d694746001234,673ef5fef0adc8838f001234
673ef5fdd34ab169b7001234,673ef5fd86b122d435001234
673ef5fd4f6ffe13a5001234,673ef5fea8e864d04c001234
673ef5fd39461a19e9001234,673ef5fe7a53928fa4001234
673ef5fd8efb100a29001234,673ef5fd310dcbbf4c001234
673ef5fdc86a7ee3d8001234,673ef5fed8700cbd38001234
673ef5fda01a0380ca001234,673ef5fec4b31ce7d9001234
673ef5fd1543843a47001234,673ef5fed2ed45a52b001234
673ef5fd18d8042386001234,673ef5fdb3967a0e93001234
673ef5fd816b112c61001234,673ef5fdb4a528955b001234
673ef5fd4f4adcbf8c001234,673ef5fd218a0aefd1001234
673ef5fdbbcbff5c1f001234,673ef5fdef575e8837001234
673ef5fd8cb22bdd0b001234,673ef5fe9aa42b3188001234
673ef5fd0d0fd7c6e0001234,673ef5fd0640966322001234
673ef5fda96b65a721001234,673ef5fe1905aedab9001234
673ef5fd0deb1c5481001234,673ef5fd352fe25daf001234
673ef5fd66808e327d001234,673ef5fe6f3e29a352001234
673ef5fd42e7aaa88b001234,673ef5fee702e51da2001234
673ef5fdd1f255a373001234,673ef5fe83adc9225e001234
673ef5fd7eacb53257001234,673ef5fdcd00692c3b001234
673ef5fde0c641195b001234,673ef5fd25b2822c2f001234
673ef5fd3c7781a36b001234,673ef5fe2ab56412b1001234
673ef5fd6ecbdd6ec8001234,673ef5fe7634ea65a4001234
673ef5fd8d7d8ee069001234,673ef5fe82b8a34349001234
673ef5fd019d385eb6001234,673ef5fdf2217062e9001234
673ef5fda49e9411d6001234,673ef5fec26820b8a4001234
673ef5fdddb30680a6001234,673ef5fe892c91e0a6001234
673ef5fd1a5b1e4daa001234,673ef5fe061412e4a0001234
673ef5fd9a96876e2f001234,673ef5fec21002f464001234
673ef5fdf5f8590cd5001234,673ef5fdccb0989662001234
673ef5fd49ae49a23f001234,673ef5fd55743cc039001234
673ef5fde44fea3bec001234,673ef5fd539fd53b59001234
673ef5fd821fa74b50001234,673ef5fe0e4e946668001234
673ef5fd42998cf32d001234,673ef5fde7f8a7fb0b001234
673ef5fd98b2979500001234,673ef5fdd34ab169b7001234
673ef5fd428fca9bc1001234,673ef5fe4e2545f819001234
673ef5fdf1b6f2857f001234,673ef5fe16e6a3326d001234
673ef5fdab817c9349001234,673ef5fedb576a7d24001234
673ef5fd26337353b7001234,673ef5fd605ff764c6001234
673ef5fd8e6b42f164001234,673ef5fda597e50502001234
673ef5fd2050e03ca1001234,673ef5fe3bf55bbad3001234
673ef5fd5ef0b4eba3001234,673ef5fdbcbe3365e6001234
673ef5fd598b3e71ec001234,673ef5fd53c3bce66e001234
673ef5fdd18f655c3f001234,673ef5fe602d130567001234
673ef5fde1e32e235e001234,673ef5fe3df1d4b96d001234
673ef5fdeba0dc302b001234,673ef5fd71a3cb155f001234
673ef5fd218a0aefd1001234,673ef5fed707329bec001234
673ef5fda516a87cfc001234,673ef5fe49c9adb18e001234
673ef5fdc3c59e5f8b001234,673ef5fde96ed478da001234
673ef5fd854d9fca60001234,673ef5fd7fe1f8abaa001234
673ef5fd55a7cf9c71001234,673ef5fd766ebcd596001234
673ef5fd2f55707d41001234,673ef5fdd61e4bbd63001234
673ef5fdb534ba6823001234,673ef5fd46922a0880001234
673ef5fd05f971b5ec001234,673ef5fe861dc9bd7f001234
673ef5fd5b69b9cb83001234,673ef5fd37bc2f75bf001234
673ef5fdff4d5fbbaf001234,673ef5fd3416a75f4c001234
673ef5fd2d6cc4b2d1001234,673ef5fd2f2b265625001234
673ef5fd2b8a61594b001234,673ef5fd233509073e001234
673ef5fdf3f27a3247001234,673ef5fec8fbbc86ab001234
673ef5fdebd9629fc3001234,673ef5fdad61ab1432001234
673ef5fd63538fe6ef001234,673ef5fd1068c6e4c8001234
673ef5fdcf67355a33001234,673ef5fdf8c1f23d6a001234
673ef5fd07563a3fe3001234,673ef5feede7e2b6d1001234
673ef5fd53fde96fcc001234,673ef5feeffc299a1a001234
673ef5fdba2fd310dc001234,673ef5fd598b3e71ec001234
673ef5fd85422afb46001234,673ef5fd2723d092b6001234
673ef5fd37f0e884fb001234,673ef5fe8b0d268963001234
673ef5fd0fcbc61acd001234,673ef5fdc51ce410c1001234
673ef5fd7bcdf75ad2001234,673ef5fee2a2dcc36a001234
673ef5fd81448138f5001234,673ef5fd67e103b076001234
673ef5fd647bba3443001234,673ef5fd5a4b25aaed001234
673ef5fdc75b6f114c001234,673ef5fd07c5807d0d001234
673ef5fdccb1d45fb7001234,673ef5fea4d2f0d23d001234
673ef5fdf387624df5001234,673ef5fd4734ba6f3d001234
673ef5fd15de21c670001234,673ef5fd9cf81d8026001234
673ef5fd11b921ef08001234,673ef5fd0640966322001234
673ef5fd1bb91f73e9001234,673ef5fd7cbbc409ec001234
673ef5fd3a0772443a001234,673ef5fdf7e6c85504001234
673ef5fd58ae749f25001234,673ef5fe3e89ebdb49001234
673ef5fd8eefcfdf59001234,673ef5fd3435c378bb001234
673ef5fd1728efbda8001234,673ef5fd0f28b5d49b001234
673ef5fdcbcb58ac2e001234,673ef5fded265bc903001234
673ef5fddb85e2590b001234,673ef5fed6723e7cd6001234
673ef5fd8b16ebc056001234,673ef5fe7bccfde771001234
673ef5fdc9892a9891001234,673ef5fef4573fc71c001234
673ef5fde5f6ad6ce3001234,673ef5fec2626d850c001234
673ef5fdf0e52b27a7001234,673ef5fef4a331b7a2001234
673ef5fdfde9264cf3001234,673ef5feb4d168b481001234
673ef5fd46922a0880001234,673ef5feb6a1085a27001234
673ef5fdf5deaeeae1001234,673ef5fdf5f8590cd5001234
673ef5fd766ebcd596001234,673ef5fed759175de8001234
673ef5fddaca41214b001234,673ef5fd3328bdf9a4001234
673ef5fddbe272bab6001234,673ef5fdcaf1a3dfb5001234
673ef5fd076a0c97d0001234,673ef5fdaa942ab2bf001234
673ef5fd04ecb1fa28001234,673ef5fd6c9882bbac001234
673ef5fdb2eeb7362e001234,673ef5fdf9b902fc32001234
673ef5fd3435c378bb001234,673ef5feacf4b89d3d001234
673ef5fdc3992e9a68001234,673ef5fee22312179b001234
673ef5fd996a7fa078001234,673ef5fe8d3369c4c0001234
673ef5fdd7a728a67d001234,673ef5fdf74909ace6001234
673ef5fd00ac8ed3b4001234,673ef5fd248e844336001234
673ef5fd58d4d1e7b1001234,673ef5fedd8eb9f23f001234
673ef5fdeb6fdc36b2001234,673ef5fe210f760a89001234
673ef5fd85fc37b18c001234,673ef5fd01f78be6f7001234
673ef5fd3871bd6401001234,673ef5fed79aac0759001234
673ef5fd233509073e001234,673ef5fe2b6d65b9a9001234
673ef5fdabd815286b001234,673ef5fee077e1a544001234
673ef5fd6766aa2750001234,673ef5fe1c1d4df596001234
673ef5fdc5ab0bc60a001234,673ef5fe7ce3284b74001234
673ef5fd4ffce04d92001234,673ef5fdafd4836712001234
673ef5fd291597a100001234,673ef5fda3c65c2974001234
673ef5fd5e9f92a01c001234,673ef5fde0c641195b001234
673ef5fd884d247c6f001234,673ef5fda9a1d5317a001234
673ef5fd55743cc039001234,673ef5fea26398dca6001234
673ef5fd30ef30b642001234,673ef5fed240e3d38a001234
673ef5fd3d2d8ccb37001234,673ef5fd996a7fa078001234
673ef5fdbe3159ad04001234,673ef5fef33ba15eff001234
673ef5fd17c276c8e7001234,673ef5fd3435c378bb001234
673ef5fd5dd9db5e03001234,673ef5fe3473decccb001234
673ef5fd2dea61eed4001234,673ef5fed6723e7cd6001234
673ef5fd2468192842001234,673ef5fef57a2f557b001234
673ef5fd556f391937001234,673ef5fd2468192842001234
673ef5fd109a0ca3bc001234,673ef5fef4573fc71c001234
673ef5fd10a5ab2db3001234,673ef5fea9be4c2a40001234
673ef5fde555ebe0ce001234,673ef5fe8a146f1a3d001234
673ef5fd99bcfcd754001234,673ef5fe83cdcec08f001234
673ef5fde5841df216001234,673ef5feafdec7005c001234
673ef5fdb4a528955b001234,673ef5fd2050e03ca1001234
673ef5fdb1eec33c72001234,673ef5fdb2eb734903001234
673ef5fd500e75a036001234,673ef5fee11943a603001234
673ef5fde70611883d001234,673ef5fdf3f27a3247001234
673ef5fd6081594975001234,673ef5fef7e9050c92001234
673ef5fdd14220ee66001234,673ef5fe8597a6cfa7001234
673ef5fd8df707a948001234,673ef5fef7e9050c92001234
673ef5fd788d986905001234,673ef5fd7f24d24052001234
673ef5fd50c3d76149001234,673ef5fe856fc81623001234
673ef5fd2afe4567e1001234,673ef5fd8b16ebc056001234
673ef5fdc8ed21db4f001234,673ef5fd19f3cd308f001234
673ef5fd08419be897001234,673ef5fe81e74d6785001234
673ef5fd82f2b308c3001234,673ef5fe01882513d5001234
673ef5fdfb89705ae6001234,673ef5fd15de21c670001234
673ef5fd59c3301688001234,673ef5fdd09bf41544001234
673ef5fd6c29793a14001234,673ef5fedc4c44f624001234
673ef5fde995f98d56001234,673ef5fda597e50502001234
673ef5fd6cd67d9b6f001234,673ef5fe58c54802a9001234
673ef5fd6bc24fc1ab001234,673ef5fe4f284803bd001234
673ef5fd217eedd1ba001234,673ef5fe2a50e9c2d6001234
673ef5fd2e65f2f2fd001234,673ef5fd88ae6372cf001234
673ef5fd0537fb40a6001234,673ef5fd072b030ba1001234
673ef5fd6f2268bd1d001234,673ef5fda532400ed6001234
673ef5fd872488f88d001234,673ef5fe56352739f5001234
673ef5fdbf62768ca4001234,673ef5fee6d8545daa001234
673ef5fdfa14d4fe2f001234,673ef5fd6ea2ef7311001234
673ef5fd2ca65f58e3001234,673ef5fd6bc24fc1ab001234
673ef5fdeefc9e10eb001234,673ef5fd8dd48d6a2e001234
673ef5fd959a557f5f001234,673ef5fd9b8619251a001234
673ef5fd288cc0ff02001234,673ef5fd05049e90fa001234
673ef5fdb7ee6f5f9a001234,673ef5fd99c5e07b4d001234
673ef5fdc0f168ce89001234,673ef5fe0768281a05001234
673ef5fd8c6744c9d4001234,673ef5feb6edc1cd1f001234
673ef5fd67d96d458a001234,673ef5fd069d3bb002001234
673ef5fd7143d7fbad001234,673ef5fdb6f0479ae8001234
673ef5fdc15da1f2b5001234,673ef5fd85fc37b18c001234
673ef5fd68053af292001234,673ef5fecd89fef7ff001234
673ef5fd96ea64f3a1001234,673ef5feeffc299a1a001234
673ef5fd82489c9737001234,673ef5fee17184bcb7001234
673ef5fd35cf8659cf001234,673ef5fd9fe8593a8a001234
673ef5fd1141938ba2001234,673ef5fdf340f1b1f6001234
673ef5fddc5689792e001234,673ef5fec8c41c4a18001234
673ef5fd32b30a250a001234,673ef5fd82cec96096001234
673ef5fd670e8a43b2001234,673ef5fd443cb001c1001234
673ef5fd96b9bff013001234,673ef5fe372d3f309f001234
673ef5fd31839b036f001234,673ef5fd6cdd60ea00001234
673ef5fde2a2dcc36a001234,673ef5fe2715518c87001234
673ef5fdafda332245001234,673ef5fef47d0ad31c001234
673ef5fdfa3a3c407f001234,673ef5fd7f1de29e6d001234
673ef5fdc2626d850c001234,673ef5fd6ea9ab1baa001234
673ef5fdce78d1da25001234,673ef5fee655c7716a001234
673ef5fd4d5b995358001234,673ef5fd3493894fa4001234
673ef5fdab88b15733001234,673ef5fea0e2a2c563001234
673ef5fdfa83a11a19001234,673ef5fe31857b449c001234
673ef5fdfc3cf452d3001234,673ef5fd54229abfcf001234
673ef5fde97ee2054d001234,673ef5fdc45147dee7001234
673ef5fd362e80d4df001234,673ef5fe24146db4eb001234
673ef5fd22ac3c5a5b001234,673ef5fd598b3e71ec001234
673ef5fdaddfa9b7e2001234,673ef5fe3b5dca501e001234
673ef5fda67f096809001234,673ef5fd16a5cdae36001234
673ef5fd5ec91aac30001234,673ef5fda2557a7b2e001234
673ef5fd3b3dbaf685001234,673ef5fd97e8527fea001234
673ef5fdca8155f4d2001234,673ef5fefb2fcd534b001234
673ef5fddd45045f8c001234,673ef5fdd96409bf89001234
673ef5fdaeb3135b43001234,673ef5fd6c524f9d5d001234
673ef5fd43feaeeecd001234,673ef5fe20aee3a5f4001234
673ef5fd98d6f58ab0001234,673ef5fd698d51a19d001234
673ef5fd67d16d0020001234,673ef5fe193002e668001234
673ef5fd7504adad8b001234,673ef5fdf5deaeeae1001234
673ef5fd6c3cf77d52001234,673ef5fe93d65641ff001234
673ef5fd210f760a89001234,673ef5fd019d385eb6001234
673ef5fd170c944978001234,673ef5fd884d247c6f001234
673ef5fd4b02507935001234,673ef5fd5f93f98352001234
673ef5fd20aee3a5f4001234,673ef5fe8ce6790cc6001234
673ef5fd061412e4a0001234,673ef5fd298f95e1bf001234
673ef5fd892c91e0a6001234,673ef5fe55c567fd43001234
673ef5fdf47d0ad31c001234,673ef5fe03e0704b56001234
673ef5fdc8fbbc86ab001234,673ef5fe09c6c3783b001234
673ef5fd2a9d121cd9001234,673ef5fd854d9fca60001234
673ef5fd8b5040a8a5001234,673ef5fd8a0e1141fd001234
673ef5fd3e89ebdb49001234,673ef5fd58d4d1e7b1001234
673ef5fd6d0f846348001234,673ef5fe4122cb13c7001234
673ef5fdbea5955b30001234,673ef5fd8f121ce07d001234
673ef5fdd045c59a90001234,673ef5fed94e18a8ad001234
673ef5fd1cc3633c57001234,673ef5fd1c383cd30b001234
673ef5fd9f53d83ec0001234,673ef5fd298f95e1bf001234
673ef5fd043c3d7e48001234,673ef5fde6b4b2a746001234
673ef5fd92262bf907001234,673ef5fe7fa732b517001234
673ef5fd2f885d0fbe001234,673ef5fd5ef0b4eba3001234
673ef5fdc8c41c4a18001234,673ef5fe4fac9ba115001234
673ef5fdc4b31ce7d9001234,673ef5fe6c14da109e001234
673ef5fd1c1d4df596001234,673ef5fe3473decccb001234
673ef5fde6cb2a3c14001234,673ef5fec930eecd01001234
673ef5fd9232fe8122001234,673ef5fd38af86134b001234
673ef5fd0f840be9b8001234,673ef5fef91e24dfe8001234
673ef5fd5c936263f3001234,673ef5fed554f7bb7b001234
673ef5fd1ce927f875001234,673ef5fdba2fd310dc001234
673ef5fd6cfe0e6127001234,673ef5fda8abb4bb28001234
673ef5fde744f91c29001234,673ef5feafe434653a001234
673ef5fdcc1aa43627001234,673ef5fda8f15eda80001234
673ef5fdd79aac0759001234,673ef5fd70c639df5e001234
673ef5fd287e03db1d001234,673ef5fe86df7dcfd8001234
673ef5fd54a367d629001234,673ef5fd6ea9ab1baa001234
673ef5fda1140a3d0d001234,673ef5fdb137fdd1f7001234
673ef5fd4fac9ba115001234,673ef5fd48ab2f9b45001234
673ef5fd860320be12001234,673ef5fe9ac403da79001234
673ef5fd7b13b22030001234,673ef5fd6cdd60ea00001234
673ef5fd934815ad54001234,673ef5fe92262bf907001234
673ef5fd2bcab9d935001234,673ef5fe801c14f07f001234
673ef5fda9b7ba7078001234,673ef5fee816c635ca001234
673ef5fdfba9d88164001234,673ef5fed240e3d38a001234
673ef5fdaa68c75c4a001234,673ef5fe4ca82782c5001234
673ef5fd2387337ba1001234,673ef5fdc20ad4d76f001234
673ef5fdd7322ed717001234,673ef5fe021bbc7ee2001234
673ef5fd1587965fb4001234,673ef5fe25df35de87001234
673ef5fd7f975a56c7001234,673ef5fdbeed13602b001234
673ef5fd6b180037ab001234,673ef5fd5f93f98352001234
673ef5fd08fe2621d8001234,673ef5fea7d8ae4569001234
673ef5fd65cc2c8205001234,673ef5fe24896ee4c6001234
673ef5fd021bbc7ee2001234,673ef5fd85422afb46001234
673ef5fd82b8a34349001234,673ef5fde94550c93c001234
673ef5fd3806734b25001234,673ef5fe70feb62b69001234
673ef5fdafdec7005c001234,673ef5fdfb89705ae6001234
673ef5fd995e1fda4a001234,673ef5fef57a2f557b001234
673ef5fdd736bb10d8001234,673ef5fe299fb2142d001234
673ef5fda0e2a2c563001234,673ef5fd58a2fc6ed3001234
673ef5fd7cce53cf90001234,673ef5fe1d72310edc001234
673ef5fd53c04118df001234,673ef5fde1e32e235e001234
673ef5fdd8700cbd38001234,673ef5fe56468d5607001234
673ef5fdb4d168b481001234,673ef5fdb2eb734903001234
673ef5fd2290a7385e001234,673ef5fefe2d010308001234
673ef5fdfc2c7c47b9001234,673ef5fe83f97f4825001234
673ef5fda1519de5b5001234,673ef5fe27ed0fb950001234
673ef5fd390e982518001234,673ef5febeb22fb694001234
673ef5fd43baa6762f001234,673ef5fee1d5be1c7f001234
673ef5fd731c83db8d001234,673ef5fd1534b76d32001234
673ef5fd818f4654ed001234,673ef5fd2723d092b6001234
673ef5fde5e63da79f001234,673ef5fd67c6a1e7ce001234
673ef5fd03f5446139001234,673ef5fd556f391937001234
673ef5fd8b40665547001234,673ef5fd758874998f001234
673ef5fd754dda4b1b001234,673ef5fd07563a3fe3001234
673ef5fd68b1fbe7f1001234,673ef5fd0584ce565c001234
673ef5fd4e2545f819001234,673ef5fe9cb67ffb59001234
673ef5fddb2b418215001234,673ef5fd67c6a1e7ce001234
673ef5fdc667d53acd001234,673ef5fd389bc7bb1e001234
673ef5fde58cc5ca94001234,673ef5fd0a09c8844b001234
673ef5fdb9d487a303001234,673ef5fd1be3bc32e6001234
673ef5fd2cbca44843001234,673ef5fd069059b7ef001234
673ef5fdb59c67bf19001234,673ef5fd8ebda540cb001234
673ef5fd9c3b183051001234,673ef5fec8ba76c279001234
673ef5fdd6ef5f7fa9001234,673ef5fefa83a11a19001234
673ef5fd3b712de481001234,673ef5fd432aca3a1e001234
673ef5fd2cfd456053001234,673ef5fd5e388103a3001234
673ef5fdc21002f464001234,673ef5fd288cc0ff02001234
673ef5fd678a149151001234,673ef5fd2a38a4a931001234
673ef5fd69a5b59951001234,673ef5fe39e4973ba3001234
673ef5fd4a213d3724001234,673ef5fefe51510c80001234
673ef5fdfe709c654e001234,673ef5fd3fe94a0023001234
673ef5fd571e0f7e2d001234,673ef5fe7b13b22030001234
673ef5fd7c9d0b1f96001234,673ef5fd07cdfd2337001234
673ef5fd47a658229e001234,673ef5fec2aee86157001234
673ef5fdc3e0c62ee9001234,673ef5fd3435c378bb001234
673ef5fd1842603482001234,673ef5fe02a32ad266001234
673ef5fdf7f580e11d001234,673ef5fd735b90b456001234
673ef5fd208e43f0e4001234,673ef5fdfbd7939d67001234
673ef5fda1d50185e7001234,673ef5fef57a2f557b001234
673ef5fd09c6c3783b001234,673ef5feb6a1085a27001234
673ef5fd2b38c2df6a001234,673ef5feec5aa0b784001234
673ef5fdf197002b9a001234,673ef5fd9cf81d8026001234
673ef5fda8240cb823001234,673ef5fd15d4e891d7001234
673ef5fd0c048b3a43001234,673ef5fe1cc3633c57001234
673ef5fd16e6a3326d001234,673ef5fea1d50185e7001234
673ef5fda3fb4fbf9a001234,673ef5fe55c567fd43001234
673ef5fd0f2c9a93ee001234,673ef5fea26398dca6001234
673ef5fd9da187a7a1001234,673ef5fe3bf55bbad3001234
673ef5fd2f29b6e3ab001234,673ef5fee94f63f579001234
673ef5fd6eb6e75fdd001234,673ef5fec8ba76c279001234
673ef5fd2ac2406e83001234,673ef5fd2421fcb126001234
673ef5fd2b6d65b9a9001234,673ef5fd3435c378bb001234
673ef5fd4f284803bd001234,673ef5fea9be4c2a40001234
673ef5fd160c88652d001234,673ef5fdcb70ab3756001234
673ef5fdb20bb95ab6001234,673ef5fe8597a6cfa7001234
673ef5fd52292e0c76001234,673ef5fe2812e5cf6d001234
673ef5fda42a596fc7001234,673ef5fd298f95e1bf001234
673ef5fdc54e7837e0001234,673ef5fe6d70cb65d1001234
673ef5fd4d2e7bd33c001234,673ef5fdb137fdd1f7001234
673ef5fdfe2d010308001234,673ef5fe512c5cad6c001234
673ef5fd147702db07001234,673ef5fdc06d06da96001234
673ef5fdfb2fcd534b001234,673ef5fe7504adad8b001234
673ef5fda58149d355001234,673ef5fef7e9050c92001234
673ef5fdf7cade80b7001234,673ef5fdec8ce6abb3001234
673ef5fda4d2f0d23d001234,673ef5feca75910166001234
673ef5fd68d13cf26c001234,673ef5fe54a367d629001234
673ef5fd25df35de87001234,673ef5fe934815ad54001234
673ef5fdc4851e8e26001234,673ef5fdb056eb1587001234
673ef5fde53a0a2978001234,673ef5fe0e3a37aa85001234
673ef5fdd38901788c001234,673ef5fdd1fe173d08001234
673ef5fdb3ba8f1bee001234,673ef5fe80a8155eb1001234
673ef5fda9078e8653001234,673ef5fe6c8dba7d0d001234
673ef5fd1c65cef3df001234,673ef5fd14bfa6bb14001234
673ef5fd5eac43aceb001234,673ef5fdc8ed21db4f001234
673ef5fde6d8545daa001234,673ef5fe884d79963b001234
673ef5fda284df1155001234,673ef5fead71c82b22001234
673ef5fd884ce4bb65001234,673ef5fecbb6a3b884001234
673ef5fd3bf55bbad3001234,673ef5fda1d0c6e83f001234
673ef5fd26588e932c001234,673ef5feca75910166001234
673ef5fd68a83eeb49001234,673ef5fd1bb91f73e9001234
673ef5fdf4573fc71c001234,673ef5fdc0e190d826001234
673ef5fd6c8dba7d0d001234,673ef5fe28e209b61a001234
673ef5fde00406144c001234,673ef5fd01161aaa0b001234
673ef5fdf91e24dfe8001234,673ef5fecd0dce8fca001234
673ef5fdbb04af0f7e001234,673ef5fed2ed45a52b001234
673ef5fdd759175de8001234,673ef5fd218a0aefd1001234
673ef5fd1cecc7a779001234,673ef5fd3a835d3215001234
673ef5fd242c100dc9001234,673ef5feb571ecea16001234
673ef5fd944bdd9636001234,673ef5fd6974ce5ac6001234
673ef5fdc0a271bc0e001234,673ef5fee5e63da79f001234
673ef5fd0e9fa1f3e9001234,673ef5fd1385974ed5001234
673ef5fd0829424ffa001234,673ef5fd49182f81e6001234
673ef5fddc87c13749001234,673ef5fef187a23c3e001234
673ef5fd2812e5cf6d001234,673ef5fedd8eb9f23f001234
673ef5fda0833c8a18001234,673ef5fd149e9677a5001234
673ef5fd6f3e29a352001234,673ef5fe3806734b25001234
673ef5fdd282ef2637001234,673ef5fd82f2b308c3001234
673ef5fd4476b929e3001234,673ef5fd2823f47971001234
673ef5fdf09696910b001234,673ef5fd5487315b12001234
673ef5fd50905d7b22001234,673ef5feeeb69a3cb9001234
673ef5fddfd7468ac6001234,673ef5fd58ae749f25001234
673ef5fd3546ab441e001234,673ef5fda8849b0524001234
673ef5fd17fafe5f6c001234,673ef5fe754dda4b1b001234
673ef5fd01e9565cec001234,673ef5fe97af4fb322001234
673ef5fde077e1a544001234,673ef5fd5e9f92a01c001234
673ef5fd28e209b61a001234,673ef5fdec8956637a001234
673ef5fd9cb67ffb59001234,673ef5fdd18f655c3f001234
673ef5fde48e132073001234,673ef5fd8d3bba7425001234
673ef5fd05311655a1001234,673ef5fdea5d2f1c46001234
673ef5fdd10ec7c16c001234,673ef5fe4edaa105d5001234
673ef5fd5e1b18c4c6001234,673ef5fd9fd81843ad001234
673ef5fd86109d400f001234,673ef5fd55b37c5c27001234
673ef5fd0e55666a4a001234,673ef5fe860320be12001234
673ef5fd8b0dc65f99001234,673ef5fe69a5b59951001234
673ef5fd980ecd0591001234,673ef5fd371bce7dc8001234
673ef5fd83adc9225e001234,673ef5fda8abb4bb28001234
673ef5fdcf9a242b70001234,673ef5fe89fcd07f20001234
673ef5fd9683cc5f89001234,673ef5fdccb0989662001234
673ef5fdcf1f78fe92001234,673ef5fd06997f04a7001234
673ef5fd6c1da88682001234,673ef5feb571ecea16001234
673ef5fd0e3a37aa85001234,673ef5fd11b921ef08001234
673ef5fd792c7b5aae001234,673ef5fe3d8e28caf9001234
673ef5fd79a49b3e37001234,673ef5fdd81f9c1be2001234
673ef5fd8d9a0adb7c001234,673ef5fe7501e5d4da001234
673ef5fd4e0d67e54a001234,673ef5fefb508ef074001234
673ef5fdcd0dce8fca001234,673ef5fe01e9565cec001234
673ef5fd5ca3e9b122001234,673ef5fec2626d850c001234
673ef5fd86e8f7ab32001234,673ef5fd0f49c89d1e001234
673ef5fd0c0a756691001234,673ef5fd8e6b42f164001234
673ef5fdf016e59c7a001234,673ef5feaa68c75c4a001234
673ef5fd0966289037001234,673ef5fea3fb4fbf9a001234
673ef5fd9701a1c165001234,673ef5fefe8c15fed5001234
673ef5fd28fc2782ea001234,673ef5febffc98347e001234
673ef5fdb7087c1f4f001234,673ef5fd5b69b9cb83001234
673ef5fda60937eba5001234,673ef5fdfe131d7f5a001234
673ef5fd23ad3e314e001234,673ef5fdbd686fd640001234
673ef5fd90db9da4fc001234,673ef5fea89cf525e1001234
673ef5fd9aa42b3188001234,673ef5feb51a15f382001234
673ef5fd0ed9422357001234,673ef5fe537d9b6c92001234
673ef5fd856fc81623001234,673ef5fdfe9fc289c3001234
673ef5fd489d0396e6001234,673ef5fefc2c7c47b9001234
673ef5fd411ae1bf08001234,673ef5fe571d3a9420001234
673ef5fde11943a603001234,673ef5fea67f096809001234
673ef5fd56468d5607001234,673ef5fe24896ee4c6001234
673ef5fdb069b34151001234,673ef5fd6c524f9d5d001234
673ef5fd7895fc1308001234,673ef5fd0d7de1aca9001234
673ef5fda8f8f60264001234,673ef5fd758874998f001234
673ef5fd540ae6b0f6001234,673ef5feb197ffdef2001234
673ef5fdf69e505b08001234,673ef5fdb1d10e7baf001234
673ef5fd8fb5f8be2a001234,673ef5fd851ddf5058001234
673ef5fdafe434653a001234,673ef5fe3bf55bbad3001234
673ef5fd80a8155eb1001234,673ef5fd2b8a61594b001234
673ef5fd6786f3c62f001234,673ef5fdec5decca5e001234
673ef5fd4dcae38ee1001234,673ef5fdbac9162b47001234
673ef5fd1abb1e1ea5001234,673ef5fdac627ab1cc001234
673ef5fd07042ac7d0001234,673ef5fd8d34201a5b001234
673ef5fd95151403b0001234,673ef5fd2421fcb126001234
673ef5fdad71c82b22001234,673ef5fe9996535e07001234
673ef5fd991de292e7001234,673ef5fd9b70e8fe62001234
673ef5fd42ffcf057e001234,673ef5fdab233b682e001234
673ef5fddaa96d9681001234,673ef5fe1587965fb4001234
673ef5fdac796a52db001234,673ef5fdc24cd76e1c001234
673ef5fd571d3a9420001234,673ef5fe4daa3db355001234
673ef5fd97275a23ca001234,673ef5fda516a87cfc001234
673ef5fd4e8412ad48001234,673ef5fda5771bce93001234
673ef5fdbffc98347e001234,673ef5fd9f61408e3a001234
673ef5fd729c68884b001234,673ef5fd3dc4876f3f001234
673ef5fd6d3a1e06d6001234,673ef5feb6a1085a27001234
673ef5fdf187a23c3e001234,673ef5fdc7e1249ffc001234
673ef5fd1714726c81001234,673ef5fdfb7b9ffa54001234
673ef5fdfa1e9c9653001234,673ef5fe64223ccf70001234
673ef5fd1415db70fe001234,673ef5fdd3d9446802001234
673ef5fd55c567fd43001234,673ef5fd26e359e838001234
673ef5fdced556cd9f001234,673ef5fdddb30680a6001234
673ef5fdb5488aeff4001234,673ef5fe81e5f81db7001234
673ef5fdebd6d2f5d6001234,673ef5fde836d813fd001234
673ef5fd41a60377ba001234,673ef5fd7f100b7b36001234
673ef5fd83f2550373001234,673ef5fe0f840be9b8001234
673ef5fd81c8727c62001234,673ef5fd310dcbbf4c001234
673ef5fd5607fe8879001234,673ef5fd250cf8b51c001234
673ef5fd471c75ee66001234,673ef5fee19347e1c3001234
673ef5fd5cce8dede8001234,673ef5fe5ca3e9b122001234
673ef5fd35309226eb001234,673ef5fdc3992e9a68001234
673ef5fdd63fbf8c31001234,673ef5fd82f2b308c3001234
673ef5fdb5a1fc2085001234,673ef5fdf74909ace6001234
673ef5fdb60c5ab647001234,673ef5fe4d2e7bd33c001234
673ef5fd819c9fbfb0001234,673ef5fdf4be00279e001234
673ef5fdf337d999d9001234,673ef5fe8f1d43620b001234
673ef5fd89ae0fe22c001234,673ef5fe69a5b59951001234
673ef5fdaff0a6a452001234,673ef5fdc4ca4238a0001234
673ef5fd35464c848f001234,673ef5fe8d9a0adb7c001234
673ef5fdb2dd140336001234,673ef5fd647bba3443001234
673ef5fd4d6e474928001234,673ef5fd8b16ebc056001234
673ef5fdbe53ee6110001234,673ef5fd17d63b1625001234
673ef5fd0d4f4805c3001234,673ef5fd5a4b25aaed001234
673ef5fdaf5afd7f7c001234,673ef5fd37f0e884fb001234
673ef5fddc5c768b5d001234,673ef5fd816b112c61001234
673ef5fd88a199611a001234,673ef5fda5cdd4aa00001234
673ef5fd076023edc9001234,673ef5fe9a3d458322001234
673ef5fd228499b553001234,673ef5fd24b16fede9001234
673ef5fd49af6c4e55001234,673ef5fee58cc5ca94001234
673ef5fdbcb41ccdc4001234,673ef5fdf340f1b1f6001234
673ef5fd06a81a4fb9001234,673ef5fe2ba596643c001234
673ef5fd87ec2f4512001234,673ef5fdec5decca5e001234
673ef5fdc559da2ba9001234,673ef5fd7bcdf75ad2001234
673ef5fdf3173935ed001234,673ef5fe71f6278d14001234
673ef5fd9597353e41001234,673ef5fd432aca3a1e001234
673ef5fda2cc63e065001234,673ef5fe1714726c81001234
673ef5fd52947e0ade001234,673ef5fec21002f464001234
673ef5fd69d658d0b2001234,673ef5fd34ed066df3001234
673ef5fde9fd7c2c66001234,673ef5fd8f53295a73001234
673ef5fd71a58e8cb7001234,673ef5fdcfa0860e83001234
673ef5fdf60bb6bb4c001234,673ef5fdd3d9446802001234
673ef5fdfc528592c3001234,673ef5fe905056c1ac001234
673ef5fda981f2b708001234,673ef5fe05311655a1001234
673ef5fdbc57386433001234,673ef5fd621bf66ddb001234
673ef5fd97d0145823001234,673ef5fdf4be00279e001234
673ef5fd52c5189391001234,673ef5fdca9c267dad001234
673ef5fd10c272d067001234,673ef5fd1a5b1e4daa001234
673ef5fd81c650caac001234,673ef5fd69421f0324001234
673ef5fdf670ef5d2d001234,673ef5fe602d130567001234
673ef5fd89f03f7d02001234,673ef5fdc45147dee7001234
673ef5fde4873aa9a0001234,673ef5fd2f2b265625001234
673ef5fd96de2547f4001234,673ef5fd5751ec3e9a001234
673ef5fd973a5f0ccb001234,673ef5fea4300b002b001234
673ef5fdbe3e9d3f7d001234,673ef5fe7bccfde771001234
673ef5fd207f88018f001234,673ef5fead71c82b22001234
673ef5fd9a4400501f001234,673ef5fd060ad92489001234
673ef5fd7d12b66d3d001234,673ef5fe2b6d65b9a9001234
673ef5fd4f398cb9d6001234,673ef5fd06eb61b839001234
673ef5fde8d92f99ed001234,673ef5fe729c68884b001234
673ef5fd86d7c8a08b001234,673ef5febeb22fb694001234
673ef5fd158fc2ddd5001234,673ef5fd8613985ec4001234
673ef5fd1485100313001234,673ef5fe024d7f84ff001234
673ef5fd647c722bf9001234,673ef5fe4607263158001234
673ef5fd2451041557001234,673ef5fe96ea64f3a1001234
673ef5fda0f3601dc6001234,673ef5fd2e65f2f2fd001234
673ef5fd2cb6b10338001234,673ef5fe8fb21ee7a2001234
673ef5fd6a81681a7a001234,673ef5fe84d2004bf2001234
673ef5fd5d79099fcd001234,673ef5fd605ff764c6001234
673ef5fd7fea637fd6001234,673ef5fedc87c13749001234
673ef5fdae614c5578001234,673ef5fd7bcdf75ad2001234
673ef5fdd43ab110ab001234,673ef5fe285f89b802001234
673ef5fd4921f95baf001234,673ef5fe4476b929e3001234
673ef5fd8bb88f80d3001234,673ef5fd1534b76d32001234
673ef5fd02f039058b001234,673ef5fe0a113ef6b6001234
673ef5fda941493eee001234,673ef5fdcfa0860e83001234
673ef5fd798ed7d4ee001234,673ef5fe31839b036f001234
673ef5fd66be31e4c4001234,673ef5feb495ce63ed001234
673ef5fdf3144cefe8001234,673ef5fddf263d9962001234
673ef5fd28dc6b0e1b001234,673ef5fd2afe4567e1001234
673ef5fd8725fb777f001234,673ef5fefc2c7c47b9001234
673ef5fd74563ba21a001234,673ef5fec913303f39001234
673ef5fd515ab26c13001234,673ef5fe8b0dc65f99001234
673ef5fd7137debd45001234,673ef5fe352407221a001234
673ef5fdb29eed4427001234,673ef5fd9431c87f27001234
673ef5fdc4492cbe90001234,673ef5fd06138bc5af001234
673ef5fdc0d0e461de001234,673ef5fdb53b3a3d6a001234
673ef5fd70ece1e1e0001234,673ef5fee325107555001234
673ef5fd84c6494d30001234,673ef5fe226d1f15ec001234
673ef5fd752d25a1f8001234,673ef5fd82aa4b0af3001234
673ef5fdfc9b003bb0001234,673ef5fdc058f544c7001234
673ef5fd6a5dfac4be001234,673ef5fe26588e932c001234
673ef5fd231141b34c001234,673ef5fe892c91e0a6001234
673ef5fdd2cdf047a6001234,673ef5fd5f93f98352001234
673ef5fd17ed8abedc001234,673ef5fd2823f47971001234
673ef5fde8fd4a8a5b001234,673ef5fd00ec53c468001234
673ef5fddb29450c3f001234,673ef5fe7b5b23f4aa001234
673ef5fd7eb7eabbe9001234,673ef5fdf61d694746001234
673ef5fde5a4d6bf33001234,673ef5fdf29c21d489001234
673ef5fd299570476c001234,673ef5fd7a614fd06c001234
673ef5fd36d7534290001234,673ef5fea0e2a2c563001234
673ef5fdf63f65b503001234,673ef5fe3bbfdde884001234
673ef5fd6449f44a10001234,673ef5fe1cecc7a779001234
673ef5fdd25414405e001234,673ef5fe67d96d458a001234
673ef5fddc40b7120e001234,673ef5fd82cec96096001234
673ef5fd3fab5890d8001234,673ef5fd01161aaa0b001234
673ef5fd7ffd85d93a001234,673ef5fe677e09724f001234
673ef5fdd1e946f4e6001234,673ef5fe97275a23ca001234
673ef5fd6e79ed05ba001234,673ef5fe6d0f846348001234
673ef5fd09b15d48a1001234,673ef5fe6d70cb65d1001234
673ef5fdf542eae194001234,673ef5fd66f041e16a001234
673ef5fdf4a4da9aa7001234,673ef5fd310dcbbf4c001234
673ef5fd17c3433fec001234,673ef5fd2e65f2f2fd001234
673ef5fd0e087ec55d001234,673ef5fdf387624df5001234
673ef5fdfface8385a001234,673ef5fd6c29793a14001234
673ef5fdaa2a773713001234,673ef5fe4fac9ba115001234
673ef5fd069654d5ce001234,673ef5fe0e095e054e001234
673ef5fd9a1de01f89001234,673ef5fe58c54802a9001234
673ef5fdf26dab9bf6001234,673ef5fe2dffbc474a001234
673ef5fd85f007f8c5001234,673ef5fde074133548001234
673ef5fdd765758305001234,673ef5fdbf62768ca4001234
673ef5fd201d7288b4001234,673ef5fd6a9aeddfc6001234
673ef5fde8dfff4676001234,673ef5fd884d247c6f001234
673ef5fd57c0531e13001234,673ef5fdc45147dee7001234
673ef5fd4888241374001234,673ef5fd58ae749f25001234
673ef5fd06a15eb1c3001234,673ef5fd138bb06965001234
673ef5fdcd63a3eec3001234,673ef5fd142949df56001234
673ef5fdff1418e8cc001234,673ef5fd019d385eb6001234
673ef5fd49ad23d1ec001234,673ef5fd185e65bc40001234
673ef5fd6ae07dcb33001234,673ef5fe5ca3e9b122001234
673ef5fd3c947bc2f7001234,673ef5fd08c5433a60001234
673ef5fda3545bd79d001234,673ef5fd9cfdf10e8f001234
673ef5fdd7fd118e6f001234,673ef5fea34bacf839001234
673ef5fd537de305e9001234,673ef5fd7f5d04d189001234
673ef5fdf9d1152547001234,673ef5fd7f39f8317f001234
673ef5fd09fb05dd47001234,673ef5fd08419be897001234
673ef5fda19acd7d26001234,673ef5fd44c4c17332001234
673ef5fdfb8feff253001234,673ef5feaf21d0c97d001234
673ef5fd2f25f6e326001234,673ef5fdc6e19e8308001234
673ef5fd958adb5768001234,673ef5fe991de292e7001234
673ef5fd44a2e08049001234,673ef5fea424ed4bd3001234
673ef5fd3214a6d842001234,673ef5fe5e76bef6e0001234
673ef5fdc366c2c97d001234,673ef5fe861dc9bd7f001234
673ef5fd2d1b2a5ff3001234,673ef5fd19bc916108001234
673ef5fd6814859610001234,673ef5fd0777d5c17d001234
673ef5fd13168e6a2e001234,673ef5fe043c3d7e48001234
673ef5fdca46033231001234,673ef5fd41ae36ecb9001234
673ef5fde06f967fb0001234,673ef5fd37a749d808001234
673ef5fd11f524c3fb001234,673ef5fdf457c545a9001234
673ef5fd6be5336db2001234,673ef5fec4b31ce7d9001234
673ef5fd9fdb62f932001234,673ef5fec6036a69be001234
673ef5fdd54e99a6c0001234,673ef5fdbf8229696f001234
673ef5fdfc4ddc15f9001234,673ef5fe83adc9225e001234
673ef5fd65699726a3001234,673ef5fe0a0a0c8aaa001234
673ef5fdab73148878001234,673ef5fea1140a3d0d001234
673ef5fdc44799b04a001234,673ef5fdad13a2a07c001234
673ef5fd07a4e20a7b001234,673ef5fe31b3b31a1c001234
673ef5fde74c0d42b4001234,673ef5fd73278a4a86001234
673ef5fd8c8a58fa97001234,673ef5fe2dffbc474a001234
673ef5fdb139e10421001234,673ef5fec73dfe6c63001234
673ef5fd5103c3584b001234,673ef5fdb1a59b315f001234
673ef5fd139f0874f2001234,673ef5fd82aa4b0af3001234
673ef5fd8562ae5e28001234,673ef5fe5e76bef6e0001234
673ef5fd8d55a249e6001234,673ef5fd389bc7bb1e001234
673ef5fd519c841559001234,673ef5fe1f50893f80001234
673ef5fdde03beffee001234,673ef5fe53adaf494d001234
673ef5fda38b161734001234,673ef5fd7380ad8a67001234
673ef5fd5a7f963e5e001234,673ef5fe1f3202d820001234
673ef5fd378a063b8f001234,673ef5fd9dfcd5e558001234
673ef5fde3408432c1001234,673ef5fe43cca4b3de001234
673ef5fde4dd5528f7001234,673ef5fd2050e03ca1001234
673ef5fd7f16109f16001234,673ef5fd1068c6e4c8001234
673ef5fd39dcaf7a05001234,673ef5fe35cf8659cf001234
673ef5fdd46e1fcf4c001234,673ef5febad5f33780001234
673ef5fd3683af9d6f001234,673ef5fd10a7cdd970001234
673ef5fd98c7242894001234,673ef5fdc3e878e27f001234
673ef5fd7d2b92b672001234,673ef5fe242c100dc9001234
673ef5fd798cebccb3001234,673ef5fd63538fe6ef001234
673ef5fdf80bf05527001234,673ef5fd16a5cdae36001234
673ef5fd8c249675ae001234,673ef5fecf9a242b70001234
673ef5fd9d7311ba45001234,673ef5fd821fa74b50001234
673ef5fd4a3e00961a001234,673ef5fe602d130567001234
673ef5fddc513ea4fb001234,673ef5fd9be40cee5b001234
673ef5fd96055f5b06001234,673ef5fdc9f0f895fb001234
673ef5fdd5c186983b001234,673ef5fd35f4a8d465001234
673ef5fd6351bf9dce001234,673ef5fd5ef698cd9f001234
673ef5fdc5b2cebf15001234,673ef5fe3210ddbeaa001234
673ef5fd5ec829debe001234,673ef5fdfc22130974001234
673ef5fdd0fb963ff9001234,673ef5fd1534b76d32001234
673ef5fd4ba29b9f9e001234,673ef5fd37bc2f75bf001234
673ef5fdd47268e9db001234,673ef5fd8bf1211fd4001234
673ef5fdef8446f355001234,673ef5fd6512bd43d9001234
673ef5fdf1981e4bd8001234,673ef5fd69421f0324001234
673ef5fdc8758b5170001234,673ef5fdef575e8837001234
673ef5fdcee8d6b7ce001234,673ef5fe6b180037ab001234
673ef5fd65d2ea0342001234,673ef5fdb2f627fff1001234
673ef5fd8d8818c8e1001234,673ef5fe82c2559140001234
673ef5fd84ddfb3412001234,673ef5fe82c2559140001234
673ef5fd05a5cf0698001234,673ef5fe3806734b25001234
673ef5fd3a824154b1001234,673ef5fe8b0d268963001234
673ef5fd312351bff0001234,673ef5fdbeed13602b001234
673ef5fdd860edd1dd001234,673ef5fdeae27d77ca001234
673ef5fd093b60fd05001234,673ef5fe4e4e53aa08001234
673ef5fd2d579dc293001234,673ef5fef91e24dfe8001234
673ef5fd5352696a9c001234,673ef5fe6a2feef8ed001234
673ef5fda5a61717dd001234,673ef5fd00ec53c468001234
673ef5fd4c144c47ec001234,673ef5fe160c88652d001234
673ef5fd89885ff2c8001234,673ef5fe95151403b0001234
673ef5fd0189caa552001234,673ef5fe3806734b25001234
673ef5fda501bebf79001234,673ef5fd11b921ef08001234
673ef5fdaebf7782a3001234,673ef5fd68ce199ec2001234
673ef5fda9813e9550001234,673ef5fdc3992e9a68001234
673ef5fd584b98aac2001234,673ef5fd41f1f19176001234
673ef5fd955cb567b6001234,673ef5fd38913e1d6a001234
673ef5fd52dbb0686f001234,673ef5fdd3d9446802001234
673ef5fd2d405b3671001234,673ef5fe1842603482001234
673ef5fd16ba72172e001234,673ef5fe81ca0262c8001234
673ef5fd0ae3f79a30001234,673ef5feaace49c7d8001234
673ef5fdb5f1e8fb36001234,673ef5fe46771d1f43001234
673ef5fd325995af77001234,673ef5fd10a5ab2db3001234
673ef5fd296472c954001234,673ef5fe0c048b3a43001234
673ef5fdfb2e203234001234,673ef5fee6d8545daa001234
673ef5fd07cb5f8650001234,673ef5fe692f93be8c001234
673ef5fdf410588e48001234,673ef5fedc09c97fd7001234
673ef5fd850af92f8d001234,673ef5fd6ea9ab1baa001234
673ef5fd3e9e39fed3001234,673ef5fe3210ddbeaa001234
673ef5fde0a209539d001234,673ef5fdd6baf65e0b001234
673ef5fdd3a7f48c12001234,673ef5fe5705e1164a001234
673ef5fdbf424cb7b0001234,673ef5fd42998cf32d001234
673ef5fd26f5bd4aa6001234,673ef5fde2c420d928001234
673ef5fd0b1ec36692001234,673ef5fde4a6222cdb001234
673ef5fd801272ee79001234,673ef5fea9078e8653001234
673ef5fdb2ab001909001234,673ef5fdd4c2e4a329001234
673ef5fd2cad8fa47b001234,673ef5fd11b9842e0a001234
673ef5fd8232e119d8001234,673ef5fdf7664060cc001234
673ef5fd7b1ce3d73b001234,673ef5fe4122cb13c7001234
673ef5fde7e2367048001234,673ef5fe0768281a05001234
673ef5fd1a0a283bfe001234,673ef5fd42a0e188f5001234
673ef5fda29d159802001234,673ef5fea8f8f60264001234
673ef5fdbdc4626aa1001234,673ef5fde369853df7001234
673ef5fd3937230de3001234,673ef5fd1534b76d32001234
673ef5fd3b92d18aa7001234,673ef5fd26e359e838001234
673ef5fd5227b6aaf2001234,673ef5fd8d7d8ee069001234
673ef5fdc902b497eb001234,673ef5feb59c67bf19001234
673ef5fdfca0789e78001234,673ef5fedf0aab058c001234
673ef5fd4e62e752ae001234,673ef5fdd395771085001234
673ef5fd1943102704001234,673ef5fd00411460f7001234
673ef5fd2a34abd6eb001234,673ef5fe3621f1454c001234
673ef5fd7dc1c7653a001234,673ef5fde94550c93c001234
673ef5fdc182f930a0001234,673ef5fde555ebe0ce001234
673ef5fda486cd07e4001234,673ef5fdf1b6f2857f001234
673ef5fd1e8c391abf001234,673ef5fd3493894fa4001234
673ef5fdc3e4035af2001234,673ef5fd4734ba6f3d001234
673ef5fd32e05616c8001234,673ef5fd185e65bc40001234
673ef5fd2596a54cdb001234,673ef5fd5751ec3e9a001234
673ef5fdbd0cc810b5001234,673ef5fde94550c93c001234
673ef5fd0234c510bc001234,673ef5fe512c5cad6c001234
673ef5fdbb1662b7c5001234,673ef5fdac1dd209cb001234
673ef5fd100d9f30ca001234,673ef5fd1d7f7abc18001234
673ef5fd71560ce98c001234,673ef5fd819f46e52c001234
673ef5fdca0daec69b001234,673ef5fd621bf66ddb001234
673ef5fdcdf1e288ca001234,673ef5feb069b34151001234
673ef5fd8c5f6ecd29001234,673ef5fdb73dfe25b4001234
673ef5fd25db67c565001234,673ef5fde0c641195b001234
673ef5fde45823afe1001234,673ef5fd67f7fb873e001234
673ef5fd2d969e2cee001234,673ef5fef3bd5ad57c001234
673ef5fd4b4edc2630001234,673ef5fd258be18e31001234
673ef5fd06d5ae105e001234,673ef5fd9cc138f8dc001234
673ef5fd4aecfbe5d2001234,673ef5fe19b650660b001234
673ef5fd1368ba1ab6001234,673ef5fd9fe8593a8a001234
673ef5fd3323fe11e9001234,673ef5fd07563a3fe3001234
673ef5fd05a7045451001234,673ef5fd33e8075e99001234
673ef5fd5938b4d054001234,673ef5fec9f95a0a5a001234
673ef5fdb5c0150304001234,673ef5fd68d30a9594001234
673ef5fdb0df2270be001234,673ef5fd3fe94a0023001234
673ef5fd13111c20ae001234,673ef5fd37a749d808001234
673ef5fd598920e11d001234,673ef5fd25b2822c2f001234
673ef5fd04048aeca2001234,673ef5fe8b0d268963001234
673ef5fd6cd9313ed3001234,673ef5fe43cca4b3de001234
673ef5fd2a8a812400001234,673ef5fd9bf31c7ff0001234
673ef5fd653ac11ca6001234,673ef5fee702e51da2001234
673ef5fd3dd9424294001234,673ef5fece78d1da25001234
673ef5fd2952351097001234,673ef5fec9f95a0a5a001234
673ef5fd487d4c6a32001234,673ef5fd8613985ec4001234
673ef5fd10907813b9001234,673ef5fe1714726c81001234
673ef5fd758a06618c001234,673ef5fdfa14d4fe2f001234
673ef5fddf1f1d20ee001234,673ef5fe74bba22728001234
673ef5fd243facb295001234,673ef5fec21002f464001234
673ef5fda07c2f3b3b001234,673ef5fd757b505cfd001234
673ef5fd38651c4450001234,673ef5fdc361bc7b2c001234
673ef5fd04ad563202001234,673ef5fe062ddb6c72001234
673ef5fd2b8eba3cb0001234,673ef5fe80a8155eb1001234
673ef5fdcd0f74b595001234,673ef5fd03c6b06952001234
673ef5fd743394beff001234,673ef5fd109a0ca3bc001234
673ef5fd074177d3eb001234,673ef5fe847cc55b70001234
673ef5fdcd0cbcc668001234,673ef5fe28267ab848001234
673ef5fd9667150152001234,673ef5fe996009f237001234
673ef5fddc16622ddc001234,673ef5fd08419be897001234
673ef5fd0f46c64b74001234,673ef5fd0537fb40a6001234
673ef5fdd6bcb486f7001234,673ef5fe4d5b995358001234
673ef5fdfa2431bf9d001234,673ef5fecf9a242b70001234
673ef5fd43351f7bf9001234,673ef5fedb6ebd0566001234
673ef5fd1177967c79001234,673ef5fe4d5b995358001234
673ef5fd47810f956e001234,673ef5fefb2fcd534b001234
673ef5fd16026d60ff001234,673ef5fd8a0e1141fd001234
673ef5fd3de568f859001234,673ef5fe5680522b8e001234
673ef5fd46a558d979001234,673ef5fe632cee946d001234
673ef5fdd827f12e35001234,673ef5fde4a6222cdb001234
673ef5fd2d2ca7eedf001234,673ef5fe6395ebd0f4001234
673ef5fd69dafe8b58001234,673ef5fec667d53acd001234
673ef5fdf3ac63c912001234,673ef5fef0dd4a99fb001234
673ef5fd778609db5d001234,673ef5fe801c14f07f001234
673ef5fd68d3098125001234,673ef5fd371bce7dc8001234
673ef5fd426f990b33001234,673ef5fe1baff70e26001234
673ef5fda11f9e533f001234,673ef5fe677e09724f001234
673ef5fd228bbc2f87001234,673ef5fd0ff39bbbf9001234
673ef5fd149815eb97001234,673ef5fe92977ae4d2001234
673ef5fdd5e2fbef30001234,673ef5fd24b16fede9001234
673ef5fd6c97cd0766001234,673ef5fe1efa39bcae001234
673ef5fd03255088ed001234,673ef5fd7f100b7b36001234
673ef5fdfd69dbe29f001234,673ef5fe1ce927f875001234
673ef5fdbe53d253d6001234,673ef5fe92fb0c6d17001234
673ef5fde77dbaf675001234,673ef5febb7946e7d8001234
673ef5fd7e3b7a5baf001234,673ef5fd66808e327d001234
673ef5fd7b4773c039001234,673ef5fec8ba76c279001234
673ef5fda3eb043e7b001234,673ef5fd9c838d2e45001234
673ef5fd35936504a3001234,673ef5fee48e132073001234
673ef5fdc8dfece5cc001234,673ef5fe856fc81623001234
673ef5fd2321994d85001234,673ef5fdff4d5fbbaf001234
673ef5fdb239751766001234,673ef5fefe2d010308001234
673ef5fd92049debbe001234,673ef5fe459a4ddcb5001234
673ef5fd3f53d71901001234,673ef5fe81dc9bdb52001234
673ef5fdd69116f8b0001234,673ef5fd37f0e884fb001234
673ef5fd4ebd440d99001234,673ef5fe14d9e8007c001234
673ef5fdf7e2b2b75b001234,673ef5fdc3992e9a68001234
673ef5fdd3b1fb0296001234,673ef5fd32bb90e897001234
673ef5fdab8aa05e78001234,673ef5fde2c0be2456001234
673ef5fd0a65e195cb001234,673ef5fe16e6a3326d001234
673ef5fd4c5bcfec85001234,673ef5fde165421110001234
673ef5fd6ee69d3769001234,673ef5fed9731321ef001234
673ef5fd7b66b4fd40001234,673ef5fe78b9cab199001234
673ef5fdee8fe9093f001234,673ef5fd2d6cc4b2d1001234
673ef5fdea159dc978001234,673ef5fd11b921ef08001234
673ef5fd1a68e5f4ad001234,673ef5fd3dc4876f3f001234
673ef5fd52cf49fea5001234,673ef5fe2dace78f80001234
673ef5fdb090409688001234,673ef5fea4300b002b001234
673ef5fd878d5691c8001234,673ef5fd58ae749f25001234
673ef5fd565030e1fc001234,673ef5fd2afe4567e1001234
673ef5fd8208974663001234,673ef5fe8e82ab7243001234
673ef5fd97416ac0f5001234,673ef5fe4b6538a44a001234
673ef5fdb3f61131b6001234,673ef5fe82965d4ed8001234
673ef5fda6ea8471c1001234,673ef5fd2723d092b6001234
673ef5fdcb2c2041d9001234,673ef5fddd45850574001234
673ef5fddb60b95dec001234,673ef5fdfa14d4fe2f001234
673ef5fd7993e11204001234,673ef5fedd8eb9f23f001234
673ef5fdbe1df9a5d0001234,673ef5fd07e1cd7dca001234
673ef5fdaf5d5ef248001234,673ef5fe856fc81623001234
673ef5fd4a06d868d0001234,673ef5fd1ff1de7740001234
673ef5fd2aaaddf273001234,673ef5fe24896ee4c6001234
673ef5fdcbf8710b43001234,673ef5feda11e8cd18001234
673ef5fdf708f064fa001234,673ef5fea4300b002b001234
673ef5fdfc79250f8c001234,673ef5fd389bc7bb1e001234
673ef5fdfeecee9f16001234,673ef5fdf899139df5001234
673ef5fd6048ff4e8c001234,673ef5fe226d1f15ec001234
673ef5fd2c3ddf4bf1001234,673ef5fdb2f627fff1001234
673ef5fd61d77652c9001234,673ef5fdd840cc5d90001234
673ef5fd49d4b2faeb001234,673ef5fd2a38a4a931001234
673ef5fd2dbf21633f001234,673ef5fe4a213d3724001234
673ef5fd28b60a16b5001234,673ef5fe061412e4a0001234
673ef5fd7cf64379eb001234,673ef5fe043c3d7e48001234
673ef5fde9412ee564001234,673ef5fd8c19f571e2001234
673ef5fd70c445ee64001234,673ef5fe2ba596643c001234
673ef5fd7b41bfa508001234,673ef5fda666587afd001234
673ef5fde82c4b19b8001234,673ef5fd202cb962ac001234
673ef5fd7cc234202e001234,673ef5fd2f2b265625001234
673ef5fdd9ff90f400001234,673ef5fd8bf1211fd4001234
673ef5fd0bf727e907001234,673ef5fe1b0114c51c001234
673ef5fdc8067ad193001234,673ef5fea50abba813001234
673ef5fd4c8c76b39d001234,673ef5fd07a96b1f61001234
673ef5fd53f0d7c537001234,673ef5fd57aeee35c9001234
673ef5fdb06b5541a6001234,673ef5fd0bb4aec171001234
673ef5fd6b5754d737001234,673ef5fd258be18e31001234
673ef5fdf55cadb97e001234,673ef5fd07c5807d0d001234
673ef5fdb4baaff0e2001234,673ef5fea8ecbabae1001234
673ef5fd12ffb0968f001234,673ef5fe2f885d0fbe001234
673ef5fdcd10c7f376001234,673ef5fd470e7a4f01001234
673ef5fd696b35cc35001234,673ef5fe26588e932c001234
673ef5fd4e0223a876001234,673ef5fdd14220ee66001234
673ef5fd831caa1b60001234,673ef5fd142949df56001234
673ef5fd8d09e4b85c001234,673ef5fd7cbbc409ec001234
673ef5fd4a8423d5e9001234,673ef5fd26337353b7001234
673ef5fd4a1590df1d001234,673ef5fe90db9da4fc001234
673ef5fd0d7363894a001234,673ef5fe82965d4ed8001234
673ef5fda6d259bfbf001234,673ef5fe226d1f15ec001234
673ef5fdba3e9b6a51001234,673ef5fedc960c46c3001234
673ef5fd55a988dfb0001234,673ef5fd555d6702c9001234
673ef5fd7827d1ec62001234,673ef5fd1a5b1e4daa001234
673ef5fd0747b9be4f001234,673ef5fda5e0013237001234
673ef5fd1bf0c59238001234,673ef5fdd1f255a373001234
673ef5fd2aedcba61c001234,673ef5fd04025959b1001234
673ef5fd9657c1fffd001234,673ef5fedc87c13749001234
673ef5fdf0f6ba4b5e001234,673ef5fdd34ab169b7001234
673ef5fd921c2dc40d001234,673ef5fd258be18e31001234
673ef5fd8c59fd6fbe001234,673ef5fdf29c21d489001234
673ef5fd1680829293001234,673ef5feaace49c7d8001234
673ef5fd2288f691b5001234,673ef5fe4671aeaf49001234
673ef5fdb5baa9c23a001234,673ef5fe537d9b6c92001234
673ef5fd59eb5dd369001234,673ef5feec5aa0b784001234
673ef5fddbab2adc8f001234,673ef5fedb576a7d24001234
673ef5fde6acf4b0f6001234,673ef5fed2ed45a52b001234
673ef5fd42fe880812001234,673ef5fe80a8155eb1001234
673ef5fd02f657d55e001234,673ef5fd642e92efb7001234
673ef5fd283085d30e001234,673ef5fe934815ad54001234
673ef5fd60519c3dd2001234,673ef5febffc98347e001234
673ef5fd9457fc28ce001234,673ef5feaeb3135b43001234
673ef5fd309a8e73b2001234,673ef5fef197002b9a001234
673ef5fdeaa52f3366001234,673ef5fe390e982518001234
673ef5fd92426b262d001234,673ef5fe6d3a1e06d6001234
673ef5fd36e729ec17001234,673ef5fe3546ab441e001234
673ef5fdfb89fd138b001234,673ef5fdc4ca4238a0001234
673ef5fd7876acb666001234,673ef5fd7f5d04d189001234
673ef5fd18bb68e2b3001234,673ef5fde56954b4f6001234
673ef5fd026a39ae63001234,673ef5fd185c29dc24001234
673ef5fded57844fa5001234,673ef5feb571ecea16001234
673ef5fd50abc3e730001234,673ef5fef016e59c7a001234
673ef5fd32b991e5d7001234,673ef5fd34173cb38f001234
673ef5fde02e27e04f001234,673ef5fd37a749d808001234
673ef5fd92f54963fc001234,673ef5fe540ae6b0f6001234
673ef5fdd3fad7d363001234,673ef5fd2dea61eed4001234
673ef5fda431d70133001234,673ef5feb197ffdef2001234
673ef5fd6aed000af8001234,673ef5fe6490791e7a001234
673ef5fd75e33da9b1001234,673ef5fd428fca9bc1001234
673ef5fd17f98ddf04001234,673ef5fd5dd9db5e03001234
673ef5fd8bd39eae38001234,673ef5fee17184bcb7001234
673ef5fd6412fef873001234,673ef5fd918317b579001234
673ef5fd8e065119c7001234,673ef5fe7fb8ceb3bd001234
673ef5fde113bb92c6001234,673ef5fedb2b418215001234
673ef5fd75455e0629001234,673ef5fd941e1aaaba001234
673ef5fded277964a8001234,673ef5fe97af4fb322001234
673ef5fdc60d870eaa001234,673ef5fd0deb1c5481001234
673ef5fd06c284d3f7001234,673ef5fde3796ae838001234
673ef5fd9a5748a2fb001234,673ef5fdb1eec33c72001234
673ef5fd38181d991c001234,673ef5fe8fb21ee7a2001234
673ef5fdf35a2bc72d001234,673ef5fd28f0b86459001234
673ef5fdeb06b9db06001234,673ef5fea8e864d04c001234
673ef5fd30f8f6b940001234,673ef5fedf0aab058c001234
673ef5fd0c215f1942001234,673ef5fe55b1927fda001234
673ef5fd7180cffd6a001234,673ef5fedaa96d9681001234
673ef5fde0688d1395001234,673ef5fda5cdd4aa00001234
673ef5fd1680e9fa7b001234,673ef5fe6a2feef8ed001234
673ef5fd98b418276d001234,673ef5fedaa96d9681001234
673ef5fd908a6f6a6c001234,673ef5fda7aeed7471001234
673ef5fde727fa59dd001234,673ef5fdaba3b6fd5d001234
673ef5fd1102a326d5001234,673ef5fea58149d355001234
673ef5fd0bed45bd57001234,673ef5fe4ca82782c5001234
673ef5fd028ee72415001234,673ef5fdbcbe3365e6001234
673ef5fde97c864e8a001234,673ef5fe68d13cf26c001234
673ef5fdcf9b2d0406001234,673ef5fe013a006f03001234
673ef5fddbbf603ff0001234,673ef5fe1415db70fe001234
673ef5fdab452534c5001234,673ef5fd5737034557001234
673ef5fd0415740eaa001234,673ef5fec73dfe6c63001234
673ef5fdf1b0775946001234,673ef5fd076a0c97d0001234
673ef5fddf0e09d6f2001234,673ef5fde96ed478da001234
673ef5fd220c77af02001234,673ef5fdeb16372791001234
673ef5fdde594ef5c3001234,673ef5fdc9e1074f5b001234
673ef5fdbbeb0c1b1f001234,673ef5fd9766527f2b001234
673ef5fdcdd96eedd7001234,673ef5fd502e4a1693001234
673ef5fd058d6f2fbe001234,673ef5fdaab3238922001234
673ef5fd7aee26c309001234,673ef5fdbbf94b34eb001234
673ef5fdfa2e8c4385001234,673ef5fd42e7aaa88b001234
673ef5fd362387494f001234,673ef5fe86df7dcfd8001234
673ef5fd33267e5dc5001234,673ef5fe285ab9448d001234
673ef5fdc315f0320b001234,673ef5fd357a6fdf76001234
673ef5fd64a08e5f1e001234,673ef5fd7ef605fc8d001234
673ef5fdb1c00bcd4b001234,673ef5fd94c7bb58ef001234
673ef5fd23fc4cba06001234,673ef5fe81dc9bdb52001234
673ef5fd421b3ac5c2001234,673ef5feb0b183c207001234
673ef5fd08f38e0434001234,673ef5feeddb904a6d001234
673ef5fdec1f850d93001234,673ef5feeb86d51036001234
673ef5fd7f7c351ee9001234,673ef5fe01e9565cec001234
673ef5fd96f2b50b5d001234,673ef5fdd1f255a373001234
673ef5fd531db99cb0001234,673ef5fd1543843a47001234
673ef5fdd37124c4c7001234,673ef5fed82118376d001234
673ef5fd868b7df964001234,673ef5fe4fac9ba115001234
673ef5fd1006ff12c4001234,673ef5fed9731321ef001234
673ef5fd030e65da2b001234,673ef5febeb22fb694001234
673ef5fdb2ea5e977c001234,673ef5fd68d30a9594001234
673ef5fd17693c91d9001234,673ef5feb51a15f382001234
673ef5fd7f141cf8e7001234,673ef5fefa3a3c407f001234
673ef5fd370bfb31ab001234,673ef5fd6aca97005c001234
673ef5fd92bf5e6240001234,673ef5feb706835de7001234
673ef5fdf565bb9efc001234,673ef5fd36660e5985001234
673ef5fdb4a721cfb6001234,673ef5fea42a596fc7001234
673ef5fdb130029169001234,673ef5fe6c3cf77d52001234
673ef5fdd47844673f001234,673ef5fe70222949cc001234
673ef5fd60243f9b1a001234,673ef5fe0a0a0c8aaa001234
673ef5fdaeefb05091001234,673ef5fe359f38463d001234
673ef5fd5be278a9e0001234,673ef5fed8700cbd38001234
673ef5fd4191ef5f6c001234,673ef5fd8757150dec001234
673ef5fde465ae46b0001234,673ef5fd854d6fae5e001234
673ef5fd952c3ff98a001234,673ef5fd42998cf32d001234
673ef5fd0d9095b0d6001234,673ef5feede7e2b6d1001234
673ef5fd4ab5237176001234,673ef5feca75910166001234
673ef5fd765d5fb115001234,673ef5fe0d0871f080001234
673ef5fd663772ea08001234,673ef5fe2a50e9c2d6001234
673ef5fd4e2a633046001234,673ef5fee077e1a544001234
673ef5fd56cb94cb34001234,673ef5fdcee631121c001234
673ef5fd12311d05c9001234,673ef5fd26657d5ff9001234
673ef5fd0738069b24001234,673ef5fe2bcab9d935001234
673ef5fd353de26971001234,673ef5fe4b04a686b0001234
673ef5fdd0bb8259d8001234,673ef5fe03e0704b56001234
673ef5fd3812f9a59b001234,673ef5fd39461a19e9001234
673ef5fdbf2fb7d182001234,673ef5fd19bc916108001234
673ef5fd6f1d0705c9001234,673ef5fd99bcfcd754001234
673ef5fdeb9fc34960001234,673ef5fec2aee86157001234
673ef5fde833e042f5001234,673ef5feb24d516bb6001234
673ef5fdd3d80b6569001234,673ef5fd605ff764c6001234
673ef5fd881c6efa91001234,673ef5fd8eefcfdf59001234
673ef5fdd3aeec875c001234,673ef5fe49c9adb18e001234
673ef5fd3070e6addc001234,673ef5fe53c04118df001234
673ef5fd1a6727711b001234,673ef5fd310dcbbf4c001234
673ef5fd894db62f7b001234,673ef5fdf7e6c85504001234
673ef5fdbd1354624f001234,673ef5fdeba0dc302b001234
673ef5fd8b3bac1292001234,673ef5fd20f07591c6001234
673ef5fd327708dd10001234,673ef5fe82965d4ed8001234
673ef5fd2650d6089a001234,673ef5fe3bbfdde884001234
673ef5fdefd7e9ed0e001234,673ef5fddc82d632c9001234
673ef5fd12a1d073d5001234,673ef5fe7eb3c8be3d001234
673ef5fdf076073b20001234,673ef5fd903ce9225f001234
673ef5fdc3008b2c6f001234,673ef5fd6081594975001234
673ef5fd780965ae22001234,673ef5fdc06d06da96001234
673ef5fde98741479a001234,673ef5fde2c0be2456001234
673ef5fd1dba5eed88001234,673ef5fe0e9fa1f3e9001234
673ef5fdb4944963b5001234,673ef5fd6cdd60ea00001234
673ef5fd6fe1316321001234,673ef5fda8c88a0055001234
673ef5fd5b4130c9e8001234,673ef5feb069b34151001234
673ef5fd6b8b8e3bd6001234,673ef5fd1385974ed5001234
673ef5fd25ef0d887b001234,673ef5fe2b38c2df6a001234
673ef5fdf9fd2624be001234,673ef5fd9fd81843ad001234
673ef5fdb5b03f0627001234,673ef5fe3bbfdde884001234
673ef5fd17eb7ecc4c001234,673ef5fe7b5b23f4aa001234
673ef5fd465636eb4a001234,673ef5fe17326d10d5001234
673ef5fd17d8da815f001234,673ef5fd16a5cdae36001234
673ef5fd6d19c11340001234,673ef5fe69a5b59951001234
673ef5fd3953630da2001234,673ef5fd6a10bbd480001234
673ef5fd9087b0efc7001234,673ef5fdd07e70efcf001234
673ef5fd6624b6d821001234,673ef5fe6eb6e75fdd001234
673ef5fdb6617980ce001234,673ef5fd67e103b076001234
673ef5fd892c3b1c6d001234,673ef5fee11943a603001234
673ef5fdc9efe5f26c001234,673ef5fe8e82ab7243001234
673ef5fddc20d1211f001234,673ef5fd63538fe6ef001234
673ef5fdb44afe91b8001234,673ef5fd4ea06fbc83001234
673ef5fd779efbd24d001234,673ef5fec21002f464001234
673ef5fdd1c373ab15001234,673ef5fe8e82ab7243001234
673ef5fd3e60e09c22001234,673ef5fdfe9fc289c3001234
673ef5fd3b2d8f129a001234,673ef5fe92977ae4d2001234
673ef5fdb887d8d5e6001234,673ef5fe36a1694bce001234
673ef5fd1c303b0eed001234,673ef5fd0584ce565c001234
673ef5fd4664736508001234,673ef5fe1019c80916001234
673ef5fd6db291ac99001234,673ef5fea016070970001234
673ef5fde37b08dd30001234,673ef5fd0d3180d672001234
673ef5fd6788076842001234,673ef5fdedfbe1afcf001234
673ef5fd9edcc1391c001234,673ef5fd4a47d2983c001234
673ef5fd1c67df9e0a001234,673ef5fe9c3b183051001234
673ef5fd275d7fb2fd001234,673ef5fdd5cfead94f001234
673ef5fd769675d7c1001234,673ef5fea51fb97522001234
673ef5fdfaa453efde001234,673ef5fe170c944978001234
673ef5fd24b43fb034001234,673ef5fdb73ce398c3001234
673ef5fdf40438b554001234,673ef5fd0584ce565c001234
673ef5fda36e841c52001234,673ef5fed707329bec001234
673ef5fd908c9a564a001234,673ef5fefe2d010308001234
673ef5fdd806ca13ca001234,673ef5fd3295c76acb001234
673ef5fd20479c788f001234,673ef5fe3de2334a31001234
673ef5fd3a61ed715e001234,673ef5fef3bd5ad57c001234
673ef5fd5f268dfb0f001234,673ef5fd30bb3825e8001234
673ef5fdee16fa83c0001234,673ef5fe80a8155eb1001234
673ef5fd22722a3435001234,673ef5fdc0f168ce89001234
673ef5fd77edbe5f89001234,673ef5fd757b505cfd001234
673ef5fda74c3bae3e001234,673ef5fea8ecbabae1001234
673ef5fdc8862fc1a3001234,673ef5fd3644a684f9001234
673ef5fd0cdf61037d001234,673ef5fdeefc9e10eb001234
673ef5fd7edfd52220001234,673ef5fd8eefcfdf59001234
673ef5fd2d95666e26001234,673ef5fee6d8545daa001234
673ef5fd0cd60efb55001234,673ef5fe9ac403da79001234
673ef5fd8a56257ea0001234,673ef5fe9996535e07001234
673ef5fd272e117005001234,673ef5fe28e209b61a001234
673ef5fd7b66e8931c001234,673ef5fd10a5ab2db3001234
673ef5fdf0204e1d3e001234,673ef5fd3644a684f9001234
673ef5fd9023effe3c001234,673ef5fd13fe9d8431001234
673ef5fd3fd6098329001234,673ef5fe3b3dbaf685001234
673ef5fdef72d53990001234,673ef5fd48aedb8880001234
673ef5fd177540c7bc001234,673ef5fe86109d400f001234
673ef5fdd9b1655c13001234,673ef5fe1baff70e26001234
673ef5fdc1502ae5a4001234,673ef5fddc6a70712a001234
673ef5fd3f5ee24354001234,673ef5fefe2d010308001234
673ef5fdcc431fd7ec001234,673ef5fd918317b579001234
673ef5fd0a5c79b1ea001234,673ef5fee11943a603001234
673ef5fd1aa057313c001234,673ef5fe4c22bd4448001234
673ef5fdfedf67d6f3001234,673ef5fe1e1d184167001234
673ef5fdbdb6920adc001234,673ef5fe4e0d67e54a001234
673ef5fdc8cd63e1bf001234,673ef5fda1d33d0dfe001234
673ef5fda2186aa7c0001234,673ef5fd605ff764c6001234
673ef5fd663fd3c514001234,673ef5fe2b6d65b9a9001234
673ef5fd1091660f3d001234,673ef5fee56b06c51e001234
673ef5fdd3157f2f02001234,673ef5fe3f67fd9716001234
673ef5fd1706f191d7001234,673ef5fd1c9ac0159c001234
673ef5fda081cab429001234,673ef5fdd14220ee66001234
673ef5fd78bc62d08a001234,673ef5fd182be0c5cd001234
673ef5fddc6a7e655d001234,673ef5fe83f97f4825001234
673ef5fd748d6b6ed8001234,673ef5fd8613985ec4001234
673ef5fd6ad4174eba001234,673ef5fdccb0989662001234
673ef5fd4db0f8b0fc001234,673ef5fe980ecd0591001234
673ef5fd60792d855c001234,673ef5fe8c235f89a8001234
673ef5fdada5e0b63e001234,673ef5fe7c590f0149001234
673ef5fdb23f522024001234,673ef5fd74071a6733001234
673ef5fdcc3d69ed78001234,673ef5fd8a0e1141fd001234
673ef5fd62f91ce9b8001234,673ef5fdcf004fdc76001234
673ef5fdc5d9256689001234,673ef5fe970af30e48001234
673ef5fd96629f1aac001234,673ef5fd37a749d808001234
673ef5fd37e7897f62001234,673ef5feef50c335cc001234
673ef5fd4aec1b3435001234,673ef5fe6e7d2da6d3001234
673ef5fd1cfead9959001234,673ef5feae5e3ce40e001234
673ef5fd9e6a921fbc001234,673ef5fdfae0b27c45001234
673ef5fdbbb001ba00001234,673ef5fdb4288d9c0e001234
673ef5fd366f0bc7bd001234,673ef5fe2ba8698b79001234
673ef5fdf0031c7a91001234,673ef5fd9f61408e3a001234
673ef5fdc922de9e01001234,673ef5fd99c5e07b4d001234
673ef5fd8b83881803001234,673ef5feda11e8cd18001234
673ef5fd2ecd2bd947001234,673ef5fd67e103b076001234
673ef5fd86b20716fb001234,673ef5fd1ff1de7740001234
673ef5fde8bf0f27d7001234,673ef5fe061412e4a0001234
673ef5fd92a08bf918001234,673ef5fd9a96876e2f001234
673ef5fda41b3bb3e6001234,673ef5fefa1e9c9653001234
673ef5fd5d4ae76f05001234,673ef5fdaab3238922001234
673ef5fd9aeade7bea001234,673ef5fe6602294be9001234
673ef5fd9808ae3875001234,673ef5fdf718499c1c001234
673ef5fdb299ad862b001234,673ef5feea8fcd92d5001234
673ef5fd7a98af17e6001234,673ef5fd019d385eb6001234
673ef5fd976abf4997001234,673ef5fed7322ed717001234
673ef5fdc20a7ce2a6001234,673ef5fdcaf1a3dfb5001234
673ef5fd3eb414bf1c001234,673ef5fda5771bce93001234
673ef5fd39ae2ed11b001234,673ef5fd26337353b7001234
673ef5fd3f4366aeb9001234,673ef5fd2421fcb126001234
673ef5fd68a9750337001234,673ef5fddc6a70712a001234
673ef5fd563ca5e068001234,673ef5fd4c27cea852001234
673ef5fd7f01c93976001234,673ef5fd6aca97005c001234
673ef5fd6c4bb406b3001234,673ef5fe42ffcf057e001234
673ef5fdb08354f368001234,673ef5fea50abba813001234
673ef5fdb59307fdac001234,673ef5fdaba3b6fd5d001234
673ef5fd9ef2ed4b7f001234,673ef5feb197ffdef2001234
673ef5fd2ef248c049001234,673ef5fef4a331b7a2001234
673ef5fd731309c4bb001234,673ef5fe0f840be9b8001234
673ef5fd0aae0fede9001234,673ef5fd6e2713a6ef001234
673ef5fde2eacaff46001234,673ef5fe9232fe8122001234
673ef5fdb0169350cd001234,673ef5fe459a4ddcb5001234
673ef5fd687fd5c7e0001234,673ef5fe013a006f03001234
673ef5fd6dfe08eda7001234,673ef5fe93fb9d4b16001234
673ef5fdaac61539fd001234,673ef5fe9aa42b3188001234
673ef5fdddcb155487001234,673ef5fd39461a19e9001234
673ef5fd544a4f59f6001234,673ef5fd4734ba6f3d001234
673ef5fdae3539867a001234,673ef5fd3a066bda8c001234
673ef5fda64bd53139001234,673ef5fe991de292e7001234
673ef5fd032dd17b77001234,673ef5fee702e51da2001234
673ef5fd38811c5285001234,673ef5fdf64eac11f2001234
673ef5fd88e1ce84f9001234,673ef5fe193002e668001234
673ef5fdac45088df2001234,673ef5fee515df0d20001234
673ef5fd326fb04c3a001234,673ef5feae5e3ce40e001234
673ef5fd504c296f8e001234,673ef5fde0c641195b001234
673ef5fd1e3b21cb22001234,673ef5fd30bb3825e8001234
673ef5fd8deb8d1dd9001234,673ef5fd08b255a5d4001234
673ef5fd2067e2650c001234,673ef5fd185e65bc40001234
673ef5fda87d27f712001234,673ef5fddaca41214b001234
673ef5fd8a50bae297001234,673ef5fe4a213d3724001234
673ef5fdf0eaf559f8001234,673ef5fd9fd81843ad001234
673ef5fdac73001b1d001234,673ef5fe6e7b33fdea001234
673ef5fd9c8661befa001234,673ef5fd2291d2ec3b001234
673ef5fd2b323d6eb2001234,673ef5fd4f6ffe13a5001234
673ef5fdf507783927001234,673ef5fe07042ac7d0001234
673ef5fd706608cfdb001234,673ef5feaace49c7d8001234
673ef5fdcc96578847001234,673ef5fda02ffd91ec001234
673ef5fd72b3862240001234,673ef5fe1e1d184167001234
673ef5fdcfcce0621b001234,673ef5fd15de21c670001234
673ef5fd7a430339c1001234,673ef5fdc51ce410c1001234
673ef5fdfa84632d74001234,673ef5fddd45850574001234
673ef5fd8217bb4e7f001234,673ef5fd92cc227532001234
673ef5fd0e9d935f7e001234,673ef5fd07a96b1f61001234
673ef5fdb848edae25001234,673ef5fdd395771085001234
673ef5fd2b7b82a7ec001234,673ef5fefa83a11a19001234
673ef5fd334467d41d001234,673ef5fd36660e5985001234
673ef5fd0906061606001234,673ef5fe9996535e07001234
673ef5fdc46482dd5d001234,673ef5fd698d51a19d001234
673ef5fd831b1ac54c001234,673ef5fd556f391937001234
673ef5fd3cfbdf468f001234,673ef5fd7647966b73001234
673ef5fdf7cfdde9db001234,673ef5feb24d516bb6001234
673ef5fd20b02dc951001234,673ef5fedd45045f8c001234
673ef5fde94fe9ac8d001234,673ef5fe6eb6e75fdd001234
673ef5fdac8cd1808d001234,673ef5fe489d0396e6001234
673ef5fd0a2a51dac6001234,673ef5fd6974ce5ac6001234
673ef5fd59a3adea76001234,673ef5feef50c335cc001234
673ef5fd98bd65207e001234,673ef5fdd4c2e4a329001234
673ef5fd2de7cf2043001234,673ef5fe766d856ef1001234
673ef5fd14491b756b001234,673ef5fd1385974ed5001234
673ef5fd21c5bba1dd001234,673ef5fee702e51da2001234
673ef5fd3083202a93001234,673ef5fe818f4654ed001234
673ef5fd0655f11744001234,673ef5fd0d0fd7c6e0001234
673ef5fd1a04f96581001234,673ef5fdf1b6f2857f001234
673ef5fd333cb763fa001234,673ef5fdab817c9349001234
673ef5fd69f268fb2b001234,673ef5fe905056c1ac001234
673ef5fd0987b8b338001234,673ef5fe934815ad54001234
673ef5fd97108695bd001234,673ef5fde1e32e235e001234
673ef5fd82b0639a82001234,673ef5fedc5689792e001234
673ef5fd75df636098001234,673ef5fe03e0704b56001234
673ef5fd39cd7b469b001234,673ef5fe632cee946d001234
673ef5fdb445e31413001234,673ef5fdfaa9afea49001234
673ef5fd07f75d9144001234,673ef5fdec8ce6abb3001234
673ef5fd0e7e05fa10001234,673ef5feffeed84c7c001234
673ef5fd900c563bfd001234,673ef5fdc3e878e27f001234
673ef5fd285da2198b001234,673ef5fd66808e327d001234
673ef5fd2e2c080d54001234,673ef5fe4ca82782c5001234
673ef5fd6e16656a6e001234,673ef5fe1abb1e1ea5001234
673ef5fd4a11654ad1001234,673ef5fe147702db07001234
673ef5fd621fbd17da001234,673ef5fe80a8155eb1001234
673ef5fd8643c8e210001234,673ef5fd6081594975001234
673ef5fddbb422937d001234,673ef5fdeccbc87e4b001234
673ef5fd6463c88460001234,673ef5fe9ac403da79001234
673ef5fd818de4d2ec001234,673ef5fef52378e142001234
673ef5fd5c80985bd4001234,673ef5fdbe3159ad04001234
673ef5fd57f04bb297001234,673ef5fd8f121ce07d001234
673ef5fde945de21a1001234,673ef5fe2812e5cf6d001234
673ef5fd7fcc48d228001234,673ef5fdb7ee6f5f9a001234
673ef5fd2fd0fd3efa001234,673ef5fd07cdfd2337001234
673ef5fd63a7769efb001234,673ef5fed282ef2637001234
673ef5fdf6d9e459b9001234,673ef5fd84d9ee44e4001234
673ef5fd471c50ad1a001234,673ef5fd5fd0b37cd7001234
673ef5fd643de7cf7b001234,673ef5fd0266e33d3f001234
673ef5fde846fb8a4f001234,673ef5fe0efe32849d001234
673ef5fd5421e01356001234,673ef5fd65658fde58001234
673ef5fd84c2d4860a001234,673ef5fe46771d1f43001234
673ef5fd5b970a1d9b001234,673ef5fd357a6fdf76001234
673ef5fdf34185c4ca001234,673ef5fd6a10bbd480001234
673ef5fd4fa91c1901001234,673ef5fee702e51da2001234
673ef5fdb2004314aa001234,673ef5fd182be0c5cd001234
673ef5fd09ba3f0df1001234,673ef5fd67c6a1e7ce001234
673ef5fd2e1b24a664001234,673ef5fd41f1f19176001234
673ef5fdc5bbd980e5001234,673ef5fe2b6d65b9a9001234
673ef5fd86a1793f65001234,673ef5fe1141938ba2001234
673ef5fdde7f47e09c001234,673ef5fe3473decccb001234
673ef5fdf356355c16001234,673ef5fd07e1cd7dca001234
673ef5fde3ea33961a001234,673ef5fd877a9ba7a9001234
673ef5fd13d63838ef001234,673ef5fec5cc17e395001234
673ef5fd73c0318676001234,673ef5fd0e65972dce001234
673ef5fd51e6d6e679001234,673ef5fd9dcb88e013001234
673ef5fd606555cf42001234,673ef5fe76cf99d361001234
673ef5fdca851e9f71001234,673ef5fee58cc5ca94001234
673ef5fd73fed7fd47001234,673ef5fde57c6b956a001234
673ef5fd2974788b53001234,673ef5fe856fc81623001234
673ef5fd3fb04953d9001234,673ef5fe70feb62b69001234
673ef5fdcb953f6ca5001234,673ef5fe2812e5cf6d001234
673ef5fddfeb9598fb001234,673ef5fdcd00692c3b001234
673ef5fd944a5ae348001234,673ef5fd816b112c61001234
673ef5fd1b318124e3001234,673ef5fe299a23a229001234
673ef5fd72f67e70f6001234,673ef5fd912d2b1c7b001234
673ef5fd0060ef47b1001234,673ef5fd97e8527fea001234
673ef5fdba036d2288001234,673ef5fd0d3180d672001234
673ef5fd6dbd2699e8001234,673ef5fe995665640d001234
673ef5fd8485ae387a001234,673ef5fd698d51a19d001234
673ef5fd7535bbb91c001234,673ef5fe4b0a59ddf1001234
673ef5fd73231e53ee001234,673ef5fd3988c7f88e001234
673ef5fd9a85c12a21001234,673ef5fda96b65a721001234
673ef5fd0ffaca95e3001234,673ef5fe6c340f2583001234
673ef5fd7288251b27001234,673ef5feda8ce53cf0001234
673ef5fdb5b0db7f3a001234,673ef5fe4c22bd4448001234
673ef5fd5401acfe63001234,673ef5fd70efdf2ec9001234
673ef5fd6c0958d82a001234,673ef5fd3cec07e9ba001234
673ef5fd98afdcc1eb001234,673ef5feb7892fb3c2001234
673ef5fdee14c41e92001234,673ef5fd89f0fd5c92001234
673ef5fd939314105c001234,673ef5fe8ce6790cc6001234
673ef5fda9de093d06001234,673ef5fe4558dbb6f6001234
673ef5fdafab3e9707001234,673ef5fdf457c545a9001234
673ef5fd196f5641aa001234,673ef5fde555ebe0ce001234
673ef5fd147ebe6370001234,673ef5feae5e3ce40e001234
673ef5fda8166da05c001234,673ef5feaff1621254001234
673ef5fd018dd1e07a001234,673ef5fea8240cb823001234
673ef5fd7c220a2091001234,673ef5fd8d3bba7425001234
673ef5fde250c59336001234,673ef5fd6a10bbd480001234
673ef5fd22b1cd168e001234,673ef5feaff1621254001234
673ef5fd285a25c17f001234,673ef5fee8b1cbd05f001234
673ef5fd0ae1dd3954001234,673ef5fd5ef698cd9f001234
673ef5fddccab9bd9e001234,673ef5fe3a029f04d7001234
673ef5fd43b5284266001234,673ef5fd9fd81843ad001234
673ef5fd842424a1d0001234,673ef5fd2f55707d41001234
673ef5fd8baca01b73001234,673ef5fd757b505cfd001234
673ef5fd252a3dbaeb001234,673ef5fdf85454e827001234
673ef5fd9d684c589d001234,673ef5fd07c5807d0d001234
673ef5fd565767eb96001234,673ef5fe53c04118df001234
673ef5fda385d7d1e5001234,673ef5fd7eabe3a164001234
673ef5fd69f357fcc8001234,673ef5fda5771bce93001234
673ef5fdcdd0500dc0001234,673ef5fdc45147dee7001234
673ef5fddce8af15f0001234,673ef5fded3d2c2199001234
673ef5fdc0e8517b1f001234,673ef5fef4573fc71c001234
673ef5fd52c409f157001234,673ef5fd9be40cee5b001234
673ef5fdb89c30965e001234,673ef5fea0e2a2c563001234
673ef5fd6a450490f2001234,673ef5fee325107555001234
673ef5fdc254e77530001234,673ef5fe3e313b9bad001234
673ef5fda05d886123001234,673ef5fdd3d9446802001234
673ef5fd4cf33e18ed001234,673ef5fe1ee3dfcd8a001234
673ef5fdd87ca511e2001234,673ef5fd072b030ba1001234
673ef5fd6add07cf50001234,673ef5fe92fb0c6d17001234
673ef5fd78d69f4090001234,673ef5fdd34ab169b7001234
673ef5fdc5b270a763001234,673ef5fd6364d3f0f4001234
673ef5fd856b503e27001234,673ef5fd5d44ee6f2c001234
673ef5fd5ee0070c40001234,673ef5fd16a5cdae36001234
673ef5fddd7970532b001234,673ef5fd53e3a7161e001234
673ef5fd0ee8b85a85001234,673ef5fd1ff1de7740001234
673ef5fdfd4c2dc64c001234,673ef5fd140f6969d5001234
673ef5fd398475c83b001234,673ef5fe86df7dcfd8001234
673ef5fdacf9221546001234,673ef5fe38ca89564b001234
673ef5fde2eabaf963001234,673ef5fdac627ab1cc001234
673ef5fda098b2eb31001234,673ef5fd2f37d10131001234
673ef5fd48042b1dae001234,673ef5fee11943a603001234
673ef5fd300d1539c3001234,673ef5fd884d247c6f001234
673ef5fd7ae11af208001234,673ef5fe43cca4b3de001234
673ef5fd0d8080853a001234,673ef5fd6ea9ab1baa001234
673ef5fd49c0fa7f96001234,673ef5fd85d8ce590a001234
673ef5fdc203e4a1bd001234,673ef5fd40008b9a53001234
673ef5fd2da6cc4a5d001234,673ef5fd1a5b1e4daa001234
673ef5fd310cc7ca5a001234,673ef5fee53a0a2978001234
673ef5fd30a237d18c001234,673ef5fd320722549d001234
673ef5fd07845cd9ae001234,673ef5fec73dfe6c63001234
673ef5fde761813f83001234,673ef5fd6e2713a6ef001234
673ef5fdb67fb3360a001234,673ef5fd0f96613235001234
673ef5fd1d2a48c55f001234,673ef5fdd7a728a67d001234
673ef5fde1228be46d001234,673ef5fe82489c9737001234
673ef5fd54ebdfbbfe001234,673ef5fe5e1b18c4c6001234
673ef5fd740a02d078001234,673ef5fe6a61d423d0001234
673ef5fddc727151e5001234,673ef5fd5fd0b37cd7001234
673ef5fdd880067f87001234,673ef5fd0fcbc61acd001234
673ef5fd781397bc06001234,673ef5fd605ff764c6001234
673ef5fd8abfe8ac9e001234,673ef5fea8f8f60264001234
673ef5fdaf1b575406001234,673ef5fd6cdd60ea00001234
673ef5fd0b105cf150001234,673ef5fdb6d767d2f8001234
673ef5fda928731e10001234,673ef5fd42998cf32d001234
673ef5fd9308b0d6e5001234,673ef5fed554f7bb7b001234
673ef5fd34ffeb359a001234,673ef5fd07c5807d0d001234
673ef5fd56db57b4db001234,673ef5fd7fe1f8abaa001234
673ef5fdaba18772fc001234,673ef5fe82c2559140001234
673ef5fd7553e94d39001234,673ef5fda02ffd91ec001234
673ef5fdd2d2c6e244001234,673ef5fdfc490ca45c001234
673ef5fd240c945bb7001234,673ef5fdf0935e4cd5001234
673ef5fd9e740b84bb001234,673ef5fe68a83eeb49001234
673ef5fd532b81fa22001234,673ef5fd8b16ebc056001234
673ef5fd9e406957d4001234,673ef5fe9246444d94001234
673ef5fd56e6a93212001234,673ef5fe5caf41d623001234
673ef5fd4172f31012001234,673ef5fd5b8add2a5d001234
673ef5fd9fe77ac706001234,673ef5fec850371fda001234
673ef5fd460b491b91001234,673ef5fd288cc0ff02001234
673ef5fdee23e7ad9b001234,673ef5fdcedebb6e87001234
673ef5fd3e195b0793001234,673ef5fd0d7de1aca9001234
673ef5fd16738419b1001234,673ef5fefc2c7c47b9001234
673ef5fd20885c72ca001234,673ef5fefe2d010308001234
673ef5fd1f72e258ff001234,673ef5fd788d986905001234
673ef5fd6d3a2d24eb001234,673ef5fec3e0c62ee9001234
673ef5fdaaaccd2766001234,673ef5fe2ba596643c001234
673ef5fd21ce689121001234,673ef5fedc960c46c3001234
673ef5fd48df7b8e8d001234,673ef5feb55ec28c52001234
673ef5fd2e3d2c4f33001234,673ef5fea3d68b461b001234
673ef5fd3df07fdae1001234,673ef5fe64223ccf70001234
673ef5fd9332c513ef001234,673ef5fd07cdfd2337001234
673ef5fd7ba6d33c37001234,673ef5fd357a6fdf76001234
673ef5fd211a7a84d3001234,673ef5fdfbd7939d67001234
673ef5fdd74cb35426001234,673ef5fe93fb9d4b16001234
673ef5fd28d437661d001234,673ef5fdb6f0479ae8001234
673ef5fd7f6caf1f0b001234,673ef5fe3df1d4b96d001234
673ef5fd73f104c9fb001234,673ef5feab88b15733001234
673ef5fdf2b93ce087001234,673ef5fdfe131d7f5a001234
673ef5fdcab070d53b001234,673ef5fd37a749d808001234
673ef5fd8ce87bdda8001234,673ef5fea1140a3d0d001234
673ef5fd3569df159e001234,673ef5fda733fa9b25001234
673ef5fd9fc664916b001234,673ef5fda684eceee7001234
673ef5fd1aa3d9c6ce001234,673ef5fd3435c378bb001234
673ef5fd44feb0096f001234,673ef5fee5e63da79f001234
673ef5fd34306d99c6001234,673ef5fd89f0fd5c92001234
673ef5fddeb74a85a4001234,673ef5fd1679091c5a001234
673ef5fde73fecc08e001234,673ef5fedabd8d2ce7001234
673ef5fdc157297d1a001234,673ef5fdeecca5b636001234
673ef5fd42547f5a44001234,673ef5fd6081594975001234
673ef5fd95323660ed001234,673ef5fef0dd4a99fb001234
673ef5fd37968ad196001234,673ef5fde2ef524fbf001234
673ef5fd98cac9d33a001234,673ef5fe7504adad8b001234
673ef5fd5e7264477c001234,673ef5fe84438b7aae001234
673ef5fd43a115cbd6001234,673ef5feef4e3b775c001234
673ef5fdcd8d5260c8001234,673ef5fefeab05aa91001234
673ef5fd38ef4b66cb001234,673ef5fd41ae36ecb9001234
673ef5fd8068fee5f4001234,673ef5fee034fb6b66001234
673ef5fd40dba662fa001234,673ef5fd788d986905001234
673ef5fdb994697479001234,673ef5fea58149d355001234
673ef5fdc04c19c2c2001234,673ef5fe8a146f1a3d001234
673ef5fdbca382c814001234,673ef5fd9cfdf10e8f001234
673ef5fda292f1c587001234,673ef5fea26398dca6001234
673ef5fd65b1e92c58001234,673ef5fdea5d2f1c46001234
673ef5fd7fa215c9ef001234,673ef5fedc09c97fd7001234
673ef5fdc6d6445d97001234,673ef5fd854d6fae5e001234
673ef5fdf550e0ba9e001234,673ef5fd66f041e16a001234
673ef5fdb9f35816f4001234,673ef5fd85422afb46001234
673ef5fdd58f855fdc001234,673ef5fd41ae36ecb9001234
673ef5fdf269cb7796001234,673ef5fee6cb2a3c14001234
673ef5fda6197a578f001234,673ef5fd138bb06965001234
673ef5fd866d90e092001234,673ef5fe2a084e55c8001234
673ef5fd8e54d6b523001234,673ef5fea8240cb823001234
673ef5fd70162fe655001234,673ef5fe9701a1c165001234
673ef5fd2c620a8c23001234,673ef5fe1141938ba2001234
673ef5fdc255c05246001234,673ef5fdf79921bbae001234
673ef5fd551cb238f4001234,673ef5fe96ea64f3a1001234
673ef5fdd35b05a832001234,673ef5fd816b112c61001234
673ef5fd2ed80f6311001234,673ef5fdc9e1074f5b001234
673ef5fdccc81a97c1001234,673ef5febb7946e7d8001234
673ef5fd8d9a6e908e001234,673ef5fd3295c76acb001234
673ef5fd9854d7afce001234,673ef5fde4bb4c5173001234
673ef5fdcc58f7abf0001234,673ef5fe71ad16ad2c001234
673ef5fd0dd1bc593a001234,673ef5fd0336dcbab0001234
673ef5fda1c5aff967001234,673ef5fddf263d9962001234
673ef5fd8dcf2420e7001234,673ef5fd051e4e127b001234
673ef5fd5db60c9820001234,673ef5fe26588e932c001234
673ef5fd97250eb325001234,673ef5fd3cec07e9ba001234
673ef5fdee18846393001234,673ef5fd13f320e7b5001234
673ef5fd4fc848051e001234,673ef5fda2557a7b2e001234
673ef5fd1517c8664b001234,673ef5fea1140a3d0d001234
673ef5fdc09f9caf5e001234,673ef5fd26e359e838001234
673ef5fd63154d5661001234,673ef5fdb5b41fac03001234
673ef5fd3341f6f048001234,673ef5fe41bfd20a38001234
673ef5fd27b587bbe8001234,673ef5febb04af0f7e001234
673ef5fdb85d65c39e001234,673ef5fd84d9ee44e4001234
673ef5fd39539f630a001234,673ef5fdfb89705ae6001234
673ef5fd49cbb75927001234,673ef5fd0777d5c17d001234
673ef5fd9b8f0779ba001234,673ef5fde995f98d56001234
673ef5fd1340ccf247001234,673ef5fec913303f39001234
673ef5fd1597d21403001234,673ef5fd24b16fede9001234
673ef5fd298f587406001234,673ef5fd3def184ad8001234
673ef5fd13e36f06c6001234,673ef5fd49182f81e6001234
673ef5fd74c407e263001234,673ef5fef7f580e11d001234
673ef5fde5afb0f2db001234,673ef5fd0bb4aec171001234
673ef5fd3fa146219c001234,673ef5fe3de2334a31001234
673ef5fdec36e2ba64001234,673ef5fd9188905e74001234
673ef5fdda21bae82c001234,673ef5fe1714726c81001234
673ef5fdf9fe83f1ea001234,673ef5fe83fa5a432a001234
673ef5fdc3810d4a95001234,673ef5fd45fbc6d3e0001234
673ef5fd71a8b2ffe0001234,673ef5fe1cecc7a779001234
673ef5fd6df1825827001234,673ef5fe7c590f0149001234
673ef5fdbb702465f3001234,673ef5fd470e7a4f01001234
673ef5fd7f278ad602001234,673ef5fe28fc2782ea001234
673ef5fdaf8d9c4e23001234,673ef5fe5e76bef6e0001234
673ef5fdac52c626af001234,673ef5fdeb160de1de001234
673ef5fd6f611188ad001234,673ef5fdc0e190d826001234
673ef5fddb9ad56c71001234,673ef5feb56a18e0ea001234
673ef5fd0cbed40c0d001234,673ef5fd8fe0093bb3001234
673ef5fdcba0a4ee5c001234,673ef5fd4a47d2983c001234
673ef5fdf2e84d98d6001234,673ef5fdd86ea612de001234
673ef5fd678004486c001234,673ef5feaff1621254001234
673ef5fd9a32ff36c6001234,673ef5fd65658fde58001234
673ef5fd2ba3c4b939001234,673ef5fee58cc5ca94001234
673ef5fda0443c8c8c001234,673ef5fe1842603482001234
673ef5fd7059b7dea4001234,673ef5fdef0d3930a7001234
673ef5fd0c2f66f437001234,673ef5fda9a6653e48001234
673ef5fd4f9c76cf97001234,673ef5fec4851e8e26001234
673ef5fd7612936dcc001234,673ef5fda516a87cfc001234
673ef5fddfbd282c18001234,673ef5fe168908dd32001234
673ef5fdc12d1f7cc7001234,673ef5fda5771bce93001234
673ef5fdadf8d7f8c5001234,673ef5fd872488f88d001234
673ef5fd74306eef58001234,673ef5fd9a1158154d001234
673ef5fd9cf742e94f001234,673ef5feaace49c7d8001234
673ef5fd1bd69c7df3001234,673ef5fdcedebb6e87001234
673ef5fd254ed7d2de001234,673ef5fde165421110001234
673ef5fd3ce83f544d001234,673ef5fec9f95a0a5a001234
673ef5fd671d8d05d7001234,673ef5fe0f2c9a93ee001234
673ef5fdab8df9f773001234,673ef5fdeccbc87e4b001234
673ef5fd21b5680d80001234,673ef5fd10a5ab2db3001234
673ef5fd621c090c3a001234,673ef5fd7d04bbbe54001234
673ef5fd7fc63ff017001234,673ef5fe5ca3e9b122001234
673ef5fdaec851e565001234,673ef5fe3d779cae2d001234
673ef5fdd5ff135377001234,673ef5fe995e1fda4a001234
673ef5fd1625abb8e4001234,673ef5fe970af30e48001234
673ef5fdc952ce9851001234,673ef5fd32bb90e897001234
673ef5fdac4e7a4f34001234,673ef5fe4c22bd4448001234
673ef5fd084a8a9aa8001234,673ef5fdff4d5fbbaf001234
673ef5fd56577889b3001234,673ef5fe84438b7aae001234
673ef5fd8fb134f258001234,673ef5fe93d65641ff001234
673ef5fdee0e952492001234,673ef5fe0e9fa1f3e9001234
673ef5fd354ac345fd001234,673ef5fdf387624df5001234
673ef5fd89a4779d38001234,673ef5fda5e0013237001234
673ef5fd90525e70b7001234,673ef5feeffc299a1a001234
673ef5fd75806e8a1c001234,673ef5feb24d516bb6001234
673ef5fd7d97667a3e001234,673ef5fe96ea64f3a1001234
673ef5fda19883fca9001234,673ef5fdc9f0f895fb001234
673ef5fde951ccd955001234,673ef5fe6b180037ab001234
673ef5fd27669f3f14001234,673ef5fee53a0a2978001234
673ef5fda3147b8825001234,673ef5fd3c7781a36b001234
673ef5fdd2a2c1da2a001234,673ef5fe31857b449c001234
673ef5fdbe93cca187001234,673ef5feb86e8d03fe001234
673ef5fdae31ee951b001234,673ef5fd6aca97005c001234
673ef5fd77340c2e00001234,673ef5fe2ba8698b79001234
673ef5fd101951fe7e001234,673ef5fdbe83ab3ecd001234
673ef5fd64c53a52cb001234,673ef5fd15de21c670001234
673ef5fdf7efa4f864001234,673ef5fd9cfdf10e8f001234
673ef5fdeca89c0554001234,673ef5fe8b40665547001234
673ef5fd68897f19b1001234,673ef5fd72b32a1f75001234
673ef5fd5e02b868a9001234,673ef5fd5ef0b4eba3001234
673ef5fde910a63844001234,673ef5fe792c7b5aae001234
673ef5fd2297607a5d001234,673ef5fde46de7e1bc001234
673ef5fdab24cd2b81001234,673ef5fea284df1155001234
673ef5fda5ff5d4b0a001234,673ef5fd06138bc5af001234
673ef5fd1e8ca836c9001234,673ef5fd94f6d7e04a001234
673ef5fd92fde850d8001234,673ef5fe6e0721b2c6001234
673ef5fd7dc3338d42001234,673ef5fd4e732ced34001234
673ef5fdca8a2d76a5001234,673ef5fd7eacb53257001234
673ef5fd0314c9b108001234,673ef5feb571ecea16001234
673ef5fda4d8e2a7e0001234,673ef5fe03f5446139001234
673ef5fd6734fa703f001234,673ef5fe31839b036f001234
673ef5fd4f05d4821f001234,673ef5fec7635bfd99001234
673ef5fd6195f47dcf001234,673ef5fe1019c80916001234
673ef5fd810dfbbebb001234,673ef5fe4e2545f819001234
673ef5fd2d199f9abd001234,673ef5fd04025959b1001234
673ef5fd8b5c8441a8001234,673ef5fe8f7d807e1f001234
673ef5fd9f60ab2b55001234,673ef5fd74071a6733001234
673ef5fd26ff6f4ca1001234,673ef5fdedfbe1afcf001234
673ef5fdbba6bca05f001234,673ef5fe535ab76633001234
673ef5fdecf5631507001234,673ef5fd85422afb46001234
673ef5fd861578d797001234,673ef5fe1b0114c51c001234
673ef5fde46bc064f8001234,673ef5fe934815ad54001234
673ef5fd2192890582001234,673ef5fd08419be897001234
673ef5fd8ce1a43fb7001234,673ef5fe59f51fd693001234
673ef5fd16d11e9595001234,673ef5fdd3d9446802001234
673ef5fd13b9194382001234,673ef5fdec5decca5e001234
673ef5fd13e5ebb0fa001234,673ef5fe1efa39bcae001234
673ef5fd217f5e7754001234,673ef5fd7750ca3559001234
673ef5fd0ab922ba3e001234,673ef5fda02ffd91ec001234
673ef5fd22cf8d98dc001234,673ef5fea60937eba5001234
673ef5fdc76db12c82001234,673ef5fdd86ea612de001234
673ef5fd77cdfc1e11001234,673ef5fe7f975a56c7001234
673ef5fd3770282ae7001234,673ef5fe08fe2621d8001234
673ef5fd0fd4b8a835001234,673ef5fec667d53acd001234
673ef5fdef35613fc5001234,673ef5fdc24cd76e1c001234
673ef5fde3b0ab9251001234,673ef5fddb8e1af0cb001234
673ef5fd872dd316eb001234,673ef5fd3d2d8ccb37001234
673ef5fd74d90aafda001234,673ef5fe4607263158001234
673ef5fd82edc5c9e2001234,673ef5feb069b34151001234
673ef5fd5dcd0ddd3d001234,673ef5fd0d7de1aca9001234
673ef5fdc0e19ce0db001234,673ef5fdcdc0d6e63a001234
673ef5fd3b24156ad5001234,673ef5fef9be311e65001234
673ef5fd47257279d0001234,673ef5fe1efa39bcae001234
673ef5fd8ccfb11406001234,673ef5fdf3f27a3247001234
673ef5fd70d5212dd0001234,673ef5fdc5ff2543b5001234
673ef5fdd40e0a2a2f001234,673ef5fd07563a3fe3001234
673ef5fdfd272fe04b001234,673ef5fe352407221a001234
673ef5fd5edc4f7dce001234,673ef5fe013a006f03001234
673ef5fde546594ad4001234,673ef5fe8b40665547001234
673ef5fdf40ee69498001234,673ef5fd46922a0880001234
673ef5fd5f245ebebc001234,673ef5fe20b5e1cf86001234
673ef5fd608b30e45f001234,673ef5fd41f1f19176001234
673ef5fd7bfa32686d001234,673ef5fd872488f88d001234
673ef5fdc5e1ab9c93001234,673ef5fdc52f1bd66c001234
673ef5fdbe3ac64e67001234,673ef5fd0537fb40a6001234
673ef5fd13384ffc9d001234,673ef5fe7fa732b517001234
673ef5fd5d0cb12f8c001234,673ef5fe285ab9448d001234
673ef5fddc49dfebb0001234,673ef5fdf2fc990265001234
673ef5fd0e139b17a9001234,673ef5fe0f2c9a93ee001234
673ef5fdfb8e51c5c7001234,673ef5fdca46c1b951001234
673ef5fdbedc7106ff001234,673ef5fd470e7a4f01001234
673ef5fd39b8f72158001234,673ef5fef93882cbd8001234
673ef5fd05128e44e2001234,673ef5fec0a271bc0e001234
673ef5fdddf88ea64e001234,673ef5fd53e3a7161e001234
673ef5fd18a010d2a9001234,673ef5fdcfecdb276f001234
673ef5fd120ca817eb001234,673ef5feea8fcd92d5001234
673ef5fdf60ce002e5001234,673ef5fd0c74b7f784001234
673ef5fd3e1953b572001234,673ef5fdd61e4bbd63001234
673ef5fdfa612be494001234,673ef5fe9a1756fd0c001234
673ef5fd148d411aef001234,673ef5fec2aee86157001234
673ef5fd7d62a27502001234,673ef5fef7cade80b7001234
673ef5fdcabad3b9bc001234,673ef5fe9e3cfc48ec001234
673ef5fdacf666483b001234,673ef5fe9701a1c165001234
673ef5fd147540e129001234,673ef5fd13f9896df6001234
673ef5fdb052e2e0c0001234,673ef5fdbca82e41ee001234
673ef5fd7e889fb76e001234,673ef5fd077e29b11b001234
673ef5fd8cb94e7a96001234,673ef5fdd67d8ab4f4001234
673ef5fdf2b5e92f61001234,673ef5fe043c3d7e48001234
673ef5fda787f02ed3001234,673ef5fdd64a340bcb001234
673ef5fd27d8d40b22001234,673ef5feab541d874c001234
673ef5fd7716d0fc31001234,673ef5fd85422afb46001234
673ef5fd2bf7e9e8f3001234,673ef5feb51a15f382001234
673ef5fd8526e0962a001234,673ef5fd55b37c5c27001234
673ef5fd8e1ad79413001234,673ef5fe0188e8b8b0001234
673ef5fdd93591bdf7001234,673ef5fdd09bf41544001234
673ef5fdf569c3d708001234,673ef5fe6d9cb7de5e001234
673ef5fd903356ae8f001234,673ef5fe4476b929e3001234
673ef5fd0d5bd023a3001234,673ef5fdb056eb1587001234
673ef5fd40cccad2ac001234,673ef5fe1b0114c51c001234
673ef5fd61f3a6dbc9001234,673ef5feb069b34151001234
673ef5fdf291e10ec3001234,673ef5fe33ebd5b07d001234
673ef5fde02a35b156001234,673ef5fed736bb10d8001234
673ef5fd64b3ec1fdf001234,673ef5fd55b37c5c27001234
673ef5fd48a79bcf60001234,673ef5fe6aab127066001234
673ef5fd46d0671dd4001234,673ef5fdf033ab37c3001234
673ef5fd961b27cff1001234,673ef5fd091d584fce001234
673ef5fddb209d71df001234,673ef5fd045117b0e0001234
673ef5fd665d5cbb82001234,673ef5fd1ff8a7b5dc001234
673ef5fdf06ae085fe001234,673ef5fe7f53f8c6c7001234
673ef5fd789a283923001234,673ef5fe3546ab441e001234
673ef5fd8f04ac8ead001234,673ef5fe4daa3db355001234
673ef5fdd2e9dd9dcd001234,673ef5fec8c41c4a18001234
673ef5fd65f148c815001234,673ef5fe5055cbf43f001234
673ef5fd4bb948d5b2001234,673ef5fdf29c21d489001234
673ef5fd473803f0f2001234,673ef5fdf64eac11f2001234
673ef5fd086af6e464001234,673ef5fe9908279ebb001234
673ef5fd03593ce517001234,673ef5fd5c04925674001234
673ef5fdf016f25df0001234,673ef5fe96ea64f3a1001234
673ef5fd402b070250001234,673ef5fda02ffd91ec001234
673ef5fdbdbca288fe001234,673ef5fe7bccfde771001234
673ef5fd3d8e03e8b1001234,673ef5fde7b24b112a001234
673ef5fdbd470ca955001234,673ef5fde3796ae838001234
673ef5fdae87a54e18001234,673ef5fd50c3d76149001234
673ef5fd0307fec2ce001234,673ef5fe4e2545f819001234
673ef5fdc793b3be8f001234,673ef5fd82f2b308c3001234
673ef5fde243aa93e6001234,673ef5fd289dff0766001234
673ef5fd2bf5e202fc001234,673ef5fe4dcae38ee1001234
673ef5fd1da546f252001234,673ef5fd81448138f5001234
673ef5fd65a99bb7a3001234,673ef5fde1e32e235e001234
673ef5fdfc8fdb2950001234,673ef5fd6f3ef77ac0001234
673ef5fd12ced2db6f001234,673ef5fe0f2c9a93ee001234
673ef5fd1d8d70dddf001234,673ef5fde4a6222cdb001234
673ef5fd1f9b616fad001234,673ef5fd4734ba6f3d001234
673ef5fdce052ea95d001234,673ef5fe9e3cfc48ec001234
673ef5fd3bc3e78c17001234,673ef5fea5e0ff62be001234
673ef5fda1f0cf9451001234,673ef5feafe434653a001234
673ef5fd7f2be1b45d001234,673ef5fe70222949cc001234
673ef5fd51a472c08e001234,673ef5feb55ec28c52001234
673ef5fd580796a888001234,673ef5fe68d13cf26c001234
673ef5fd7230b2b03e001234,673ef5fd192fc044e7001234
673ef5fd6d4f95bf53001234,673ef5fd8c7bbbba95001234
673ef5fd1f88c7c5d7001234,673ef5fd8d7d8ee069001234
673ef5fdfd95ec8df5001234,673ef5fd45645a27c4001234
673ef5fd80c94c0945001234,673ef5fe4e0d67e54a001234
673ef5fd8ab8dff744001234,673ef5fe4da04049a0001234
673ef5fd70afbf2259001234,673ef5fe9c3b183051001234
673ef5fde9ed9cad56001234,673ef5fdaa942ab2bf001234
673ef5fd61bdf04952001234,673ef5fd577ef1154f001234
673ef5fd0b5e29aa1a001234,673ef5feb56a18e0ea001234
673ef5fd88c040adb3001234,673ef5fd75fc093c0e001234
673ef5fda3ab4ff8fa001234,673ef5fd816b112c61001234
673ef5fd0fd7e4f42a001234,673ef5feb55ec28c52001234
673ef5fd60dcc0d001001234,673ef5fd941e1aaaba001234
673ef5fdd03a857a23001234,673ef5fe3210ddbeaa001234
673ef5fd6c530aae76001234,673ef5fedb576a7d24001234
673ef5fdbf499a12e9001234,673ef5fed2ed45a52b001234
673ef5fdef0eff6088001234,673ef5fe208e43f0e4001234
673ef5fd46489c1789001234,673ef5fe8d3369c4c0001234
673ef5fd438124b4c0001234,673ef5fd4ea06fbc83001234
673ef5fdbdf3fd65c8001234,673ef5fe84f7e69969001234
