id_object,id_event
673ef5fdc81e728d9d001234,673ef5fde4da3b7fbb001234
673ef5fdc20ad4d76f001234,673ef5fda760880003001234
673ef5fd98f1370821001234,673ef5fdf2217062e9001234
673ef5fd093f65e080001234,673ef5fd6f4922f455001234
673ef5fd735b90b456001234,673ef5fd05049e90fa001234
673ef5fd7cbbc409ec001234,673ef5fdc399862d3b001234
673ef5fdd09bf41544001234,673ef5fdbbcbff5c1f001234
673ef5fd28dd2c7955001234,673ef5fde4da3b7fbb001234
673ef5fd28dd2c7955001234,673ef5fd357a6fdf76001234
673ef5fd2a38a4a931001234,673ef5fd00ec53c468001234
673ef5fd6974ce5ac6001234,673ef5fd0353ab4cbe001234
673ef5fd6974ce5ac6001234,673ef5fd05049e90fa001234
673ef5fd2723d092b6001234,673ef5fd812b4ba287001234
673ef5fd73278a4a86001234,673ef5fd69cb3ea317001234
673ef5fd202cb962ac001234,673ef5fdd82c8d1619001234
673ef5fd903ce9225f001234,673ef5fd1d7f7abc18001234
673ef5fd7ef605fc8d001234,673ef5fd3636638817001234
673ef5fd2a79ea27c2001234,673ef5fdab817c9349001234
673ef5fd0640966322001234,673ef5fd25ddc0f8c9001234
673ef5fd82aa4b0af3001234,673ef5fdddb30680a6001234
673ef5fd9766527f2b001234,673ef5fd6f4922f455001234
673ef5fd96da2f590c001234,673ef5fdff4d5fbbaf001234
673ef5fd9872ed9fc2001234,673ef5fd85422afb46001234
673ef5fd0e65972dce001234,673ef5fde7b24b112a001234
673ef5fd1534b76d32001234,673ef5fdf2fc990265001234
673ef5fd3b8a614226001234,673ef5fd7bcdf75ad2001234
673ef5fd3b8a614226001234,673ef5fd13f3cf8c53001234
673ef5fdbcbe3365e6001234,673ef5fdba2fd310dc001234
673ef5fdbcbe3365e6001234,673ef5fd3ad7c2ebb9001234
673ef5fd13fe9d8431001234,673ef5fdf387624df5001234
673ef5fd6da9003b74001234,673ef5fd2bb232c0b1001234
673ef5fdbe83ab3ecd001234,673ef5fd42998cf32d001234
673ef5fde165421110001234,673ef5fd63dc7ed101001234
673ef5fdcb70ab3756001234,673ef5fd2a38a4a931001234
673ef5fd9188905e74001234,673ef5fda9a6653e48001234
673ef5fd38db3aed92001234,673ef5fdcb70ab3756001234
673ef5fdc52f1bd66c001234,673ef5fde8c0653fea001234
673ef5fdcfa0860e83001234,673ef5fdbbcbff5c1f001234
673ef5fdf7664060cc001234,673ef5fd9f61408e3a001234
673ef5fd7f100b7b36001234,673ef5fd69adc1e107001234
673ef5fd7a614fd06c001234,673ef5fda3f390d88e001234
