id_person,id_object
673ef5fbc51ce410c1001234,673ef5fdd9fc5b73a8001234
673ef5fb98f1370821001234,673ef5fd670e8a43b2001234
673ef5fb4e732ced34001234,673ef5fd2050e03ca1001234
673ef5fbc16a5320fa001234,673ef5fd5487315b12001234
673ef5fba684eceee7001234,673ef5fdede7e2b6d1001234
673ef5fb66f041e16a001234,673ef5fd9246444d94001234
673ef5fb3295c76acb001234,673ef5fd7e7757b1e1001234
673ef5fb7cbbc409ec001234,673ef5fdcee631121c001234
673ef5fb32bb90e897001234,673ef5fd8613985ec4001234
673ef5fb92cc227532001234,673ef5fd8d317bdcf4001234
673ef5fb73278a4a86001234,673ef5fd55a7cf9c71001234
673ef5fbc45147dee7001234,673ef5fd7cce53cf90001234
673ef5fb3636638817001234,673ef5fd077e29b11b001234
673ef5fb1ff8a7b5dc001234,673ef5fd250cf8b51c001234
673ef5fbcedebb6e87001234,673ef5fd6ea9ab1baa001234
673ef5fb6cdd60ea00001234,673ef5fd3def184ad8001234
673ef5fb9cfdf10e8f001234,673ef5fd6e7b33fdea001234
673ef5fb705f217283001234,673ef5fde6b4b2a746001234
673ef5fb621bf66ddb001234,673ef5fdcdc0d6e63a001234
673ef5fbc24cd76e1c001234,673ef5fd428fca9bc1001234
673ef5fb8f121ce07d001234,673ef5fd3df1d4b96d001234
673ef5fb06138bc5af001234,673ef5fd8757150dec001234
673ef5fb6855456e2f001234,673ef5fd4a08142c38001234
673ef5fbb3967a0e93001234,673ef5fd390e982518001234
673ef5fbbeed13602b001234,673ef5fd2d6cc4b2d1001234
673ef5fb70c639df5e001234,673ef5fd950a4152c2001234
673ef5fb816b112c61001234,673ef5fd456ac9b0d1001234
673ef5fb75fc093c0e001234,673ef5fdc410003ef1001234
673ef5fbc203d8a151001234,673ef5fd00ac8ed3b4001234
673ef5fb9431c87f27001234,673ef5fd2ba596643c001234
673ef5fb26337353b7001234,673ef5fd24146db4eb001234
673ef5fb559cb990c9001234,673ef5fd1c1d4df596001234
673ef5fb55a7cf9c71001234,673ef5fd0ff8033cf9001234
673ef5fb7dcd340d84001234,673ef5fddf7f28ac89001234
673ef5fb97e8527fea001234,673ef5fd2723d092b6001234
673ef5fbed265bc903001234,673ef5fdb8c37e33de001234
673ef5fb11b921ef08001234,673ef5fdbeb22fb694001234
673ef5fba7aeed7471001234,673ef5fdd6ef5f7fa9001234
673ef5fba8849b0524001234,673ef5fd24b16fede9001234
673ef5fba8849b0524001234,673ef5fdb2f627fff1001234
673ef5fb3435c378bb001234,673ef5fd65b9eea6e1001234
673ef5fb996a7fa078001234,673ef5fd8c7bbbba95001234
673ef5fbcdc0d6e63a001234,673ef5fdc9892a9891001234
673ef5fb85fc37b18c001234,673ef5fd0353ab4cbe001234
673ef5fb48ab2f9b45001234,673ef5fdae0eb3eed3001234
673ef5fb051e4e127b001234,673ef5fdaba3b6fd5d001234
673ef5fb192fc044e7001234,673ef5fdac627ab1cc001234
673ef5fb788d986905001234,673ef5fd3435c378bb001234
673ef5fbc8ed21db4f001234,673ef5fdb1a59b315f001234
673ef5fb08419be897001234,673ef5fd8b5040a8a5001234
673ef5fb2e65f2f2fd001234,673ef5fd76dc611d6e001234
673ef5fbeefc9e10eb001234,673ef5fd57aeee35c9001234
673ef5fb9e3cfc48ec001234,673ef5fdc8c41c4a18001234
673ef5fb670e8a43b2001234,673ef5fd8bf1211fd4001234
673ef5fbfa3a3c407f001234,673ef5fddb2b418215001234
673ef5fb847cc55b70001234,673ef5fd68d30a9594001234
673ef5fbdd8eb9f23f001234,673ef5fd4b6538a44a001234
673ef5fb0efe32849d001234,673ef5fd37bc2f75bf001234
673ef5fb061412e4a0001234,673ef5fde0ec453e28001234
673ef5fb7634ea65a4001234,673ef5fd6cdd60ea00001234
673ef5fb0d0871f080001234,673ef5fda3d68b461b001234
673ef5fb1cc3633c57001234,673ef5fd2823f47971001234
673ef5fb74bba22728001234,673ef5fd069d3bb002001234
673ef5fb74bba22728001234,673ef5fd3a835d3215001234
673ef5fb9232fe8122001234,673ef5fd6b180037ab001234
673ef5fbeeb69a3cb9001234,673ef5fd0ff39bbbf9001234
673ef5fbd7322ed717001234,673ef5fd89fcd07f20001234
673ef5fb08fe2621d8001234,673ef5fd6c29793a14001234
673ef5fbce5140df15001234,673ef5fda532400ed6001234
673ef5fba34bacf839001234,673ef5fdce5140df15001234
673ef5fba0e2a2c563001234,673ef5fd959a557f5f001234
673ef5fb456ac9b0d1001234,673ef5fd432aca3a1e001234
673ef5fbf4dd765c12001234,673ef5fd74db120f0a001234
673ef5fb7fec306d1e001234,673ef5fdb7bb35b9c6001234
673ef5fb53adaf494d001234,673ef5fdfc3cf452d3001234
673ef5fbffeed84c7c001234,673ef5fd912d2b1c7b001234
673ef5fb3fe78a8acf001234,673ef5fdacc3e04046001234
673ef5fbf47330643a001234,673ef5fd182be0c5cd001234
673ef5fbc54e7837e0001234,673ef5fddc6a70712a001234
673ef5fb7e7e69ea33001234,673ef5fdaa169b49b5001234
673ef5fb1d72310edc001234,673ef5fdbf8229696f001234
673ef5fb3a029f04d7001234,673ef5fdccb0989662001234
673ef5fb3bf55bbad3001234,673ef5fd7eacb53257001234
673ef5fbf4573fc71c001234,673ef5fda5bfc9e079001234
673ef5fb535ab76633001234,673ef5fd9cfdf10e8f001234
673ef5fb7bb060764a001234,673ef5fdf5f8590cd5001234
673ef5fbf09696910b001234,673ef5fd320722549d001234
673ef5fbe48e132073001234,673ef5fd8f85517967001234
673ef5fb4f87658ef0001234,673ef5fdf718499c1c001234
673ef5fb792c7b5aae001234,673ef5fd1651cf0d2f001234
673ef5fbf0dd4a99fb001234,673ef5fd3d8e28caf9001234
673ef5fb54072f485c001234,673ef5fd9b04d15284001234
673ef5fb54072f485c001234,673ef5fd3493894fa4001234
673ef5fb59f51fd693001234,673ef5fd43ec517d68001234
673ef5fb23ad3e314e001234,673ef5fd58d4d1e7b1001234
673ef5fb991de292e7001234,673ef5fd83fa5a432a001234
673ef5fbdaa96d9681001234,673ef5fd75fc093c0e001234
673ef5fb55c567fd43001234,673ef5fdd64a340bcb001234
673ef5fb83f2550373001234,673ef5fddc82d632c9001234
673ef5fbdb1915052d001234,673ef5fd7bcdf75ad2001234
673ef5fbd63fbf8c31001234,673ef5fd5ea1649a31001234
673ef5fb819c9fbfb0001234,673ef5fd2b8a61594b001234
673ef5fb92af93f73f001234,673ef5fd45645a27c4001234
673ef5fbf3173935ed001234,673ef5fdf3f27a3247001234
673ef5fc97d0145823001234,673ef5fdda4fb5c6e9001234
673ef5fc6dd4e10e32001234,673ef5fdbc6dc48b74001234
673ef5fc9d2682367c001234,673ef5fdc399862d3b001234
673ef5fca0f3601dc6001234,673ef5fd58e4d44e55001234
673ef5fc1ef91c212e001234,673ef5fdcbb6a3b884001234
673ef5fc5cf21ce302001234,673ef5fd1f50893f80001234
673ef5fc9fe97fff97001234,673ef5fdcb70ab3756001234
673ef5fc01e00f2f4b001234,673ef5fd7b13b22030001234
673ef5fc798ed7d4ee001234,673ef5fdce78d1da25001234
673ef5fc0efbe98067001234,673ef5fdacf4b89d3d001234
673ef5fc8b5700012b001234,673ef5fdbbf94b34eb001234
673ef5fc7137debd45001234,673ef5fda9b7ba7078001234
673ef5fcfc9b003bb0001234,673ef5fdd1fe173d08001234
673ef5fcfc9b003bb0001234,673ef5fd43baa6762f001234
673ef5fc17ed8abedc001234,673ef5fd4607263158001234
673ef5fcb865367fc4001234,673ef5fda4f23670e1001234
673ef5fc90599c8fdd001234,673ef5fdfe131d7f5a001234
673ef5fc645098b086001234,673ef5fd819f46e52c001234
673ef5fc61b1fb3f59001234,673ef5fdabd815286b001234
673ef5fc9a1de01f89001234,673ef5fd7250eb93b3001234
673ef5fc85f007f8c5001234,673ef5fde7f8a7fb0b001234
673ef5fc537de305e9001234,673ef5fd6c9882bbac001234
673ef5fc09fb05dd47001234,673ef5fdb2eb734903001234
673ef5fc69d1fc78db001234,673ef5fd9a1158154d001234
673ef5fc69d1fc78db001234,673ef5fd4e0928de07001234
673ef5fc19de10adba001234,673ef5fd9ad6aaed51001234
673ef5fc6814859610001234,673ef5fd9b70e8fe62001234
673ef5fc865dfbde8a001234,673ef5fd13f320e7b5001234
673ef5fc5bce843dd7001234,673ef5fd045117b0e0001234
673ef5fc95e6834d0a001234,673ef5fddbe272bab6001234
673ef5fc95e6834d0a001234,673ef5fd10a5ab2db3001234
673ef5fcd0fb963ff9001234,673ef5fdc3c59e5f8b001234
673ef5fcef8446f355001234,673ef5fdb0b183c207001234
673ef5fcd7a84628c0001234,673ef5fd16a5cdae36001234
673ef5fc65d2ea0342001234,673ef5fd140f6969d5001234
673ef5fc07811dc6c4001234,673ef5fd872488f88d001234
673ef5fc88ef51f0bf001234,673ef5fd3328bdf9a4001234
673ef5fc71e09b16e2001234,673ef5fd8f53295a73001234
673ef5fca501bebf79001234,673ef5fd02522a2b27001234
673ef5fcb5f1e8fb36001234,673ef5fde0c641195b001234
673ef5fc814a9c18f5001234,673ef5fda02ffd91ec001234
673ef5fc26f5bd4aa6001234,673ef5fd2291d2ec3b001234
673ef5fca03fa30821001234,673ef5fd96b9bff013001234
673ef5fc24f0d2c904001234,673ef5fd6a10bbd480001234
673ef5fc9185f3ec50001234,673ef5fd31fefc0e57001234
673ef5fc3937230de3001234,673ef5fdd395771085001234
673ef5fc3b92d18aa7001234,673ef5fdd96409bf89001234
673ef5fcc902b497eb001234,673ef5fd2ab56412b1001234
673ef5fc697e382cfd001234,673ef5fd598b3e71ec001234
673ef5fc88a839f2f6001234,673ef5fd1cc3633c57001234
673ef5fcf12ee9734e001234,673ef5fd4ffce04d92001234
673ef5fcd2a27e83d4001234,673ef5fdc7e1249ffc001234
673ef5fc4ae67a7dd7001234,673ef5fd818f4654ed001234
673ef5fcb0b79da57b001234,673ef5fdcf004fdc76001234
673ef5fcdf1f1d20ee001234,673ef5fda5e0013237001234
673ef5fc04ad563202001234,673ef5fd10a7cdd970001234
673ef5fc04ad563202001234,673ef5fd4a47d2983c001234
673ef5fcfe40fb944e001234,673ef5fd46ba9f2a69001234
673ef5fc716e1b8c6c001234,673ef5fdf47d0ad31c001234
673ef5fca3eb043e7b001234,673ef5fd5f0f5e5f33001234
673ef5fc70fcb77e63001234,673ef5fdfed33392d3001234
673ef5fc5052597562001234,673ef5fd53adaf494d001234
673ef5fc0a65e195cb001234,673ef5fd81e74d6785001234
673ef5fc6ee69d3769001234,673ef5fd6bc24fc1ab001234
673ef5fcda4902cb0b001234,673ef5fd522a9ae9a9001234
673ef5fc7b66b4fd40001234,673ef5fd5ef698cd9f001234
673ef5fc1a68e5f4ad001234,673ef5fd73278a4a86001234
673ef5fcaf5d5ef248001234,673ef5fd32b30a250a001234
673ef5fc1f34004ebc001234,673ef5fd555d6702c9001234
673ef5fc1f34004ebc001234,673ef5fd4734ba6f3d001234
673ef5fc347665597c001234,673ef5fd7cbbc409ec001234
673ef5fcf8b932c70d001234,673ef5fdb59c67bf19001234
673ef5fca6d259bfbf001234,673ef5fd1c9ac0159c001234
673ef5fc60519c3dd2001234,673ef5fd31839b036f001234
673ef5fc8f125da0b3001234,673ef5fd0a113ef6b6001234
673ef5fc7493454825001234,673ef5fd26337353b7001234
673ef5fcef0917ea49001234,673ef5fd18997733ec001234
673ef5fc339a18def9001234,673ef5fd757b505cfd001234
673ef5fccc70903297001234,673ef5fd93db85ed90001234
673ef5fc06c284d3f7001234,673ef5fdd09bf41544001234
673ef5fc9a5748a2fb001234,673ef5fddb8e1af0cb001234
673ef5fc7edccc6614001234,673ef5fdaace49c7d8001234
673ef5fce97c864e8a001234,673ef5fda34bacf839001234
673ef5fc110eec2320001234,673ef5fdf7e9050c92001234
673ef5fc0415740eaa001234,673ef5fd559cb990c9001234
673ef5fc65fc9fb489001234,673ef5fd556f391937001234
673ef5fcbbeb0c1b1f001234,673ef5fd19f3cd308f001234
673ef5fc35c5a2cb36001234,673ef5fd35051070e5001234
673ef5fcb130029169001234,673ef5fd3c7781a36b001234
673ef5fcec0bfd000f001234,673ef5fde57c6b956a001234
673ef5fcade55409d1001234,673ef5fd42a0e188f5001234
673ef5fc42a6845a55001234,673ef5fd2387337ba1001234
673ef5fcec8b57b0be001234,673ef5fd577bcc914f001234
673ef5fc25ef0d887b001234,673ef5fd9461cce28e001234
673ef5fcc7558e9d1f001234,673ef5fd062ddb6c72001234
673ef5fcc429429bf1001234,673ef5fd55743cc039001234
673ef5fc892c3b1c6d001234,673ef5fde17184bcb7001234
673ef5fcbc4e356fee001234,673ef5fd758874998f001234
673ef5fc02180771a9001234,673ef5fda8baa56554001234
673ef5fc4664736508001234,673ef5fda733fa9b25001234
673ef5fcaa6b7ad9d6001234,673ef5fd8a1e808b55001234
673ef5fc769675d7c1001234,673ef5fd67f7fb873e001234
673ef5fcae1d2c2d95001234,673ef5fd30bb3825e8001234
673ef5fca36e841c52001234,673ef5fd66808e327d001234
673ef5fcc02f9de3c2001234,673ef5fd61b4a64be6001234
673ef5fc9a96a2c73c001234,673ef5fd53c04118df001234
673ef5fca74c3bae3e001234,673ef5fd8b40665547001234
673ef5fc8a56257ea0001234,673ef5fd4f6ffe13a5001234
673ef5fcef72d53990001234,673ef5fd2838023a77001234
673ef5fc4aa0e93b91001234,673ef5fdef575e8837001234
673ef5fcc8cd63e1bf001234,673ef5fd9b72e31dac001234
673ef5fc639d79cc85001234,673ef5fd9188905e74001234
673ef5fc3b5020bb89001234,673ef5fdcfcd208495001234
673ef5fc62f91ce9b8001234,673ef5fd093f65e080001234
673ef5fcf0031c7a91001234,673ef5fdca75910166001234
673ef5fc32b3ee0272001234,673ef5fd66368270ff001234
673ef5fcce393994e8001234,673ef5fdf8c1f23d6a001234
673ef5fcf4aa0dd960001234,673ef5fd061412e4a0001234
673ef5fc7f01c93976001234,673ef5fd94c7bb58ef001234
673ef5fc640258597c001234,673ef5fd28267ab848001234
673ef5fcdf83971673001234,673ef5fda97da629b0001234
673ef5fc528aecdf9c001234,673ef5fd006f52e910001234
673ef5fc0e1ebad68a001234,673ef5fdd840cc5d90001234
673ef5fca4d92e2cd5001234,673ef5fd4e0cb6fb5f001234
673ef5fc3f7bcd0b3e001234,673ef5fd2f55707d41001234
673ef5fcc819904dde001234,673ef5fd9cf81d8026001234
673ef5fc7a430339c1001234,673ef5fd64223ccf70001234
673ef5fcc4b43ae017001234,673ef5fd2dace78f80001234
673ef5fc62dad6e273001234,673ef5fd9f61408e3a001234
673ef5fcac8cd1808d001234,673ef5fd6d70cb65d1001234
673ef5fc59a3adea76001234,673ef5fde2ef524fbf001234
673ef5fc21c5bba1dd001234,673ef5fd3ef815416f001234
673ef5fc6c349155b1001234,673ef5fd7f24d24052001234
