id,id_object,id_person
0,67387e97c4ca4238a0001234,67387e9784ddfb3412001234
1,67387e9745c48cce2e001234,67387e967d04bbbe54001234
2,67387e976512bd43d9001234,67387e96f76a89f0cb001234
3,67387e97c51ce410c1001234,67387e969b70e8fe62001234
4,67387e97aab3238922001234,67387e974921f95baf001234
5,67387e979bf31c7ff0001234,67387e979c19a2aa1d001234
6,67387e9770efdf2ec9001234,67387e97970af30e48001234
7,67387e976f4922f455001234,67387e9771e09b16e2001234
8,67387e971f0e3dad99001234,67387e969de6d14fff001234
9,67387e973c59dc048e001234,67387e97f60bb6bb4c001234
10,67387e97b6d767d2f8001234,67387e97e325107555001234
11,67387e9737693cfc74001234,67387e96df7f28ac89001234
12,67387e971ff1de7740001234,67387e97b8c37e33de001234
13,67387e9702e74f10e0001234,67387e975b6ba13f79001234
14,67387e976ea9ab1baa001234,67387e971fc214004c001234
15,67387e97182be0c5cd001234,67387e97e8fd4a8a5b001234
16,67387e97e369853df7001234,67387e966ea2ef7311001234
17,67387e97a5bfc9e079001234,67387e97bd5af7cd92001234
18,67387e97d67d8ab4f4001234,67387e96b0b183c207001234
19,67387e97d645920e39001234,67387e9708f90c1a41001234
20,67387e97a1d0c6e83f001234,67387e9615d4e891d7001234
21,67387e9717e62166fc001234,67387e97168908dd32001234
22,67387e97f7177163c8001234,67387e97a1d7311f2a001234
23,67387e976c8349cc72001234,67387e976e79ed05ba001234
24,67387e972838023a77001234,67387e9753c04118df001234
25,67387e979a1158154d001234,67387e97ef50c335cc001234
26,67387e97a684eceee7001234,67387e9698f1370821001234
27,67387e97b53b3a3d6a001234,67387e96ef575e8837001234
28,67387e979f61408e3a001234,67387e96248e844336001234
29,67387e9766f041e16a001234,67387e96013d407166001234
30,67387e97093f65e080001234,67387e974671aeaf49001234
31,67387e977f39f8317f001234,67387e96e5f6ad6ce3001234
32,67387e9703afdbd66e001234,67387e97cdf1e288ca001234
33,67387e973295c76acb001234,67387e9642e77b6363001234
34,67387e9714bfa6bb14001234,67387e971896a3bf73001234
35,67387e97e2c420d928001234,67387e97db6ebd0566001234
36,67387e97ad61ab1432001234,67387e97757f843a16001234
37,67387e97d09bf41544001234,67387e96e074133548001234
38,67387e97f033ab37c3001234,67387e97a424ed4bd3001234
39,67387e9743ec517d68001234,67387e9632b30a250a001234
40,67387e979778d5d219001234,67387e97b5a1fc2085001234
41,67387e97fe9fc289c3001234,67387e96019d385eb6001234
42,67387e9793db85ed90001234,67387e96a4f23670e1001234
43,67387e972a38a4a931001234,67387e96a666587afd001234
44,67387e977647966b73001234,67387e9696b9bff013001234
45,67387e9754229abfcf001234,67387e97df0aab058c001234
46,67387e9798dce83da5001234,67387e97e515df0d20001234
47,67387e97f4b9ec30ad001234,67387e9688ae6372cf001234
48,67387e97812b4ba287001234,67387e978bb88f80d3001234
49,67387e9726657d5ff9001234,67387e97fddd7938a7001234
50,67387e97e2ef524fbf001234,67387e96c75b6f114c001234
51,67387e97ed3d2c2199001234,67387e972952351097001234
52,67387e97f899139df5001234,67387e96c7e1249ffc001234
53,67387e9738b3eff8ba001234,67387e977810ccd41b001234
54,67387e97c9e1074f5b001234,67387e97b8c27b7a1c001234
55,67387e97f0935e4cd5001234,67387e97f197002b9a001234
56,67387e97a3c65c2974001234,67387e96550a141f12001234
57,67387e97698d51a19d001234,67387e97c850371fda001234
58,67387e977f6ffaa6bb001234,67387e9646ba9f2a69001234
59,67387e9773278a4a86001234,67387e96093f65e080001234
60,67387e97c45147dee7001234,67387e977503cfacd1001234
61,67387e9707e1cd7dca001234,67387e97aace49c7d8001234
62,67387e97da4fb5c6e9001234,67387e96f61d694746001234
63,67387e974c56ff4ce4001234,67387e977a674153c6001234
64,67387e97a0a080f42e001234,67387e967250eb93b3001234
65,67387e973def184ad8001234,67387e974ca82782c5001234
66,67387e97069059b7ef001234,67387e97806beafe15001234
67,67387e97ec5decca5e001234,67387e9744968aece9001234
68,67387e9776dc611d6e001234,67387e979aa42b3188001234
69,67387e979b8619251a001234,67387e9742d6c7d614001234
70,67387e97013d407166001234,67387e97359f38463d001234
71,67387e970f28b5d49b001234,67387e96621bf66ddb001234
72,67387e97a8baa56554001234,67387e96e94550c93c001234
73,67387e972b24d49505001234,67387e9671ad16ad2c001234
74,67387e97a5e0013237001234,67387e965737c6ec2e001234
75,67387e97f2217062e9001234,67387e96735b90b456001234
76,67387e977ef605fc8d001234,67387e9744a2e08049001234
77,67387e97a8f15eda80001234,67387e960d0fd7c6e0001234
78,67387e9737a749d808001234,67387e968fecb20817001234
79,67387e971d7f7abc18001234,67387e9603c6b06952001234
80,67387e971c9ac0159c001234,67387e97b147a61c1d001234
81,67387e976c4b761a28001234,67387e96bcbe3365e6001234
82,67387e97140f6969d5001234,67387e96db85e2590b001234
83,67387e97b73ce398c3001234,67387e9663538fe6ef001234
84,67387e9782aa4b0af3001234,67387e9756352739f5001234
85,67387e970777d5c17d001234,67387e97a40511cad8001234
86,67387e979766527f2b001234,67387e960aa1883c64001234
87,67387e97006f52e910001234,67387e978d55a249e6001234
88,67387e97149e9677a5001234,67387e979f44e956e3001234
89,67387e97a4a042cf4f001234,67387e97f3f1b7fc5a001234
90,67387e971ff8a7b5dc001234,67387e96cb70ab3756001234
91,67387e97f7e6c85504001234,67387e970d0871f080001234
92,67387e97bf8229696f001234,67387e96ccb0989662001234
93,67387e978f85517967001234,67387e962f2b265625001234
94,67387e979872ed9fc2001234,67387e978c3039bd58001234
95,67387e979dcb88e013001234,67387e96d1f491a404001234
96,67387e97a2557a7b2e001234,67387e969b04d15284001234
97,67387e970aa1883c64001234,67387e96c3c59e5f8b001234
98,67387e97a597e50502001234,67387e97f93882cbd8001234
99,67387e970336dcbab0001234,67387e96f9028faec7001234
100,67387e9784d9ee44e4001234,67387e96f29c21d489001234
101,67387e97854d6fae5e001234,67387e966883966fd8001234
102,67387e97e2c0be2456001234,67387e971e48c4420b001234
103,67387e97eae27d77ca001234,67387e975e1b18c4c6001234
104,67387e9769adc1e107001234,67387e97b3b4d2dbed001234
105,67387e976f3ef77ac0001234,67387e97995665640d001234
106,67387e971534b76d32001234,67387e97f31b20466a001234
107,67387e97979d472a84001234,67387e97cefab442b1001234
108,67387e9745fbc6d3e0001234,67387e965f93f98352001234
109,67387e97e96ed478da001234,67387e976602294be9001234
110,67387e97c0e190d826001234,67387e97ced556cd9f001234
111,67387e97ec8ce6abb3001234,67387e96c0f168ce89001234
112,67387e97060ad92489001234,67387e961c383cd30b001234
113,67387e9713fe9d8431001234,67387e97253f7b5d92001234
114,67387e97d1c38a09ac001234,67387e973fb451ca2e001234
115,67387e97705f217283001234,67387e972ba596643c001234
116,67387e976da9003b74001234,67387e972bd7f907b7001234
117,67387e97e165421110001234,67387e97f3bd5ad57c001234
118,67387e97289dff0766001234,67387e963a066bda8c001234
119,67387e97577ef1154f001234,67387e96677e09724f001234
120,67387e97539fd53b59001234,67387e9685d8ce590a001234
121,67387e97555d6702c9001234,67387e963def184ad8001234
122,67387e97cb70ab3756001234,67387e9604ecb1fa28001234
123,67387e979188905e74001234,67387e96f899139df5001234
124,67387e97621bf66ddb001234,67387e96a8e864d04c001234
125,67387e97077e29b11b001234,67387e9778b9cab199001234
126,67387e976c9882bbac001234,67387e972b3bf3eee2001234
127,67387e9719f3cd308f001234,67387e964ffce04d92001234
128,67387e97c24cd76e1c001234,67387e97d736bb10d8001234
129,67387e97fe131d7f5a001234,67387e96ef575e8837001234
130,67387e97d96409bf89001234,67387e9788a839f2f6001234
131,67387e97502e4a1693001234,67387e97dfa92d8f81001234
132,67387e97cfa0860e83001234,67387e97c0d0e461de001234
133,67387e97a4f23670e1001234,67387e970e55666a4a001234
134,67387e9736660e5985001234,67387e97d757719ed7001234
135,67387e978c19f571e2001234,67387e97995665640d001234
136,67387e97e56954b4f6001234,67387e97fe51510c80001234
137,67387e97f7664060cc001234,67387e9673278a4a86001234
138,67387e978f121ce07d001234,67387e97d1a69640d5001234
139,67387e977f100b7b36001234,67387e9696b9bff013001234
140,67387e977a614fd06c001234,67387e973546ab441e001234
141,67387e97d947bf06a8001234,67387e97b2531e7bb2001234
142,67387e97db8e1af0cb001234,67387e974ba29b9f9e001234
143,67387e9720f07591c6001234,67387e96bd4c9ab730001234
144,67387e9707cdfd2337001234,67387e97a8f8f60264001234
145,67387e9746ba9f2a69001234,67387e9681448138f5001234
146,67387e9716a5cdae36001234,67387e97af5afd7f7c001234
147,67387e97918317b579001234,67387e97ced556cd9f001234
148,67387e97839ab46820001234,67387e975103c3584b001234
149,67387e97f90f2aca5c001234,67387e97acf4b89d3d001234
150,67387e971700002963001234,67387e96a2557a7b2e001234
151,67387e9753c3bce66e001234,67387e96cdc0d6e63a001234
152,67387e976883966fd8001234,67387e96c042f4db68001234
153,67387e9749182f81e6001234,67387e968c7bbbba95001234
154,67387e979fd81843ad001234,67387e961ff8a7b5dc001234
155,67387e9711b9842e0a001234,67387e97c6bff625bd001234
156,67387e97496e05e1ae001234,67387e97f7cade80b7001234
157,67387e97a8c88a0055001234,67387e9638913e1d6a001234
158,67387e97950a4152c2001234,67387e97e2ad76f232001234
159,67387e97158f3069a4001234,67387e9741e7637e7b001234
160,67387e973fe94a0023001234,67387e976e7d2da6d3001234
161,67387e975b8add2a5d001234,67387e97e4dd5528f7001234
162,67387e978d3bba7425001234,67387e9764f1f27bf1001234
163,67387e97caf1a3dfb5001234,67387e97d8700cbd38001234
164,67387e97f2fc990265001234,67387e96335f535208001234
165,67387e97b83aac23b9001234,67387e972451041557001234
166,67387e97fe73f687e5001234,67387e9645fbc6d3e0001234
167,67387e976da37dd313001234,67387e960640966322001234
168,67387e97310dcbbf4c001234,67387e96941e1aaaba001234
169,67387e976855456e2f001234,67387e968d317bdcf4001234
170,67387e97357a6fdf76001234,67387e966f2268bd1d001234
171,67387e97819f46e52c001234,67387e9796a93ba89a001234
172,67387e9704025959b1001234,67387e971b0114c51c001234
173,67387e973dd48ab31d001234,67387e97d759175de8001234
174,67387e9701386bd6d8001234,67387e977c4ede33a6001234
175,67387e979de6d14fff001234,67387e97dc87c13749001234
176,67387e97fb7b9ffa54001234,67387e96d96409bf89001234
177,67387e97aa942ab2bf001234,67387e977c9d0b1f96001234
178,67387e97e7b24b112a001234,67387e97a016070970001234
179,67387e9752720e0035001234,67387e97944626adf9001234
180,67387e9700411460f7001234,67387e96577bcc914f001234
181,67387e975ef698cd9f001234,67387e9653c3bce66e001234
182,67387e97cf004fdc76001234,67387e9611b921ef08001234
183,67387e970c74b7f784001234,67387e9771560ce98c001234
184,67387e97ffd52f3c7e001234,67387e9783fa5a432a001234
185,67387e97f61d694746001234,67387e977eb7eabbe9001234
186,67387e97142949df56001234,67387e9711d0e62872001234
187,67387e978bf1211fd4001234,67387e97dd055f53a4001234
188,67387e97bca82e41ee001234,67387e96d07e70efcf001234
189,67387e970584ce565c001234,67387e97bcb41ccdc4001234
190,67387e97dc912a253d001234,67387e96e2ef524fbf001234
191,67387e978efb100a29001234,67387e974dcae38ee1001234
192,67387e97c86a7ee3d8001234,67387e9637693cfc74001234
193,67387e97a01a0380ca001234,67387e9624b16fede9001234
194,67387e97f73b76ce89001234,67387e9755c567fd43001234
195,67387e971543843a47001234,67387e97a1d7311f2a001234
196,67387e97f8c1f23d6a001234,67387e979701a1c165001234
197,67387e97e46de7e1bc001234,67387e96846c260d71001234
198,67387e97816b112c61001234,67387e96996a7fa078001234
199,67387e9769cb3ea317001234,67387e975103c3584b001234
200,67387e97bbf94b34eb001234,67387e963ef815416f001234
201,67387e974f4adcbf8c001234,67387e96fe131d7f5a001234
202,67387e97bbcbff5c1f001234,67387e974f87658ef0001234
203,67387e97f4f6dce2f3001234,67387e9704df4d434d001234
204,67387e970d0fd7c6e0001234,67387e97c7af0926b2001234
205,67387e971068c6e4c8001234,67387e9648aedb8880001234
206,67387e9717d63b1625001234,67387e97b495ce63ed001234
207,67387e97b9228e0962001234,67387e96a1d33d0dfe001234
208,67387e9766808e327d001234,67387e968d7d8ee069001234
209,67387e9741ae36ecb9001234,67387e96ad972f10e0001234
210,67387e977eacb53257001234,67387e967f1de29e6d001234
211,67387e97b6f0479ae8001234,67387e96ad972f10e0001234
212,67387e97e0c641195b001234,67387e9611b921ef08001234
213,67387e97f85454e827001234,67387e96f5f8590cd5001234
214,67387e97faa9afea49001234,67387e96301ad0e3bd001234
215,67387e973c7781a36b001234,67387e96e5f6ad6ce3001234
216,67387e978d7d8ee069001234,67387e965b69b9cb83001234
217,67387e97f74909ace6001234,67387e967143d7fbad001234
218,67387e97019d385eb6001234,67387e96d82c8d1619001234
219,67387e97a49e9411d6001234,67387e974462bf0ddb001234
220,67387e97ddb30680a6001234,67387e972a084e55c8001234
221,67387e971651cf0d2f001234,67387e96b7ee6f5f9a001234
222,67387e97eed5af6add001234,67387e97351b33587c001234
223,67387e9715d4e891d7001234,67387e96caf1a3dfb5001234
224,67387e97c203d8a151001234,67387e961700002963001234
225,67387e97550a141f12001234,67387e968c6744c9d4001234
226,67387e971a5b1e4daa001234,67387e96ebd9629fc3001234
227,67387e979b70e8fe62001234,67387e96310dcbbf4c001234
228,67387e97d61e4bbd63001234,67387e975d6646aad9001234
229,67387e979431c87f27001234,67387e9745f31d16b1001234
230,67387e97e44fea3bec001234,67387e97309fee4e54001234
231,67387e97250cf8b51c001234,67387e97d8330f857a001234
232,67387e9742998cf32d001234,67387e96a86c450b76001234
233,67387e97d07e70efcf001234,67387e96b9228e0962001234
234,67387e970353ab4cbe001234,67387e97cbef463210001234
235,67387e97f1b6f2857f001234,67387e97b3b43aeeac001234
236,67387e9768ce199ec2001234,67387e97d759175de8001234
237,67387e97e836d813fd001234,67387e96f2201f5191001234
238,67387e9726337353b7001234,67387e971e056d2b0e001234
239,67387e978e6b42f164001234,67387e96698d51a19d001234
240,67387e97ef575e8837001234,67387e963ad7c2ebb9001234
241,67387e9725ddc0f8c9001234,67387e97ed4227734e001234
242,67387e97598b3e71ec001234,67387e971e913e1b06001234
243,67387e976ea2ef7311001234,67387e96b2f627fff1001234
244,67387e97e1e32e235e001234,67387e96c3992e9a68001234
245,67387e97218a0aefd1001234,67387e969cfdf10e8f001234
246,67387e977d04bbbe54001234,67387e96ed265bc903001234
247,67387e971be3bc32e6001234,67387e96f9028faec7001234
248,67387e97b534ba6823001234,67387e97ddd9dda6bf001234
249,67387e9705f971b5ec001234,67387e970ae3f79a30001234
250,67387e973cf166c6b7001234,67387e96a4a042cf4f001234
251,67387e97b5b41fac03001234,67387e967750ca3559001234
252,67387e97285e19f20b001234,67387e97dfce06801e001234
253,67387e97e8c0653fea001234,67387e97c215b446bc001234
254,67387e97389bc7bb1e001234,67387e96f387624df5001234
255,67387e97e2230b8535001234,67387e9626dd0dbc6e001234
256,67387e9710a7cdd970001234,67387e9685422afb46001234
257,67387e973dc4876f3f001234,67387e96ccb0989662001234
258,67387e9738913e1d6a001234,67387e979d7311ba45001234
259,67387e97cf67355a33001234,67387e9684f7e69969001234
260,67387e9753fde96fcc001234,67387e97a869ccbcbd001234
261,67387e9769421f0324001234,67387e977d771e0e8f001234
262,67387e9713f320e7b5001234,67387e96846c260d71001234
263,67387e97f4be00279e001234,67387e971ce927f875001234
264,67387e9737f0e884fb001234,67387e974e62e752ae001234
265,67387e970fcbc61acd001234,67387e9694c7bb58ef001234
266,67387e97298f95e1bf001234,67387e97d1a69640d5001234
267,67387e97df877f3865001234,67387e97228499b553001234
268,67387e97c399862d3b001234,67387e97abea47ba24001234
269,67387e977bcdf75ad2001234,67387e97f9a40a4780001234
270,67387e975737034557001234,67387e96b2eeb7362e001234
271,67387e9716c222aa19001234,67387e9744968aece9001234
272,67387e977dcd340d84001234,67387e960bb4aec171001234
273,67387e97ed265bc903001234,67387e97a223c6b371001234
274,67387e97c75b6f114c001234,67387e96fccb60fb51001234
275,67387e978d34201a5b001234,67387e979bb6dee73b001234
276,67387e9701f78be6f7001234,67387e9636660e5985001234
277,67387e9794c7bb58ef001234,67387e97dc09c97fd7001234
278,67387e971bb91f73e9001234,67387e966c524f9d5d001234
279,67387e9758ae749f25001234,67387e979afefc5294001234
280,67387e974e4b5fbbbb001234,67387e968fecb20817001234
281,67387e978eefcfdf59001234,67387e974e0d67e54a001234
282,67387e97db85e2590b001234,67387e97e6d8545daa001234
283,67387e9799c5e07b4d001234,67387e973e15cc11f9001234
284,67387e97dd45850574001234,67387e970f840be9b8001234
285,67387e97a86c450b76001234,67387e9653c3bce66e001234
286,67387e97c9892a9891001234,67387e96ec5decca5e001234
287,67387e97e5f6ad6ce3001234,67387e975e1b18c4c6001234
288,67387e97f0e52b27a7001234,67387e9711c484ea93001234
289,67387e97ffeabd223d001234,67387e97a3d68b461b001234
290,67387e97a7aeed7471001234,67387e97c21002f464001234
291,67387e97fde9264cf3001234,67387e972bcab9d935001234
292,67387e979ad6aaed51001234,67387e97f69e505b08001234
293,67387e97f5deaeeae1001234,67387e979c3b183051001234
294,67387e9730bb3825e8001234,67387e96642e92efb7001234
295,67387e973493894fa4001234,67387e97da0d1111d2001234
296,67387e9708c5433a60001234,67387e96dc6a648964001234
297,67387e976aca97005c001234,67387e966c4b761a28001234
298,67387e97b2f627fff1001234,67387e97c082681963001234
299,67387e97c3992e9a68001234,67387e975c936263f3001234
300,67387e97c361bc7b2c001234,67387e96076a0c97d0001234
301,67387e97996a7fa078001234,67387e9762889e7382001234
302,67387e9700ac8ed3b4001234,67387e97f50a6c02a3001234
303,67387e97f76a89f0cb001234,67387e97931af58357001234
304,67387e9758d4d1e7b1001234,67387e977fb8ceb3bd001234
305,67387e977750ca3559001234,67387e97e205ee2a5d001234
306,67387e975d44ee6f2c001234,67387e96705f217283001234
307,67387e973871bd6401001234,67387e96bcbe3365e6001234
308,67387e97233509073e001234,67387e97d8700cbd38001234
309,67387e97b7bb35b9c6001234,67387e96da4fb5c6e9001234
310,67387e9726dd0dbc6e001234,67387e965c572eca05001234
311,67387e976766aa2750001234,67387e97c26820b8a4001234
312,67387e976a10bbd480001234,67387e96efe937780e001234
313,67387e97a532400ed6001234,67387e96df7f28ac89001234
314,67387e97291597a100001234,67387e971415db70fe001234
315,67387e979b698eb310001234,67387e968efb100a29001234
316,67387e97443cb001c1001234,67387e96a5771bce93001234
317,67387e9755b37c5c27001234,67387e97519c841559001234
318,67387e97ab233b682e001234,67387e97bcc0d40028001234
319,67387e973d2d8ccb37001234,67387e977bc1ec1d9c001234
320,67387e9726408ffa70001234,67387e9705311655a1001234
321,67387e97b4288d9c0e001234,67387e97b59a51a3c0001234
322,67387e972f37d10131001234,67387e97d10ec7c16c001234
323,67387e9768264bdb65001234,67387e96b3e3e393c7001234
324,67387e973a066bda8c001234,67387e96b137fdd1f7001234
325,67387e97be3159ad04001234,67387e9700e26af6ac001234
326,67387e978757150dec001234,67387e960d7de1aca9001234
327,67387e9784117275be001234,67387e97dd055f53a4001234
328,67387e97b5dc4e5d9b001234,67387e9706964dce9a001234
329,67387e975dd9db5e03001234,67387e96afd4836712001234
330,67387e97dc6a70712a001234,67387e96d81f9c1be2001234
331,67387e979fe8593a8a001234,67387e96a8baa56554001234
332,67387e97556f391937001234,67387e963a835d3215001234
333,67387e977f5d04d189001234,67387e97af3303f852001234
334,67387e97f79921bbae001234,67387e9714d9e8007c001234
335,67387e9753e3a7161e001234,67387e9729530de214001234
336,67387e975487315b12001234,67387e97db116b39f7001234
337,67387e97e4bb4c5173001234,67387e97a424ed4bd3001234
338,67387e970cb929eae7001234,67387e96fe73f687e5001234
339,67387e97b4a528955b001234,67387e96aff1621254001234
340,67387e97d6c651ddcd001234,67387e979ac403da79001234
341,67387e974a47d2983c001234,67387e97e17184bcb7001234
342,67387e979c82c7143c001234,67387e96a516a87cfc001234
343,67387e971ecfb46347001234,67387e97af3303f852001234
344,67387e97e70611883d001234,67387e970e3a37aa85001234
345,67387e976081594975001234,67387e9672b32a1f75001234
346,67387e97d14220ee66001234,67387e966a10bbd480001234
347,67387e978df707a948001234,67387e972a50e9c2d6001234
348,67387e97e7f8a7fb0b001234,67387e972d1b2a5ff3001234
349,67387e9750c3d76149001234,67387e9638913e1d6a001234
350,67387e975f2c22cb4a001234,67387e97e1314fc026001234
351,67387e97aba3b6fd5d001234,67387e97ad4cc1fb9b001234
352,67387e97fb89705ae6001234,67387e96d7a728a67d001234
353,67387e975751ec3e9a001234,67387e979cb67ffb59001234
354,67387e9759c3301688001234,67387e973cef96dcc9001234
355,67387e97ba3866600c001234,67387e977eb3c8be3d001234
356,67387e976c29793a14001234,67387e9792977ae4d2001234
357,67387e976bc24fc1ab001234,67387e97ca8155f4d2001234
358,67387e97df263d9962001234,67387e97b1563a78ec001234
359,67387e97edfbe1afcf001234,67387e97973a5f0ccb001234
360,67387e97185e65bc40001234,67387e97fe7ee8fc19001234
361,67387e978d317bdcf4001234,67387e97962e56a8a0001234
362,67387e97b056eb1587001234,67387e9717326d10d5001234
