id_person,id_location
673ef5fbcfcd208495001234,673ef5fd335f535208001234
673ef5fbc4ca4238a0001234,673ef5fd1f0e3dad99001234
673ef5fbc9f0f895fb001234,673ef5fd3dc4876f3f001234
673ef5fb1f0e3dad99001234,673ef5fd2afe4567e1001234
673ef5fb6364d3f0f4001234,673ef5fdc0c7c76d30001234
673ef5fbd67d8ab4f4001234,673ef5fd67c6a1e7ce001234
673ef5fb3416a75f4c001234,673ef5fda8abb4bb28001234
673ef5fb17e62166fc001234,673ef5fd1534b76d32001234
673ef5fb642e92efb7001234,673ef5fd76dc611d6e001234
673ef5fb9a1158154d001234,673ef5fd8b16ebc056001234
673ef5fb9f61408e3a001234,673ef5fd2f37d10131001234
673ef5fb093f65e080001234,673ef5fd0cb929eae7001234
673ef5fb44f683a841001234,673ef5fd92cc227532001234
673ef5fbea5d2f1c46001234,673ef5fda3f390d88e001234
673ef5fbfc490ca45c001234,673ef5fd89f0fd5c92001234
673ef5fb3295c76acb001234,673ef5fd4c27cea852001234
673ef5fba3f390d88e001234,673ef5fdf9b902fc32001234
673ef5fb14bfa6bb14001234,673ef5fd6512bd43d9001234
673ef5fbd09bf41544001234,673ef5fd8fecb20817001234
673ef5fbfbd7939d67001234,673ef5fdbac9162b47001234
673ef5fb68d30a9594001234,673ef5fde44fea3bec001234
673ef5fbac627ab1cc001234,673ef5fdfc22130974001234
673ef5fbec8956637a001234,673ef5fd6cdd60ea00001234
673ef5fb4c56ff4ce4001234,673ef5fd69cb3ea317001234
673ef5fbc8ffe9a587001234,673ef5fd71a3cb155f001234
673ef5fb42a0e188f5001234,673ef5fd2dea61eed4001234
673ef5fb0f28b5d49b001234,673ef5fd92c8c96e4c001234
673ef5fb8d5e957f29001234,673ef5fd41f1f19176001234
673ef5fbbd4c9ab730001234,673ef5fdac627ab1cc001234
673ef5fb1ff8a7b5dc001234,673ef5fdb056eb1587001234
673ef5fbcfecdb276f001234,673ef5fdb1d10e7baf001234
673ef5fb0aa1883c64001234,673ef5fd42998cf32d001234
673ef5fb58a2fc6ed3001234,673ef5fda7aeed7471001234
673ef5fb0336dcbab0001234,673ef5fd08c5433a60001234
673ef5fb85d8ce590a001234,673ef5fde165421110001234
673ef5fb84d9ee44e4001234,673ef5fd8bf1211fd4001234
673ef5fb69adc1e107001234,673ef5fde1e32e235e001234
673ef5fbc0e190d826001234,673ef5fd9f61408e3a001234
673ef5fb060ad92489001234,673ef5fd85fc37b18c001234
673ef5fb6da9003b74001234,673ef5fd8e296a067a001234
673ef5fbac1dd209cb001234,673ef5fd839ab46820001234
673ef5fbf340f1b1f6001234,673ef5fd6f3ef77ac0001234
673ef5fb9188905e74001234,673ef5fdb53b3a3d6a001234
673ef5fb0266e33d3f001234,673ef5fd3416a75f4c001234
673ef5fb077e29b11b001234,673ef5fd17e62166fc001234
673ef5fb6c9882bbac001234,673ef5fd15d4e891d7001234
673ef5fbc24cd76e1c001234,673ef5fda5bfc9e079001234
673ef5fbf718499c1c001234,673ef5fdcfee398643001234
673ef5fbd947bf06a8001234,673ef5fddc912a253d001234
673ef5fbdb8e1af0cb001234,673ef5fd0e65972dce001234
673ef5fb07cdfd2337001234,673ef5fd9fe8593a8a001234
673ef5fb92c8c96e4c001234,673ef5fd5ea1649a31001234
673ef5fb16a5cdae36001234,673ef5fdc7e1249ffc001234
673ef5fb48aedb8880001234,673ef5fdd67d8ab4f4001234
673ef5fb1700002963001234,673ef5fd13f320e7b5001234
673ef5fbef0d3930a7001234,673ef5fd19f3cd308f001234
673ef5fb34ed066df3001234,673ef5fd1c9ac0159c001234
673ef5fbbc6dc48b74001234,673ef5fd2f37d10131001234
673ef5fb6faa8040da001234,673ef5fd2838023a77001234
673ef5fbc042f4db68001234,673ef5fdf340f1b1f6001234
673ef5fb819f46e52c001234,673ef5fd69421f0324001234
673ef5fbd81f9c1be2001234,673ef5fd0777d5c17d001234
673ef5fbc5ff2543b5001234,673ef5fd9872ed9fc2001234
673ef5fb0bb4aec171001234,673ef5fdd296c101da001234
673ef5fbefe937780e001234,673ef5fd8d317bdcf4001234
673ef5fb371bce7dc8001234,673ef5fd05f971b5ec001234
673ef5fb82cec96096001234,673ef5fd10a7cdd970001234
673ef5fbe7b24b112a001234,673ef5fdf033ab37c3001234
673ef5fbc3e878e27f001234,673ef5fdb337e84de8001234
673ef5fbcf004fdc76001234,673ef5fd19bc916108001234
673ef5fb5a4b25aaed001234,673ef5fd0e01938fc4001234
673ef5fb28f0b86459001234,673ef5fd32bb90e897001234
673ef5fbe46de7e1bc001234,673ef5fdd645920e39001234
673ef5fbbbf94b34eb001234,673ef5fd9431c87f27001234
673ef5fb17d63b1625001234,673ef5fdcf004fdc76001234
673ef5fb7eacb53257001234,673ef5fdc3992e9a68001234
673ef5fb75fc093c0e001234,673ef5fd6081594975001234
673ef5fb019d385eb6001234,673ef5fd598b3e71ec001234
673ef5fb15d4e891d7001234,673ef5fdc058f544c7001234
673ef5fbe44fea3bec001234,673ef5fd65b9eea6e1001234
673ef5fb7fe1f8abaa001234,673ef5fdae0eb3eed3001234
673ef5fbf1b6f2857f001234,673ef5fdd09bf41544001234
673ef5fb8e6b42f164001234,673ef5fdd34ab169b7001234
673ef5fb9461cce28e001234,673ef5fd0d0fd7c6e0001234
673ef5fbeba0dc302b001234,673ef5fd70c639df5e001234
673ef5fb55a7cf9c71001234,673ef5fd0fcbc61acd001234
673ef5fb3cf166c6b7001234,673ef5fd045117b0e0001234
673ef5fbb5b41fac03001234,673ef5fd0e01938fc4001234
673ef5fb285e19f20b001234,673ef5fd38913e1d6a001234
673ef5fbe2230b8535001234,673ef5fd07e1cd7dca001234
673ef5fba760880003001234,673ef5fda733fa9b25001234
673ef5fb10a7cdd970001234,673ef5fd6cd67d9b6f001234
673ef5fbebd9629fc3001234,673ef5fd621bf66ddb001234
673ef5fb2bb232c0b1001234,673ef5fd7bcdf75ad2001234
673ef5fb7bcdf75ad2001234,673ef5fdfccb3cdc9a001234
673ef5fb7dcd340d84001234,673ef5fd11b9842e0a001234
673ef5fb97e8527fea001234,673ef5fd14bfa6bb14001234
673ef5fbed265bc903001234,673ef5fd71a3cb155f001234
673ef5fbc75b6f114c001234,673ef5fdc8ed21db4f001234
673ef5fbf387624df5001234,673ef5fd19ca14e7ea001234
673ef5fb6e2713a6ef001234,673ef5fd7f6ffaa6bb001234
673ef5fb4e4b5fbbbb001234,673ef5fd42e7aaa88b001234
673ef5fb1728efbda8001234,673ef5fd9bf31c7ff0001234
673ef5fb258be18e31001234,673ef5fdb6d767d2f8001234
673ef5fb766ebcd596001234,673ef5fde00da03b68001234
673ef5fb04ecb1fa28001234,673ef5fdc52f1bd66c001234
673ef5fb6aca97005c001234,673ef5fd0640966322001234
673ef5fbc361bc7b2c001234,673ef5fd3328bdf9a4001234
673ef5fb7750ca3559001234,673ef5fd89f0fd5c92001234
673ef5fb5d44ee6f2c001234,673ef5fd0d3180d672001234
673ef5fb45645a27c4001234,673ef5fd82cec96096001234
673ef5fb9cc138f8dc001234,673ef5fdf770b62bc8001234
673ef5fb6a10bbd480001234,673ef5fd577bcc914f001234
673ef5fb8c7bbbba95001234,673ef5fde165421110001234
673ef5fb303ed4c698001234,673ef5fd7f100b7b36001234
673ef5fb55743cc039001234,673ef5fd07cdfd2337001234
673ef5fbbe3159ad04001234,673ef5fd67c6a1e7ce001234
673ef5fb9fe8593a8a001234,673ef5fdd96409bf89001234
673ef5fbca9c267dad001234,673ef5fd091d584fce001234
673ef5fb2468192842001234,673ef5fd8f121ce07d001234
673ef5fbf79921bbae001234,673ef5fdaa942ab2bf001234
673ef5fb5487315b12001234,673ef5fdabd815286b001234
673ef5fbe4bb4c5173001234,673ef5fdf5deaeeae1001234
673ef5fb8a0e1141fd001234,673ef5fd0deb1c5481001234
673ef5fb99bcfcd754001234,673ef5fd00ec53c468001234
673ef5fbf64eac11f2001234,673ef5fdc45147dee7001234
673ef5fb9c82c7143c001234,673ef5fd24b16fede9001234
673ef5fbae0eb3eed3001234,673ef5fdd2ddea18f0001234
673ef5fb19bc916108001234,673ef5fddc912a253d001234
673ef5fbe7f8a7fb0b001234,673ef5fd8f121ce07d001234
673ef5fb788d986905001234,673ef5fd851ddf5058001234
673ef5fbaba3b6fd5d001234,673ef5fd19f3cd308f001234
673ef5fbedfbe1afcf001234,673ef5fdb3e3e393c7001234
673ef5fba1d33d0dfe001234,673ef5fd01386bd6d8001234
673ef5fb872488f88d001234,673ef5fdfe131d7f5a001234
673ef5fb2ca65f58e3001234,673ef5fdb53b3a3d6a001234
673ef5fbb7ee6f5f9a001234,673ef5fd9de6d14fff001234
673ef5fb3621f1454c001234,673ef5fdc52f1bd66c001234
673ef5fb96ea64f3a1001234,673ef5fd6974ce5ac6001234
673ef5fb7a53928fa4001234,673ef5fdbe3159ad04001234
673ef5fb846c260d71001234,673ef5fdf61d694746001234
673ef5fb670e8a43b2001234,673ef5fd7bcdf75ad2001234
673ef5fbe0cf1f4711001234,673ef5fd99bcfcd754001234
673ef5fbf0adc8838f001234,673ef5fd8613985ec4001234
673ef5fbd554f7bb7b001234,673ef5fd65ded5353c001234
673ef5fb795c7a7a5e001234,673ef5fd4c27cea852001234
673ef5fb8e82ab7243001234,673ef5fd555d6702c9001234
673ef5fb301ad0e3bd001234,673ef5fd149e9677a5001234
673ef5fb4d5b995358001234,673ef5fde1e32e235e001234
673ef5fbab88b15733001234,673ef5fde94550c93c001234
673ef5fbb0b183c207001234,673ef5fd49182f81e6001234
673ef5fbfa83a11a19001234,673ef5fd07a96b1f61001234
673ef5fb3d8e28caf9001234,673ef5fd821fa74b50001234
673ef5fb84f7e69969001234,673ef5fda01a0380ca001234
673ef5fb92fb0c6d17001234,673ef5fdac627ab1cc001234
673ef5fb8c235f89a8001234,673ef5fd98dce83da5001234
673ef5fb847cc55b70001234,673ef5fdf340f1b1f6001234
673ef5fb210f760a89001234,673ef5fddb85e2590b001234
673ef5fb0a113ef6b6001234,673ef5fdddb30680a6001234
673ef5fb061412e4a0001234,673ef5fd1be3bc32e6001234
673ef5fb01882513d5001234,673ef5fd556f391937001234
673ef5fbc8fbbc86ab001234,673ef5fd138bb06965001234
673ef5fbb56a18e0ea001234,673ef5fd11b921ef08001234
673ef5fb8b5040a8a5001234,673ef5fdd1f255a373001234
673ef5fbccc0aa1b81001234,673ef5fd24b16fede9001234
673ef5fb7fa732b517001234,673ef5fd138bb06965001234
673ef5fb92262bf907001234,673ef5fd1be3bc32e6001234
673ef5fbb55ec28c52001234,673ef5fdf74909ace6001234
673ef5fb3cef96dcc9001234,673ef5fd9dfcd5e558001234
673ef5fba3d68b461b001234,673ef5fd8e6b42f164001234
673ef5fbe6cb2a3c14001234,673ef5fd182be0c5cd001234
673ef5fb6395ebd0f4001234,673ef5fd3a066bda8c001234
673ef5fbef4e3b775c001234,673ef5fd6f4922f455001234
673ef5fbd240e3d38a001234,673ef5fdf718499c1c001234
673ef5fb437d7d1d97001234,673ef5fd8dd48d6a2e001234
673ef5fbeeb69a3cb9001234,673ef5fd4e732ced34001234
673ef5fb4e0cb6fb5f001234,673ef5fdeed5af6add001234
673ef5fbc32d9bf27a001234,673ef5fd35051070e5001234
673ef5fbfba9d88164001234,673ef5fd8efb100a29001234
673ef5fbfed33392d3001234,673ef5fdeba0dc302b001234
673ef5fb2387337ba1001234,673ef5fdf0e52b27a7001234
673ef5fb7f975a56c7001234,673ef5fd1bb91f73e9001234
673ef5fb24146db4eb001234,673ef5fd289dff0766001234
673ef5fb3806734b25001234,673ef5fd698d51a19d001234
673ef5fbe515df0d20001234,673ef5fdfc490ca45c001234
673ef5fba0e2a2c563001234,673ef5fd05f971b5ec001234
673ef5fb7cce53cf90001234,673ef5fdb83aac23b9001234
673ef5fb4a08142c38001234,673ef5fdc74d97b01e001234
673ef5fb299a23a229001234,673ef5fdeb160de1de001234
673ef5fb6c340f2583001234,673ef5fdb3967a0e93001234
673ef5fbdc58e3a306001234,673ef5fd42998cf32d001234
673ef5fb390e982518001234,673ef5fd08c5433a60001234
673ef5fb4607263158001234,673ef5fd087408522c001234
673ef5fb8a1e808b55001234,673ef5fd92cc227532001234
673ef5fbd91d1b4d82001234,673ef5fd8bf1211fd4001234
673ef5fbdb2b418215001234,673ef5fdcfecdb276f001234
673ef5fb1e6e0a04d2001234,673ef5fd07a96b1f61001234
673ef5fbc6bff625bd001234,673ef5fd8eefcfdf59001234
673ef5fbb59c67bf19001234,673ef5fda7aeed7471001234
673ef5fb2cfd456053001234,673ef5fd389bc7bb1e001234
673ef5fb678a149151001234,673ef5fd5dd9db5e03001234
673ef5fb801c14f07f001234,673ef5fdf7e6c85504001234
673ef5fb8248a99e81001234,673ef5fd41f1f19176001234
673ef5fbf7f580e11d001234,673ef5fdbd4c9ab730001234
673ef5fb208e43f0e4001234,673ef5fdff4d5fbbaf001234
673ef5fba113c1ecd3001234,673ef5fd92cc227532001234
673ef5fb3473decccb001234,673ef5fd26337353b7001234
673ef5fba7d8ae4569001234,673ef5fd6512bd43d9001234
673ef5fb2ac2406e83001234,673ef5fd49182f81e6001234
673ef5fb9adeb82fff001234,673ef5fd3328bdf9a4001234
673ef5fbae5e3ce40e001234,673ef5fd8e6b42f164001234
673ef5fb7501e5d4da001234,673ef5fd26337353b7001234
673ef5fb7e7e69ea33001234,673ef5fde7b24b112a001234
673ef5fb285ab9448d001234,673ef5fda8c88a0055001234
673ef5fba01610228f001234,673ef5fde49b8b4053001234
673ef5fb43cca4b3de001234,673ef5fdf033ab37c3001234
673ef5fb3210ddbeaa001234,673ef5fd2a79ea27c2001234
673ef5fbc4851e8e26001234,673ef5fd9fe8593a8a001234
673ef5fb6c14da109e001234,673ef5fd9ad6aaed51001234
673ef5fbe1d5be1c7f001234,673ef5fdfccb60fb51001234
673ef5fb905056c1ac001234,673ef5fd5c04925674001234
673ef5fba284df1155001234,673ef5fd3cec07e9ba001234
673ef5fb26588e932c001234,673ef5fde165421110001234
673ef5fb68a83eeb49001234,673ef5fd7cbbc409ec001234
673ef5fbf4573fc71c001234,673ef5fd67e103b076001234
673ef5fb17326d10d5001234,673ef5fd4f6ffe13a5001234
673ef5fb0ce2ffd21f001234,673ef5fde49b8b4053001234
673ef5fbb51a15f382001234,673ef5fd19bc916108001234
673ef5fbab1a4d0dd4001234,673ef5fdffd52f3c7e001234
673ef5fb1cecc7a779001234,673ef5fd8ebda540cb001234
673ef5fb944bdd9636001234,673ef5fd70efdf2ec9001234
673ef5fb0829424ffa001234,673ef5fd320722549d001234
673ef5fb70222949cc001234,673ef5fd70efdf2ec9001234
673ef5fb7c82fab8c8001234,673ef5fd6cd67d9b6f001234
673ef5fba51fb97522001234,673ef5fd5f2c22cb4a001234
673ef5fb50905d7b22001234,673ef5fd67e103b076001234
673ef5fbf9be311e65001234,673ef5fd250cf8b51c001234
673ef5fbbb7946e7d8001234,673ef5fd5f2c22cb4a001234
673ef5fb3546ab441e001234,673ef5fd3a0772443a001234
673ef5fbc70daf2479001234,673ef5fd7f100b7b36001234
673ef5fbe077e1a544001234,673ef5fd85fc37b18c001234
673ef5fbff49cc40a8001234,673ef5fd077e29b11b001234
673ef5fb0e55666a4a001234,673ef5fd8f121ce07d001234
673ef5fbaf47327116001234,673ef5fd2f2b265625001234
673ef5fb8d3369c4c0001234,673ef5fd92c8c96e4c001234
673ef5fb6a5889bb01001234,673ef5fdcedebb6e87001234
673ef5fb6c1da88682001234,673ef5fd5d44ee6f2c001234
673ef5fb0e3a37aa85001234,673ef5fd8dd48d6a2e001234
673ef5fb81ca0262c8001234,673ef5fd289dff0766001234
673ef5fb2bd7f907b7001234,673ef5fd766ebcd596001234
673ef5fbf016e59c7a001234,673ef5fdc3e878e27f001234
673ef5fbd9731321ef001234,673ef5fd9b04d15284001234
673ef5fb602d130567001234,673ef5fd854d6fae5e001234
673ef5fb28fc2782ea001234,673ef5fd766ebcd596001234
673ef5fb7b5b23f4aa001234,673ef5fd38b3eff8ba001234
673ef5fb512c5cad6c001234,673ef5fdf0935e4cd5001234
673ef5fba60937eba5001234,673ef5fd1afa34a7f9001234
673ef5fb299fb2142d001234,673ef5fd185c29dc24001234
673ef5fb970af30e48001234,673ef5fd9de6d14fff001234
673ef5fb8fb5f8be2a001234,673ef5fd4e732ced34001234
673ef5fb2dffbc474a001234,673ef5fd2723d092b6001234
673ef5fb536a76f94c001234,673ef5fdd86ea612de001234
673ef5fb5e76bef6e0001234,673ef5fd38af86134b001234
673ef5fb4dcae38ee1001234,673ef5fdc8ed21db4f001234
673ef5fb95151403b0001234,673ef5fda4f23670e1001234
673ef5fb6d9cb7de5e001234,673ef5fd1f0e3dad99001234
673ef5fb8b0d268963001234,673ef5fd68ce199ec2001234
673ef5fbab541d874c001234,673ef5fdc3e878e27f001234
673ef5fbbffc98347e001234,673ef5fdaba3b6fd5d001234
673ef5fb86df7dcfd8001234,673ef5fd99bcfcd754001234
673ef5fb6490791e7a001234,673ef5fd06eb61b839001234
673ef5fbb5488aeff4001234,673ef5fd3c59dc048e001234
673ef5fb4dcf435435001234,673ef5fdba2fd310dc001234
673ef5fbebd6d2f5d6001234,673ef5fd8df707a948001234
673ef5fb253f7b5d92001234,673ef5fd4c56ff4ce4001234
673ef5fbaa486f2517001234,673ef5fd3cf166c6b7001234
673ef5fbf337d999d9001234,673ef5fd3435c378bb001234
673ef5fb204da255ae001234,673ef5fdc51ce410c1001234
673ef5fb6b8eba4355001234,673ef5fdc16a5320fa001234
673ef5fb351b33587c001234,673ef5fd26657d5ff9001234
673ef5fb18ead4c77c001234,673ef5fd97e8527fea001234
673ef5fbb2dd140336001234,673ef5fdaba3b6fd5d001234
673ef5fb4e9cec1f58001234,673ef5fdd82c8d1619001234
673ef5fb020c8bfac8001234,673ef5fd8c19f571e2001234
673ef5fba1afc58c6c001234,673ef5fd4a47d2983c001234
673ef5fbed4227734e001234,673ef5fd74071a6733001234
673ef5fb88a199611a001234,673ef5fd28dd2c7955001234
673ef5fbb710915795001234,673ef5fd08d98638c6001234
673ef5fb277281aada001234,673ef5fd7f5d04d189001234
673ef5fb309fee4e54001234,673ef5fd6f3ef77ac0001234
673ef5fb9597353e41001234,673ef5fd82cec96096001234
673ef5fbe9fd7c2c66001234,673ef5fd539fd53b59001234
673ef5fc297fa77779001234,673ef5fd93db85ed90001234
673ef5fc806beafe15001234,673ef5fde4da3b7fbb001234
673ef5fc5c50b4df4b001234,673ef5fd82f2b308c3001234
673ef5fc21fe5b8ba7001234,673ef5fd941e1aaaba001234
673ef5fcc1fea270c4001234,673ef5fda5bfc9e079001234
673ef5fc96de2547f4001234,673ef5fdf90f2aca5c001234
673ef5fc207f88018f001234,673ef5fd5ea1649a31001234
673ef5fc9a4400501f001234,673ef5fd0266e33d3f001234
673ef5fc4f398cb9d6001234,673ef5fdf4be00279e001234
673ef5fc86d7c8a08b001234,673ef5fdcfecdb276f001234
673ef5fccdf1035c34001234,673ef5fd3ef815416f001234
673ef5fc1485100313001234,673ef5fdb5b41fac03001234
673ef5fc647c722bf9001234,673ef5fd19bc916108001234
673ef5fc64f1f27bf1001234,673ef5fda9a6653e48001234
673ef5fce638471149001234,673ef5fd5f93f98352001234
673ef5fc464d828b85001234,673ef5fdbbcbff5c1f001234
673ef5fc0efbe98067001234,673ef5fd996a7fa078001234
673ef5fc8725fb777f001234,673ef5fde49b8b4053001234
673ef5fc74563ba21a001234,673ef5fd98b2979500001234
673ef5fc84c6494d30001234,673ef5fdf29c21d489001234
673ef5fc752d25a1f8001234,673ef5fd3988c7f88e001234
673ef5fc54f5f4071f001234,673ef5fd07c5807d0d001234
673ef5fc6e62a992c6001234,673ef5fd5487315b12001234
673ef5fc418ef6127e001234,673ef5fd9b72e31dac001234
673ef5fc11c484ea93001234,673ef5fd41f1f19176001234
673ef5fc231141b34c001234,673ef5fdafd4836712001234
673ef5fc2612aa892d001234,673ef5fd9dcb88e013001234
673ef5fcdb29450c3f001234,673ef5fd7ef605fc8d001234
673ef5fc7eb7eabbe9001234,673ef5fd8f14e45fce001234
673ef5fc36d7534290001234,673ef5fdd34ab169b7001234
673ef5fc7dd0240cd4001234,673ef5fdf718499c1c001234
673ef5fce9b73bccd1001234,673ef5fd10a7cdd970001234
673ef5fc6709e8d64a001234,673ef5fd01386bd6d8001234
673ef5fcf63f65b503001234,673ef5fdcedebb6e87001234
673ef5fc8b6a80c3cf001234,673ef5fd98b2979500001234
673ef5fc4a2ddf148c001234,673ef5fd3871bd6401001234
673ef5fcb865367fc4001234,673ef5fd08419be897001234
673ef5fcecd62de20e001234,673ef5fdf5deaeeae1001234
673ef5fc8d9fc2308c001234,673ef5fd5d44ee6f2c001234
673ef5fcf39ae9ff3a001234,673ef5fd07c5807d0d001234
673ef5fccd14821dab001234,673ef5fdb4288d9c0e001234
673ef5fcd1e946f4e6001234,673ef5fda8f15eda80001234
673ef5fcfaacbcd5bf001234,673ef5fd0c74b7f784001234
673ef5fc596dedf449001234,673ef5fd069d3bb002001234
673ef5fc61b1fb3f59001234,673ef5fd8613985ec4001234
673ef5fcdfce06801e001234,673ef5fdfe73f687e5001234
673ef5fc57c0531e13001234,673ef5fd42e7aaa88b001234
673ef5fc7385db9a3f001234,673ef5fd115f895031001234
673ef5fccd63a3eec3001234,673ef5fd0cb929eae7001234
673ef5fc3c947bc2f7001234,673ef5fd72b32a1f75001234
673ef5fcd7fd118e6f001234,673ef5fd9872ed9fc2001234
673ef5fc537de305e9001234,673ef5fdda4fb5c6e9001234
673ef5fc19de10adba001234,673ef5fd63923f49e5001234
673ef5fcd4b2aeb245001234,673ef5fd335f535208001234
673ef5fcba9a56ce0a001234,673ef5fd58ae749f25001234
673ef5fcf0fcf351df001234,673ef5fd432aca3a1e001234
673ef5fc5fa9e41bfe001234,673ef5fdb2eeb7362e001234
673ef5fc059fdcd96b001234,673ef5fdcdc0d6e63a001234
673ef5fce06f967fb0001234,673ef5fd85d8ce590a001234
673ef5fc11f524c3fb001234,673ef5fdc3e878e27f001234
673ef5fc9fdb62f932001234,673ef5fd45645a27c4001234
673ef5fc77369e37b2001234,673ef5fd2dea61eed4001234
673ef5fcff7d0f525b001234,673ef5fd70c639df5e001234
673ef5fcc44799b04a001234,673ef5fd85422afb46001234
673ef5fc07a4e20a7b001234,673ef5fd3435c378bb001234
673ef5fc414e773d5b001234,673ef5fdd296c101da001234
673ef5fc0950ca92a4001234,673ef5fd00411460f7001234
673ef5fce5b294b70c001234,673ef5fdf0935e4cd5001234
673ef5fc8562ae5e28001234,673ef5fd1afa34a7f9001234
673ef5fc95e6834d0a001234,673ef5fd33e75ff09d001234
673ef5fce4dd5528f7001234,673ef5fd5b8add2a5d001234
673ef5fc95f6870ff3001234,673ef5fdf0935e4cd5001234
673ef5fcdeb54ffb41001234,673ef5fd6364d3f0f4001234
673ef5fcdd055f53a4001234,673ef5fdfae0b27c45001234
673ef5fcf80bf05527001234,673ef5fd4e732ced34001234
673ef5fcb3b4d2dbed001234,673ef5fd9461cce28e001234
673ef5fcfb87582825001234,673ef5fdafd4836712001234
673ef5fc008bd5ad93001234,673ef5fd3d2d8ccb37001234
673ef5fcd47268e9db001234,673ef5fdb7b16ecf8c001234
673ef5fca00e5eb097001234,673ef5fd15de21c670001234
673ef5fcef8446f355001234,673ef5fdd86ea612de001234
673ef5fcf1981e4bd8001234,673ef5fd918317b579001234
673ef5fc84ddfb3412001234,673ef5fd15de21c670001234
673ef5fc88ef51f0bf001234,673ef5fd812b4ba287001234
673ef5fcd198bd736a001234,673ef5fd8d3bba7425001234
673ef5fca501bebf79001234,673ef5fd6512bd43d9001234
673ef5fc955cb567b6001234,673ef5fd1595af6435001234
673ef5fc1359aa933b001234,673ef5fd6974ce5ac6001234
673ef5fcf8bf09f5fc001234,673ef5fde46de7e1bc001234
673ef5fc07cb5f8650001234,673ef5fdeb16372791001234
673ef5fc4d6b3e38b9001234,673ef5fd05049e90fa001234
673ef5fc26f5bd4aa6001234,673ef5fd233509073e001234
673ef5fcb2ab001909001234,673ef5fd92cc227532001234
673ef5fc92bbd31f8e001234,673ef5fd55b37c5c27001234
673ef5fc1b5230e3ea001234,673ef5fdc0c7c76d30001234
673ef5fcabdbeb4d8d001234,673ef5fd75fc093c0e001234
673ef5fcef41d48875001234,673ef5fd8f85517967001234
673ef5fca869ccbcbd001234,673ef5fd9461cce28e001234
673ef5fcfca0789e78001234,673ef5fd3644a684f9001234
673ef5fc9a49a25d84001234,673ef5fdd18f655c3f001234
673ef5fc5d6646aad9001234,673ef5fd7f6ffaa6bb001234
673ef5fc7dc1c7653a001234,673ef5fd72b32a1f75001234
673ef5fc24917db15c001234,673ef5fdb3e3e393c7001234
673ef5fc350db081a6001234,673ef5fddf877f3865001234
673ef5fc1e8c391abf001234,673ef5fd53fde96fcc001234
673ef5fca381c2c35c001234,673ef5fddf877f3865001234
673ef5fc2596a54cdb001234,673ef5fd6c29793a14001234
673ef5fc9978b7063e001234,673ef5fd8dd48d6a2e001234
673ef5fc211c1e0b83001234,673ef5fdb2eeb7362e001234
673ef5fc3a1dd98341001234,673ef5fdeb16372791001234
673ef5fcd51b416788001234,673ef5fd8cb22bdd0b001234
673ef5fc1c6a019817001234,673ef5fdf4be00279e001234
673ef5fc6832a7b24b001234,673ef5fde2ef524fbf001234
673ef5fcfea9c11c4a001234,673ef5fd3435c378bb001234
673ef5fc934b535800001234,673ef5fde7f8a7fb0b001234
673ef5fc8ca8da41fe001234,673ef5fd67e103b076001234
673ef5fcefdf562ce2001234,673ef5fd6c4b761a28001234
673ef5fc4ae67a7dd7001234,673ef5fd07563a3fe3001234
673ef5fc6cd9313ed3001234,673ef5fda597e50502001234
673ef5fc3e6260b818001234,673ef5fd013d407166001234
673ef5fce0f7a4d0ef001234,673ef5fde555ebe0ce001234
673ef5fc3dd9424294001234,673ef5fdae0eb3eed3001234
673ef5fcd4dd111a4f001234,673ef5fd58ae749f25001234
673ef5fcb6e32320fa001234,673ef5fd2a38a4a931001234
673ef5fc1a3f91fead001234,673ef5fd9be40cee5b001234
673ef5fcc2ba1bc54b001234,673ef5fd3a066bda8c001234
673ef5fcbbaa9d6a14001234,673ef5fd6ea9ab1baa001234
673ef5fc66e8ba8216001234,673ef5fd01161aaa0b001234
673ef5fc95f8d9901c001234,673ef5fd758874998f001234
673ef5fcfe40fb944e001234,673ef5fd854d9fca60001234
673ef5fc43351f7bf9001234,673ef5fd0336dcbab0001234
673ef5fc229754d779001234,673ef5fd13f3cf8c53001234
673ef5fce6c2dc3dee001234,673ef5fd320722549d001234
673ef5fcf516dfb84b001234,673ef5fd92cc227532001234
673ef5fc046ddf96c2001234,673ef5fd20f07591c6001234
673ef5fc778609db5d001234,673ef5fd97e8527fea001234
673ef5fc761c7920f4001234,673ef5fd757b505cfd001234
673ef5fc228bbc2f87001234,673ef5fd0584ce565c001234
673ef5fcbe53d253d6001234,673ef5fdf0935e4cd5001234
673ef5fc7e3b7a5baf001234,673ef5fd7e7757b1e1001234
673ef5fc43e4e6a6f3001234,673ef5fd941e1aaaba001234
673ef5fcf52854cc99001234,673ef5fda3f390d88e001234
673ef5fc70fcb77e63001234,673ef5fd4734ba6f3d001234
673ef5fc0abdc563a0001234,673ef5fd9431c87f27001234
673ef5fc3f53d71901001234,673ef5fd11b921ef08001234
673ef5fcd095a94d20001234,673ef5fdc9892a9891001234
673ef5fcf7e2b2b75b001234,673ef5fd82cec96096001234
673ef5fcd3b1fb0296001234,673ef5fdc20ad4d76f001234
673ef5fcab8aa05e78001234,673ef5fdc361bc7b2c001234
673ef5fcadd217938e001234,673ef5fd70efdf2ec9001234
673ef5fc3baa271bc3001234,673ef5fdef0d3930a7001234
673ef5fcea159dc978001234,673ef5fd0f96613235001234
673ef5fc1a68e5f4ad001234,673ef5fd6f3ef77ac0001234
673ef5fc03cf87174d001234,673ef5fd7ef605fc8d001234
673ef5fcddeebdeefd001234,673ef5fd185c29dc24001234
673ef5fcdb60b95dec001234,673ef5fdc3e878e27f001234
673ef5fcaf5d5ef248001234,673ef5fde555ebe0ce001234
673ef5fcc65d7bd70f001234,673ef5fd37f0e884fb001234
673ef5fccc0991344c001234,673ef5fda684eceee7001234
673ef5fca9365bd906001234,673ef5fd320722549d001234
673ef5fc0fe4733962001234,673ef5fdad13a2a07c001234
673ef5fcfeecee9f16001234,673ef5fdf4f6dce2f3001234
673ef5fc2c3ddf4bf1001234,673ef5fda8f15eda80001234
673ef5fc03e7ef47ce001234,673ef5fd854d6fae5e001234
673ef5fc7e05d6f828001234,673ef5fdccb1d45fb7001234
673ef5fce9412ee564001234,673ef5fd92c8c96e4c001234
673ef5fccf05968255001234,673ef5fde1e32e235e001234
673ef5fc57bafb2c2d001234,673ef5fdb4a528955b001234
673ef5fc0bf727e907001234,673ef5fd1c383cd30b001234
673ef5fcc8067ad193001234,673ef5fd53e3a7161e001234
673ef5fc7989edad14001234,673ef5fd006f52e910001234
673ef5fcc30fb4dc55001234,673ef5fdf76a89f0cb001234
673ef5fccd10c7f376001234,673ef5fda9a1d5317a001234
673ef5fc8c1b6fa97c001234,673ef5fdd3d9446802001234
673ef5fc83691715fd001234,673ef5fd2291d2ec3b001234
673ef5fc30aaf34d6a001234,673ef5fd8ebda540cb001234
673ef5fc831caa1b60001234,673ef5fd38913e1d6a001234
673ef5fc4a8423d5e9001234,673ef5fd5e9f92a01c001234
673ef5fca6d259bfbf001234,673ef5fd6c9882bbac001234
673ef5fc7827d1ec62001234,673ef5fd903ce9225f001234
673ef5fcd7619beb6e001234,673ef5fd854d6fae5e001234
673ef5fc8c59fd6fbe001234,673ef5fdf0e52b27a7001234
673ef5fc1680829293001234,673ef5fd072b030ba1001234
673ef5fc59eb5dd369001234,673ef5fd9de6d14fff001234
673ef5fcfecf2c5501001234,673ef5fd8f121ce07d001234
673ef5fc7e83722522001234,673ef5fd2b24d49505001234
673ef5fceaa52f3366001234,673ef5fdfae0b27c45001234
673ef5fcfb89fd138b001234,673ef5fd38913e1d6a001234
673ef5fc18bb68e2b3001234,673ef5fdbc6dc48b74001234
673ef5fced57844fa5001234,673ef5fdd947bf06a8001234
673ef5fc880610aa9f001234,673ef5fd07e1cd7dca001234
673ef5fc5df07ecf4c001234,673ef5fdc20ad4d76f001234
673ef5fc06fe1c2345001234,673ef5fdfa7cdfad1a001234
673ef5fc8e68c3c7bf001234,673ef5fd8fecb20817001234
673ef5fcfc03d48253001234,673ef5fd67f7fb873e001234
673ef5fcb75bd27b5a001234,673ef5fd7fe1f8abaa001234
673ef5fc30f8f6b940001234,673ef5fd274ad4786c001234
673ef5fc148260a1ce001234,673ef5fd9a96876e2f001234
673ef5fc0c215f1942001234,673ef5fd26657d5ff9001234
673ef5fc18ad9899f3001234,673ef5fd2f37d10131001234
673ef5fc358aee4cc8001234,673ef5fd6aca97005c001234
673ef5fc5ac8bb8a7d001234,673ef5fd42998cf32d001234
673ef5fc028ee72415001234,673ef5fd9b04d15284001234
673ef5fcf8da71e562001234,673ef5fda97da629b0001234
673ef5fc88fee04213001234,673ef5fd48aedb8880001234
673ef5fcf15eda31a2001234,673ef5fd44f683a841001234
673ef5fc220c77af02001234,673ef5fdb83aac23b9001234
673ef5fc03fa2f7502001234,673ef5fdf5f8590cd5001234
673ef5fcbbeb0c1b1f001234,673ef5fdf0e52b27a7001234
673ef5fcb628386c9b001234,673ef5fd4c56ff4ce4001234
673ef5fc7aee26c309001234,673ef5fd81448138f5001234
673ef5fc33267e5dc5001234,673ef5fd2e65f2f2fd001234
673ef5fc3614405287001234,673ef5fd051e4e127b001234
673ef5fc5a45828dea001234,673ef5fde2ef524fbf001234
673ef5fc531db99cb0001234,673ef5fdfc490ca45c001234
673ef5fcfc192b0c0d001234,673ef5fd6bc24fc1ab001234
673ef5fca7a3d70c6d001234,673ef5fd2f37d10131001234
673ef5fc92bf5e6240001234,673ef5fdeed5af6add001234
673ef5fc1cd138d049001234,673ef5fd48aedb8880001234
673ef5fc2e0bff759d001234,673ef5fd25b2822c2f001234
673ef5fcd210cf373c001234,673ef5fd3c59dc048e001234
673ef5fc2eb5657d37001234,673ef5fd3a0772443a001234
673ef5fc564645fbd0001234,673ef5fdf7177163c8001234
673ef5fc182e6c2d3d001234,673ef5fd06138bc5af001234
673ef5fcaee92f16ef001234,673ef5fd556f391937001234
673ef5fc12311d05c9001234,673ef5fdbcbe3365e6001234
673ef5fcd0bb8259d8001234,673ef5fd4e732ced34001234
673ef5fcfdf1bc5669001234,673ef5fd42a0e188f5001234
673ef5fc1a6727711b001234,673ef5fdeed5af6add001234
673ef5fc42a6845a55001234,673ef5fdf7e6c85504001234
673ef5fce6af401c28001234,673ef5fd19bc916108001234
673ef5fc332647f433001234,673ef5fd6aca97005c001234
673ef5fc17eb7ecc4c001234,673ef5fdd61e4bbd63001234
673ef5fc340a39045c001234,673ef5fdc9f0f895fb001234
673ef5fcdfb84a11f4001234,673ef5fd07a96b1f61001234
673ef5fca4666cd9e1001234,673ef5fd320722549d001234
673ef5fc3953630da2001234,673ef5fd3dd48ab31d001234
673ef5fcac34ae1fda001234,673ef5fdd64a340bcb001234
673ef5fc25766f0162001234,673ef5fda4f23670e1001234
673ef5fc8e93049692001234,673ef5fd0f96613235001234
673ef5fc0c1c995b77001234,673ef5fd218a0aefd1001234
673ef5fce2f9247929001234,673ef5fd1700002963001234
673ef5fc1c303b0eed001234,673ef5fd0584ce565c001234
673ef5fc62da8c91ce001234,673ef5fd3493894fa4001234
673ef5fc4664736508001234,673ef5fdd67d8ab4f4001234
673ef5fc0f21f03494001234,673ef5fd66368270ff001234
673ef5fc6788076842001234,673ef5fdeddea82ad2001234
673ef5fc2bd2e3373d001234,673ef5fd10a7cdd970001234
673ef5fcb1b0432cea001234,673ef5fd25b2822c2f001234
673ef5fc24b43fb034001234,673ef5fd996a7fa078001234
673ef5fccb12d7f933001234,673ef5fda8849b0524001234
673ef5fce93028bdc1001234,673ef5fd6da9003b74001234
673ef5fc3a61ed715e001234,673ef5fd2723d092b6001234
673ef5fcc8862fc1a3001234,673ef5fd9fd81843ad001234
673ef5fc2d95666e26001234,673ef5fdcf67355a33001234
673ef5fc0ebf197205001234,673ef5fd01386bd6d8001234
673ef5fcdc6e224a8d001234,673ef5fd8d34201a5b001234
673ef5fc4aa0e93b91001234,673ef5fdc74d97b01e001234
673ef5fcd8ab1a52f0001234,673ef5fdffd52f3c7e001234
673ef5fcbdb6920adc001234,673ef5fde2c0be2456001234
673ef5fca2186aa7c0001234,673ef5fdb1eec33c72001234
673ef5fcb6e710870a001234,673ef5fd6a9aeddfc6001234
673ef5fcf44ee26395001234,673ef5fdc6e19e8308001234
673ef5fcf14bc21be7001234,673ef5fd2723d092b6001234
673ef5fc05b8caaf6b001234,673ef5fd2291d2ec3b001234
673ef5fc87f4d79e36001234,673ef5fdef575e8837001234
673ef5fcbbb001ba00001234,673ef5fdd645920e39001234
673ef5fc366f0bc7bd001234,673ef5fd11b9842e0a001234
673ef5fc097e26b2ff001234,673ef5fd9f61408e3a001234
673ef5fca2d10d355c001234,673ef5fdcfa0860e83001234
673ef5fc7c78335a89001234,673ef5fd013d407166001234
673ef5fc2ecd2bd947001234,673ef5fd26dd0dbc6e001234
673ef5fc86b20716fb001234,673ef5fdcdc0d6e63a001234
673ef5fce8bf0f27d7001234,673ef5fdc8ed21db4f001234
673ef5fc5d4ae76f05001234,673ef5fd5737034557001234
673ef5fc98c39996bf001234,673ef5fd58238e9ae2001234
673ef5fcce393994e8001234,673ef5fdedfbe1afcf001234
673ef5fc91378b3313001234,673ef5fd20f07591c6001234
673ef5fcf4aa0dd960001234,673ef5fdd5cfead94f001234
673ef5fc3eb414bf1c001234,673ef5fd8c7bbbba95001234
673ef5fcf023559c6d001234,673ef5fde5841df216001234
673ef5fc563ca5e068001234,673ef5fdddb30680a6001234
673ef5fc721e7285b2001234,673ef5fde00da03b68001234
673ef5fcb59307fdac001234,673ef5fdd1f491a404001234
673ef5fc9ef2ed4b7f001234,673ef5fd53e3a7161e001234
673ef5fcd77e68596c001234,673ef5fd4f4adcbf8c001234
673ef5fc6b620aedfa001234,673ef5fd7f1de29e6d001234
673ef5fc9bd5ee6fe5001234,673ef5fdb6f0479ae8001234
673ef5fc5812f92450001234,673ef5fda5cdd4aa00001234
673ef5fc0d352b4d3a001234,673ef5fd65b9eea6e1001234
673ef5fcc5658c711b001234,673ef5fda684eceee7001234
673ef5fcd309cd6396001234,673ef5fd19bc916108001234
673ef5fcac45088df2001234,673ef5fda86c450b76001234
673ef5fcc91e3483cf001234,673ef5fde5f6ad6ce3001234
673ef5fccc96578847001234,673ef5fd7ef605fc8d001234
673ef5fc60a70bb05b001234,673ef5fd00411460f7001234
673ef5fcb98249b383001234,673ef5fd9b70e8fe62001234
673ef5fccfcce0621b001234,673ef5fdb6f0479ae8001234
673ef5fc7a4bf9ba2b001234,673ef5fda532400ed6001234
673ef5fc7371364b3d001234,673ef5fd3988c7f88e001234
673ef5fcb848edae25001234,673ef5fda733fa9b25001234
673ef5fc2c758933af001234,673ef5fd7380ad8a67001234
673ef5fc831b1ac54c001234,673ef5fddb85e2590b001234
673ef5fc3cfbdf468f001234,673ef5fd4c56ff4ce4001234
673ef5fca4351b79d9001234,673ef5fd10a5ab2db3001234
673ef5fc936824c019001234,673ef5fd7380ad8a67001234
673ef5fc20b02dc951001234,673ef5fd5f0f5e5f33001234
673ef5fcac8cd1808d001234,673ef5fda01a0380ca001234
673ef5fcb0ab42fcb7001234,673ef5fd66808e327d001234
673ef5fc331316d4ef001234,673ef5fd3def184ad8001234
673ef5fc7ba0691b77001234,673ef5fd076a0c97d0001234
673ef5fc0cd6a652ed001234,673ef5fd250cf8b51c001234
673ef5fc6c349155b1001234,673ef5fde3796ae838001234
