id,id_person,id_location
0,67387e96cfcd208495001234,67387e972b24d49505001234
1,67387e96c4ca4238a0001234,67387e976f3ef77ac0001234
2,67387e96c81e728d9d001234,67387e97c16a5320fa001234
3,67387e96a87ff679a2001234,67387e97d947bf06a8001234
4,67387e96c9f0f895fb001234,67387e97b73ce398c3001234
5,67387e9645c48cce2e001234,67387e97539fd53b59001234
6,67387e96aab3238922001234,67387e9745c48cce2e001234
7,67387e9637693cfc74001234,67387e9794f6d7e04a001234
8,67387e9634173cb38f001234,67387e97ec8956637a001234
9,67387e96a5bfc9e079001234,67387e97e96ed478da001234
10,67387e96a1d0c6e83f001234,67387e97eb160de1de001234
11,67387e96f457c545a9001234,67387e970aa1883c64001234
12,67387e962838023a77001234,67387e975737c6ec2e001234
13,67387e96b53b3a3d6a001234,67387e9734173cb38f001234
14,67387e96072b030ba1001234,67387e97b534ba6823001234
15,67387e963295c76acb001234,67387e97d3d9446802001234
16,67387e9635f4a8d465001234,67387e978c19f571e2001234
17,67387e96fe9fc289c3001234,67387e97140f6969d5001234
18,67387e96f4b9ec30ad001234,67387e979dcb88e013001234
19,67387e9626657d5ff9001234,67387e9736660e5985001234
20,67387e96ed3d2c2199001234,67387e9726657d5ff9001234
21,67387e96ac627ab1cc001234,67387e97bbf94b34eb001234
22,67387e96f899139df5001234,67387e97ab817c9349001234
23,67387e9665b9eea6e1001234,67387e97cd00692c3b001234
24,67387e96a97da629b0001234,67387e9702e74f10e0001234
25,67387e962723d092b6001234,67387e97f718499c1c001234
26,67387e965f93f98352001234,67387e97d1fe173d08001234
27,67387e967f6ffaa6bb001234,67387e9700ec53c468001234
28,67387e96c45147dee7001234,67387e9715d4e891d7001234
29,67387e964c56ff4ce4001234,67387e977ef605fc8d001234
30,67387e96a0a080f42e001234,67387e97555d6702c9001234
31,67387e96ec5decca5e001234,67387e977cbbc409ec001234
32,67387e969b8619251a001234,67387e97432aca3a1e001234
33,67387e96e00da03b68001234,67387e9706eb61b839001234
34,67387e96903ce9225f001234,67387e97c81e728d9d001234
35,67387e968d5e957f29001234,67387e97496e05e1ae001234
36,67387e9647d1e99058001234,67387e972838023a77001234
37,67387e961c9ac0159c001234,67387e97c7e1249ffc001234
38,67387e9682aa4b0af3001234,67387e97beed13602b001234
39,67387e96006f52e910001234,67387e979fc3d7152b001234
40,67387e96f7e6c85504001234,67387e970353ab4cbe001234
41,67387e968216124282001234,67387e97d395771085001234
42,67387e968f53295a73001234,67387e97a96b65a721001234
43,67387e96045117b0e0001234,67387e97fb7b9ffa54001234
44,67387e96fc22130974001234,67387e970deb1c5481001234
45,67387e96a2557a7b2e001234,67387e9775fc093c0e001234
46,67387e9658a2fc6ed3001234,67387e97a87ff679a2001234
47,67387e963644a684f9001234,67387e978bf1211fd4001234
48,67387e96274ad4786c001234,67387e97320722549d001234
49,67387e9669adc1e107001234,67387e97289dff0766001234
50,67387e96091d584fce001234,67387e97140f6969d5001234
51,67387e96eb16372791001234,67387e9707e1cd7dca001234
52,67387e9645fbc6d3e0001234,67387e9703afdbd66e001234
53,67387e96c0e190d826001234,67387e97496e05e1ae001234
54,67387e96d1c38a09ac001234,67387e97428fca9bc1001234
55,67387e969b04d15284001234,67387e97eb160de1de001234
56,67387e96077e29b11b001234,67387e97bd686fd640001234
57,67387e96c52f1bd66c001234,67387e97c45147dee7001234
58,67387e96fe131d7f5a001234,67387e978e98d81f82001234
59,67387e96f718499c1c001234,67387e979b04d15284001234
60,67387e96d6baf65e0b001234,67387e977f100b7b36001234
61,67387e968f121ce07d001234,67387e9728f0b86459001234
62,67387e967f100b7b36001234,67387e9719ca14e7ea001234
63,67387e9620f07591c6001234,67387e972723d092b6001234
64,67387e966a9aeddfc6001234,67387e97f1b6f2857f001234
65,67387e9648aedb8880001234,67387e979b04d15284001234
66,67387e96839ab46820001234,67387e97c45147dee7001234
67,67387e969fd81843ad001234,67387e971ff1de7740001234
68,67387e9637bc2f75bf001234,67387e977380ad8a67001234
69,67387e9606eb61b839001234,67387e972f2b265625001234
70,67387e96bc6dc48b74001234,67387e971679091c5a001234
71,67387e96a666587afd001234,67387e97b6f0479ae8001234
72,67387e9640008b9a53001234,67387e97642e92efb7001234
73,67387e9658238e9ae2001234,67387e97b83aac23b9001234
74,67387e966c524f9d5d001234,67387e97019d385eb6001234
75,67387e96e7b24b112a001234,67387e97274ad4786c001234
76,67387e960c74b7f784001234,67387e9738b3eff8ba001234
77,67387e9600ec53c468001234,67387e97d18f655c3f001234
78,67387e968efb100a29001234,67387e9739059724f7001234
79,67387e961543843a47001234,67387e97d296c101da001234
80,67387e964f4adcbf8c001234,67387e9763dc7ed101001234
81,67387e9666808e327d001234,67387e972a79ea27c2001234
82,67387e968fe0093bb3001234,67387e973988c7f88e001234
83,67387e96d1f255a373001234,67387e97ea5d2f1c46001234
84,67387e967eacb53257001234,67387e97e836d813fd001234
85,67387e96b6f0479ae8001234,67387e97ec8ce6abb3001234
86,67387e96f85454e827001234,67387e97f0935e4cd5001234
87,67387e963c7781a36b001234,67387e97b9228e0962001234
88,67387e9618997733ec001234,67387e9735051070e5001234
89,67387e968d7d8ee069001234,67387e97149e9677a5001234
90,67387e96248e844336001234,67387e979b8619251a001234
91,67387e96a49e9411d6001234,67387e97fbd7939d67001234
92,67387e96ddb30680a6001234,67387e97ea5d2f1c46001234
93,67387e96fccb60fb51001234,67387e97c0e190d826001234
94,67387e96eed5af6add001234,67387e97cfcd208495001234
95,67387e9613f3cf8c53001234,67387e9789f0fd5c92001234
96,67387e961a5b1e4daa001234,67387e97bbcbff5c1f001234
97,67387e96d61e4bbd63001234,67387e97045117b0e0001234
98,67387e96e44fea3bec001234,67387e97c45147dee7001234
99,67387e96821fa74b50001234,67387e97950a4152c2001234
100,67387e9642998cf32d001234,67387e97ad13a2a07c001234
101,67387e96f1b6f2857f001234,67387e97efe937780e001234
102,67387e9668ce199ec2001234,67387e979766527f2b001234
103,67387e96dc6a648964001234,67387e9700411460f7001234
104,67387e96598b3e71ec001234,67387e97be83ab3ecd001234
105,67387e9674071a6733001234,67387e979a96876e2f001234
106,67387e96f770b62bc8001234,67387e97f74909ace6001234
107,67387e96e1e32e235e001234,67387e9758a2fc6ed3001234
108,67387e96a516a87cfc001234,67387e9798b2979500001234
109,67387e96559cb990c9001234,67387e970d0fd7c6e0001234
110,67387e96ff4d5fbbaf001234,67387e97006f52e910001234
111,67387e9610a7cdd970001234,67387e97e369853df7001234
112,67387e96ba2fd310dc001234,67387e97e165421110001234
113,67387e9665658fde58001234,67387e971d7f7abc18001234
114,67387e96c75b6f114c001234,67387e9738b3eff8ba001234
115,67387e968d34201a5b001234,67387e97d18f655c3f001234
116,67387e9694c7bb58ef001234,67387e97f2fc990265001234
117,67387e9615de21c670001234,67387e9701386bd6d8001234
118,67387e966e2713a6ef001234,67387e9768d30a9594001234
119,67387e963a0772443a001234,67387e970266e33d3f001234
120,67387e96f0e52b27a7001234,67387e979766527f2b001234
121,67387e96ffeabd223d001234,67387e976974ce5ac6001234
122,67387e969ad6aaed51001234,67387e978216124282001234
123,67387e9600ac8ed3b4001234,67387e97eb160de1de001234
124,67387e968ebda540cb001234,67387e9768ce199ec2001234
125,67387e96f29c21d489001234,67387e9738db3aed92001234
126,67387e967750ca3559001234,67387e97beed13602b001234
127,67387e965d44ee6f2c001234,67387e9755a7cf9c71001234
128,67387e96b73dfe25b4001234,67387e97218a0aefd1001234
129,67387e9648ab2f9b45001234,67387e9725b2822c2f001234
130,67387e96185c29dc24001234,67387e971c383cd30b001234
131,67387e96abd815286b001234,67387e9719ca14e7ea001234
132,67387e960f96613235001234,67387e9733e75ff09d001234
133,67387e964ffce04d92001234,67387e97d9d4f495e8001234
134,67387e968c7bbbba95001234,67387e97f457c545a9001234
135,67387e96303ed4c698001234,67387e97c0e190d826001234
136,67387e96ab233b682e001234,67387e97d947bf06a8001234
137,67387e9626408ffa70001234,67387e976c4b761a28001234
138,67387e968757150dec001234,67387e97c74d97b01e001234
139,67387e9684117275be001234,67387e97e4a6222cdb001234
140,67387e96fae0b27c45001234,67387e97a1d0c6e83f001234
141,67387e965c04925674001234,67387e9765ded5353c001234
142,67387e9617c276c8e7001234,67387e971c383cd30b001234
143,67387e962dea61eed4001234,67387e979fc3d7152b001234
144,67387e9607a96b1f61001234,67387e976364d3f0f4001234
145,67387e96e70611883d001234,67387e976855456e2f001234
146,67387e9607c5807d0d001234,67387e97941e1aaaba001234
147,67387e96788d986905001234,67387e97dc912a253d001234
148,67387e96aba3b6fd5d001234,67387e976364d3f0f4001234
149,67387e9608419be897001234,67387e97250cf8b51c001234
150,67387e967f1171a78c001234,67387e97fbd7939d67001234
151,67387e9682f2b308c3001234,67387e97bac9162b47001234
152,67387e96d4c2e4a329001234,67387e970aa1883c64001234
153,67387e96d5cfead94f001234,67387e97758874998f001234
154,67387e966c29793a14001234,67387e97335f535208001234
155,67387e960537fb40a6001234,67387e9703afdbd66e001234
156,67387e96e49b8b4053001234,67387e97c3e878e27f001234
157,67387e96912d2b1c7b001234,67387e9741ae36ecb9001234
158,67387e962823f47971001234,67387e974c5bde74a8001234
159,67387e96bf62768ca4001234,67387e9705049e90fa001234
160,67387e965807a685d1001234,67387e971543843a47001234
161,67387e96f2201f5191001234,67387e97f4f6dce2f3001234
162,67387e964ea06fbc83001234,67387e978fe0093bb3001234
163,67387e96b7ee6f5f9a001234,67387e973416a75f4c001234
164,67387e968c6744c9d4001234,67387e97e4a6222cdb001234
165,67387e96f1c1592588001234,67387e9775fc093c0e001234
166,67387e9672da7fd6d1001234,67387e9726337353b7001234
167,67387e96fc8001f834001234,67387e97f2217062e9001234
168,67387e962dace78f80001234,67387e978c19f571e2001234
169,67387e96da8ce53cf0001234,67387e97c042f4db68001234
170,67387e967c590f0149001234,67387e9738af86134b001234
171,67387e967a53928fa4001234,67387e97577bcc914f001234
172,67387e961aa48fc488001234,67387e97ea5d2f1c46001234
173,67387e96dc5689792e001234,67387e97d34ab169b7001234
174,67387e963b5dca501e001234,67387e97bcbe3365e6001234
175,67387e96ce78d1da25001234,67387e9728f0b86459001234
176,67387e96013a006f03001234,67387e97bcbe3365e6001234
177,67387e96b0b183c207001234,67387e97c203d8a151001234
178,67387e96e97ee2054d001234,67387e97877a9ba7a9001234
179,67387e97fc49306d97001234,67387e97ac627ab1cc001234
180,67387e97f9a40a4780001234,67387e9755a7cf9c71001234
181,67387e975ec91aac30001234,67387e972f2b265625001234
182,67387e973b3dbaf685001234,67387e9701161aaa0b001234
183,67387e97ede7e2b6d1001234,67387e97f033ab37c3001234
184,67387e97aeb3135b43001234,67387e9743ec517d68001234
185,67387e971f50893f80001234,67387e97428fca9bc1001234
186,67387e97704afe0739001234,67387e972a79ea27c2001234
187,67387e9707871915a8001234,67387e9743ec517d68001234
188,67387e975705e1164a001234,67387e9703afdbd66e001234
189,67387e9701882513d5001234,67387e97093f65e080001234
190,67387e97acf4b89d3d001234,67387e97efe937780e001234
191,67387e9724896ee4c6001234,67387e979f61408e3a001234
192,67387e9723ce185134001234,67387e97149e9677a5001234
193,67387e976d0f846348001234,67387e9741ae36ecb9001234
194,67387e97430c3626b8001234,67387e97ac1dd209cb001234
195,67387e97c4015b7f36001234,67387e97d296c101da001234
196,67387e97d2ed45a52b001234,67387e97c52f1bd66c001234
197,67387e97b55ec28c52001234,67387e97a3c65c2974001234
198,67387e9764223ccf70001234,67387e9743ec517d68001234
199,67387e971c1d4df596001234,67387e97a1d0c6e83f001234
200,67387e972ba596643c001234,67387e97d947bf06a8001234
201,67387e970f840be9b8001234,67387e97c24cd76e1c001234
202,67387e97d707329bec001234,67387e97f9b902fc32001234
203,67387e976602294be9001234,67387e979fc3d7152b001234
204,67387e97c32d9bf27a001234,67387e971d7f7abc18001234
205,67387e97287e03db1d001234,67387e97e46de7e1bc001234
206,67387e97fec8d47d41001234,67387e97e46de7e1bc001234
207,67387e97d93ed5b6db001234,67387e972f55707d41001234
208,67387e974fac9ba115001234,67387e97c410003ef1001234
209,67387e977b13b22030001234,67387e97f457c545a9001234
210,67387e97aa68c75c4a001234,67387e975a4b25aaed001234
211,67387e97d7322ed717001234,67387e979dcb88e013001234
212,67387e97298923c819001234,67387e97f2fc990265001234
213,67387e9708fe2621d8001234,67387e97e56954b4f6001234
214,67387e97ef50c335cc001234,67387e97f5f8590cd5001234
215,67387e9765cc2c8205001234,67387e97a87ff679a2001234
216,67387e970768281a05001234,67387e97a2557a7b2e001234
217,67387e97e17184bcb7001234,67387e97e96ed478da001234
218,67387e97eddb904a6d001234,67387e97854d9fca60001234
219,67387e9720b5e1cf86001234,67387e97ac1dd209cb001234
220,67387e97b4d168b481001234,67387e97502e4a1693001234
221,67387e97299a23a229001234,67387e97be83ab3ecd001234
222,67387e97fc2c7c47b9001234,67387e9737bc2f75bf001234
223,67387e97dc58e3a306001234,67387e97357a6fdf76001234
224,67387e97a1519de5b5001234,67387e971ff1de7740001234
225,67387e97390e982518001234,67387e97e2c420d928001234
226,67387e97731c83db8d001234,67387e9793db85ed90001234
227,67387e974f16c81887001234,67387e97a1d0c6e83f001234
228,67387e97b1563a78ec001234,67387e9768d30a9594001234
229,67387e9703f5446139001234,67387e97d296c101da001234
230,67387e976a2feef8ed001234,67387e97e96ed478da001234
231,67387e97a016070970001234,67387e974c5bde74a8001234
232,67387e97c6bff625bd001234,67387e97a5e0013237001234
233,67387e97af21d0c97d001234,67387e9716a5cdae36001234
234,67387e978f1d43620b001234,67387e97fc490ca45c001234
235,67387e97d6ef5f7fa9001234,67387e9757aeee35c9001234
236,67387e970eec27c419001234,67387e970f28b5d49b001234
237,67387e978597a6cfa7001234,67387e97b1d10e7baf001234
238,67387e973b712de481001234,67387e97be83ab3ecd001234
239,67387e972cfd456053001234,67387e9774071a6733001234
240,67387e97678a149151001234,67387e9758238e9ae2001234
241,67387e97f7f580e11d001234,67387e9767f7fb873e001234
242,67387e97208e43f0e4001234,67387e97182be0c5cd001234
243,67387e974588e674d3001234,67387e97077e29b11b001234
244,67387e970c048b3a43001234,67387e97c74d97b01e001234
245,67387e9716e6a3326d001234,67387e979fc3d7152b001234
246,67387e972f29b6e3ab001234,67387e9753c3bce66e001234
247,67387e971e1d184167001234,67387e97c51ce410c1001234
248,67387e973473decccb001234,67387e9766368270ff001234
249,67387e971896a3bf73001234,67387e9738af86134b001234
250,67387e970e095e054e001234,67387e976f3ef77ac0001234
251,67387e974f284803bd001234,67387e9748aedb8880001234
252,67387e97a42a596fc7001234,67387e97a516a87cfc001234
253,67387e97fe2d010308001234,67387e971d7f7abc18001234
254,67387e97fb2fcd534b001234,67387e97e2ef524fbf001234
255,67387e977e7e69ea33001234,67387e979bf31c7ff0001234
256,67387e973a029f04d7001234,67387e97c3e878e27f001234
257,67387e973210ddbeaa001234,67387e9763dc7ed101001234
258,67387e97e53a0a2978001234,67387e9719ca14e7ea001234
259,67387e977bccfde771001234,67387e97e165421110001234
260,67387e972de5d16682001234,67387e972b44928ae1001234
261,67387e9739e4973ba3001234,67387e979188905e74001234
262,67387e972ba8698b79001234,67387e97db8e1af0cb001234
263,67387e97f4573fc71c001234,67387e97a0a080f42e001234
264,67387e977eb3c8be3d001234,67387e970d0fd7c6e0001234
265,67387e977810ccd41b001234,67387e9704025959b1001234
266,67387e97e702e51da2001234,67387e973644a684f9001234
267,67387e97d94e18a8ad001234,67387e971afa34a7f9001234
268,67387e97c0a271bc0e001234,67387e97357a6fdf76001234
269,67387e9771f6278d14001234,67387e971679091c5a001234
270,67387e97f93882cbd8001234,67387e975878a7ab84001234
271,67387e97a0872cc5b5001234,67387e97e4a6222cdb001234
272,67387e9750905d7b22001234,67387e97019d385eb6001234
273,67387e9776cf99d361001234,67387e97d61e4bbd63001234
274,67387e971ee3dfcd8a001234,67387e97d81f9c1be2001234
275,67387e97fe51510c80001234,67387e978fe0093bb3001234
276,67387e97d10ec7c16c001234,67387e97faa9afea49001234
277,67387e9733ebd5b07d001234,67387e97642e92efb7001234
278,67387e9786109d400f001234,67387e978fe0093bb3001234
279,67387e97861dc9bd7f001234,67387e9705049e90fa001234
280,67387e973e313b9bad001234,67387e9758238e9ae2001234
281,67387e978d3369c4c0001234,67387e97274ad4786c001234
282,67387e976c1da88682001234,67387e970bb4aec171001234
283,67387e970e3a37aa85001234,67387e9796da2f590c001234
284,67387e9781ca0262c8001234,67387e97758874998f001234
285,67387e97e56b06c51e001234,67387e977eabe3a164001234
286,67387e9770feb62b69001234,67387e976a9aeddfc6001234
287,67387e97bad5f33780001234,67387e97a02ffd91ec001234
288,67387e97ea8fcd92d5001234,67387e975f93f98352001234
289,67387e974e0d67e54a001234,67387e97e96ed478da001234
290,67387e97c082681963001234,67387e973fe94a0023001234
291,67387e97602d130567001234,67387e979fd81843ad001234
292,67387e977b5b23f4aa001234,67387e97b73ce398c3001234
293,67387e970e4e946668001234,67387e97577ef1154f001234
294,67387e9730c8e1ca87001234,67387e9734173cb38f001234
295,67387e97489d0396e6001234,67387e979dcb88e013001234
296,67387e97970af30e48001234,67387e97dc912a253d001234
297,67387e970663a4ddce001234,67387e9738db3aed92001234
298,67387e97e11943a603001234,67387e977f100b7b36001234
299,67387e9756468d5607001234,67387e97f033ab37c3001234
300,67387e97a8f8f60264001234,67387e9737a749d808001234
301,67387e97db6ebd0566001234,67387e97310dcbbf4c001234
302,67387e97b265ce60fe001234,67387e974734ba6f3d001234
303,67387e97e94f63f579001234,67387e9748aedb8880001234
304,67387e972dffbc474a001234,67387e971ff8a7b5dc001234
305,67387e9701d8bae291001234,67387e97faa9afea49001234
306,67387e97c913303f39001234,67387e9751d92be1c6001234
307,67387e976d9cb7de5e001234,67387e9739461a19e9001234
308,67387e9742ffcf057e001234,67387e9763dc7ed101001234
309,67387e97daa96d9681001234,67387e970640966322001234
310,67387e97571d3a9420001234,67387e976c4b761a28001234
311,67387e97ab541d874c001234,67387e97f2fc990265001234
312,67387e971415db70fe001234,67387e97142949df56001234
313,67387e976490791e7a001234,67387e97502e4a1693001234
314,67387e97b5488aeff4001234,67387e970aa1883c64001234
315,67387e9742d6c7d614001234,67387e976cdd60ea00001234
316,67387e97df12ecd077001234,67387e979872ed9fc2001234
317,67387e97471c75ee66001234,67387e97a49e9411d6001234
318,67387e9799adff4569001234,67387e9736660e5985001234
319,67387e970804083708001234,67387e9744f683a841001234
320,67387e97748ba69d3e001234,67387e97158f3069a4001234
321,67387e97b5a1fc2085001234,67387e97d9d4f495e8001234
322,67387e9717e23e50be001234,67387e975ef0b4eba3001234
323,67387e97204da255ae001234,67387e97f90f2aca5c001234
324,67387e97351b33587c001234,67387e973fe94a0023001234
325,67387e97d961e9f236001234,67387e97e1e32e235e001234
326,67387e977bd28f15a4001234,67387e9763923f49e5001234
327,67387e977e1d842d0f001234,67387e97a96b65a721001234
328,67387e9795d309f0b0001234,67387e97d645920e39001234
329,67387e97b710915795001234,67387e97ec5decca5e001234
330,67387e975129a5ddcd001234,67387e97b3e3e393c7001234
331,67387e97d72fbbccd9001234,67387e97060ad92489001234
332,67387e9706a81a4fb9001234,67387e97bbf94b34eb001234
333,67387e979597353e41001234,67387e97735b90b456001234
334,67387e977a6a74cbe8001234,67387e9726e359e838001234
335,67387e9746031b3d04001234,67387e976cdd60ea00001234
336,67387e976dd4e10e32001234,67387e97a01a0380ca001234
337,67387e9742a3964579001234,67387e971543843a47001234
338,67387e977e23052265001234,67387e9789f0fd5c92001234
339,67387e97c1fea270c4001234,67387e97a516a87cfc001234
340,67387e9796de2547f4001234,67387e978dd48d6a2e001234
341,67387e97207f88018f001234,67387e9733e75ff09d001234
342,67387e97b147a61c1d001234,67387e97352fe25daf001234
343,67387e97c0560792e4001234,67387e97115f895031001234
344,67387e97e449b9317d001234,67387e97fe131d7f5a001234
345,67387e974f398cb9d6001234,67387e977eabe3a164001234
346,67387e972451041557001234,67387e973cf166c6b7001234
347,67387e97d43ab110ab001234,67387e97f4f6dce2f3001234
348,67387e97b59a51a3c0001234,67387e97e2ef524fbf001234
349,67387e97e721a54a8c001234,67387e974e732ced34001234
350,67387e97673271cc47001234,67387e9742998cf32d001234
351,67387e9715231a7ce4001234,67387e9755a7cf9c71001234
352,67387e975a142a5546001234,67387e9782cec96096001234
353,67387e97a941493eee001234,67387e97c3e878e27f001234
354,67387e97f3144cefe8001234,67387e97cedebb6e87001234
355,67387e9728dc6b0e1b001234,67387e97559cb990c9001234
356,67387e977137debd45001234,67387e978d7d8ee069001234
357,67387e97851300ee84001234,67387e97a87ff679a2001234
358,67387e97ab2b41c638001234,67387e972b24d49505001234
359,67387e9770ece1e1e0001234,67387e97b3e3e393c7001234
360,67387e9797d9811903001234,67387e9705f971b5ec001234
361,67387e97442cde8169001234,67387e979dfcd5e558001234
362,67387e9754e36c5ff5001234,67387e9792c8c96e4c001234
363,67387e97231141b34c001234,67387e9736660e5985001234
364,67387e97d8d31bd778001234,67387e9707e1cd7dca001234
365,67387e97cefab442b1001234,67387e97cf004fdc76001234
366,67387e97d2cdf047a6001234,67387e97218a0aefd1001234
367,67387e972612aa892d001234,67387e97eb160de1de001234
368,67387e9796a93ba89a001234,67387e978e98d81f82001234
369,67387e974abe17a1c8001234,67387e97e0c641195b001234
370,67387e978c01a75941001234,67387e979766527f2b001234
371,67387e974a2ddf148c001234,67387e97f7177163c8001234
372,67387e97365d177700001234,67387e978216124282001234
373,67387e97db957c626a001234,67387e970e65972dce001234
374,67387e97d25414405e001234,67387e97d2ddea18f0001234
375,67387e97052335232b001234,67387e97e4a6222cdb001234
376,67387e97c8cbd669cf001234,67387e9703c6b06952001234
377,67387e970731460a8a001234,67387e970640966322001234
378,67387e978d9fc2308c001234,67387e9702522a2b27001234
379,67387e97ac5dab2e99001234,67387e97c0e190d826001234
380,67387e97f39ae9ff3a001234,67387e97a8abb4bb28001234
381,67387e97cd14821dab001234,67387e979c838d2e45001234
382,67387e97faacbcd5bf001234,67387e9702522a2b27001234
383,67387e97fface8385a001234,67387e9767c6a1e7ce001234
384,67387e979a1de01f89001234,67387e9765b9eea6e1001234
385,67387e9785f007f8c5001234,67387e9725b2822c2f001234
386,67387e97201d7288b4001234,67387e976ea9ab1baa001234
387,67387e974888241374001234,67387e971700002963001234
388,67387e97cd63a3eec3001234,67387e97f340f1b1f6001234
389,67387e97eb1e78328c001234,67387e97fc22130974001234
390,67387e9749ad23d1ec001234,67387e976cdd60ea00001234
391,67387e974e87337f36001234,67387e9767c6a1e7ce001234
392,67387e97d072677d21001234,67387e9726657d5ff9001234
393,67387e9769d1fc78db001234,67387e97c410003ef1001234
394,67387e97d305281faf001234,67387e97428fca9bc1001234
395,67387e97d4b2aeb245001234,67387e97077e29b11b001234
396,67387e977e9e346dc5001234,67387e97a516a87cfc001234
397,67387e9744a2e08049001234,67387e9701161aaa0b001234
398,67387e977302e3f5e7001234,67387e97bca82e41ee001234
399,67387e9756f9f88906001234,67387e97812b4ba287001234
400,67387e976be5336db2001234,67387e974c5bde74a8001234
401,67387e97fc4ddc15f9001234,67387e977d04bbbe54001234
402,67387e9773e0f7487b001234,67387e97cedebb6e87001234
403,67387e9777369e37b2001234,67387e97fc490ca45c001234
404,67387e9704df4d434d001234,67387e97ad972f10e0001234
405,67387e97e74c0d42b4001234,67387e9744f683a841001234
406,67387e979f6992966d001234,67387e97ac1dd209cb001234
407,67387e975103c3584b001234,67387e974c5bde74a8001234
408,67387e9729530de214001234,67387e973ad7c2ebb9001234
409,67387e97de03beffee001234,67387e973644a684f9001234
410,67387e97a82d922b13001234,67387e976ea2ef7311001234
411,67387e974d8556695c001234,67387e97758874998f001234
412,67387e977d2b92b672001234,67387e97d1f491a404001234
413,67387e97b3b4d2dbed001234,67387e97f0935e4cd5001234
414,67387e97d68a182754001234,67387e97f340f1b1f6001234
415,67387e9796055f5b06001234,67387e972b44928ae1001234
416,67387e97c5b2cebf15001234,67387e97ad13a2a07c001234
417,67387e9708f90c1a41001234,67387e97e00da03b68001234
418,67387e974ba29b9f9e001234,67387e9702e74f10e0001234
419,67387e97ea5a486c71001234,67387e97877a9ba7a9001234
420,67387e978d8818c8e1001234,67387e97c058f544c7001234
421,67387e975531a58348001234,67387e9726657d5ff9001234
422,67387e97093b60fd05001234,67387e9728f0b86459001234
423,67387e97a48564053b001234,67387e97ef575e8837001234
424,67387e97d79c6256b9001234,67387e97a3c65c2974001234
425,67387e97d8330f857a001234,67387e9749182f81e6001234
426,67387e973875115bac001234,67387e979b70e8fe62001234
427,67387e97051928341b001234,67387e97821fa74b50001234
428,67387e97a96d3afec1001234,67387e97e369853df7001234
429,67387e9716ba72172e001234,67387e9798b2979500001234
430,67387e976f4920ea25001234,67387e970bb4aec171001234
431,67387e97b5f1e8fb36001234,67387e978bf1211fd4001234
432,67387e97325995af77001234,67387e97d709f38ef7001234
433,67387e97fb2e203234001234,67387e97a8c88a0055001234
434,67387e976492d38d73001234,67387e9794f6d7e04a001234
435,67387e97819e3d6c13001234,67387e97138bb06965001234
436,67387e9754ff9e9e3a001234,67387e9769adc1e107001234
437,67387e97e0a209539d001234,67387e979cfdf10e8f001234
438,67387e9726f5bd4aa6001234,67387e9763dc7ed101001234
439,67387e978232e119d8001234,67387e97ab817c9349001234
440,67387e9724f0d2c904001234,67387e9718d8042386001234
441,67387e97c3535febaf001234,67387e97432aca3a1e001234
442,67387e9701931a6925001234,67387e97f718499c1c001234
443,67387e975a1e3a5aed001234,67387e977647966b73001234
444,67387e97f15d337c70001234,67387e972b24d49505001234
445,67387e97fca0789e78001234,67387e97c203d8a151001234
446,67387e979a49a25d84001234,67387e97aa942ab2bf001234
447,67387e97cb8da67674001234,67387e97c0e190d826001234
448,67387e97a381c2c35c001234,67387e971385974ed5001234
449,67387e971819932ff5001234,67387e97dc6a648964001234
450,67387e976e5025ccc7001234,67387e970deb1c5481001234
451,67387e97bd0cc810b5001234,67387e97fa7cdfad1a001234
452,67387e973a1dd98341001234,67387e97a3c65c2974001234
453,67387e9781b3833e25001234,67387e974c56ff4ce4001234
454,67387e97ea119a40c1001234,67387e97a97da629b0001234
455,67387e971145a30ff8001234,67387e971afa34a7f9001234
456,67387e97e45823afe1001234,67387e974f4adcbf8c001234
457,67387e974b4edc2630001234,67387e97beed13602b001234
458,67387e97db116b39f7001234,67387e970c74b7f784001234
459,67387e9702e656adee001234,67387e97d1f255a373001234
460,67387e97443dec3062001234,67387e975a4b25aaed001234
461,67387e974ae67a7dd7001234,67387e9703afdbd66e001234
462,67387e972a8a812400001234,67387e97091d584fce001234
463,67387e97e0f7a4d0ef001234,67387e97c410003ef1001234
464,67387e97b166b57d19001234,67387e975ef0b4eba3001234
465,67387e97b6e32320fa001234,67387e9784d9ee44e4001234
466,67387e973147da8ab4001234,67387e976c524f9d5d001234
467,67387e9710907813b9001234,67387e97ea5d2f1c46001234
468,67387e97be6c7b094f001234,67387e97d709f38ef7001234
