incremental_id,type,serial_number,id
0,Knife,59b4b4c5-a62b-4c32-ad22-32abfa08003c,673ef5fdcfcd208495001234
1,Gun,ec39667f-51ac-4cfb-a727-84283f09ad94,673ef5fdc4ca4238a0001234
2,Knife,a81b7f18-ca92-4611-b83b-805ef515bf62,673ef5fdc81e728d9d001234
3,Hammer,a8a2332e-7767-4307-9671-f709e55597c0,673ef5fdeccbc87e4b001234
4,Gun,8a4bede6-7134-4343-b422-f41b0ae503df,673ef5fda87ff679a2001234
5,Ax,1a545b73-0496-415f-bbce-fa63b83af962,673ef5fde4da3b7fbb001234
6,Hammer,6f548926-58e7-4aae-9a44-9d3f9ba6e044,673ef5fd1679091c5a001234
7,Ax,6497d354-d1de-49c7-a47d-85086cb90f3e,673ef5fd8f14e45fce001234
8,Knife,3b5ccedc-2a5a-4158-83ae-67448132c3ce,673ef5fdc9f0f895fb001234
9,Gun,2ac0311e-80ba-46d6-9548-a1be14c5bfb2,673ef5fd45c48cce2e001234
10,Ax,7726576a-1f4d-4d19-9b3c-6a5b6312d309,673ef5fdd3d9446802001234
11,Gun,98c94b83-7169-4123-81bb-dcff1f35a605,673ef5fd6512bd43d9001234
12,Hammer,79f3957c-46e2-4c20-b6e7-0468a4a94002,673ef5fdc20ad4d76f001234
13,Knife,d242324a-fbf6-4207-832e-3c3a9bd45ab6,673ef5fdc51ce410c1001234
14,Ax,e0aa6803-3d3a-443c-9f44-0d18ef9082a0,673ef5fdaab3238922001234
15,Gun,09058c2a-e35b-4a7a-91f9-4ef5a7e03fb4,673ef5fd9bf31c7ff0001234
16,Hammer,6a21e05c-06ac-469b-8418-97ab2a7734a2,673ef5fdc74d97b01e001234
17,Hammer,6b1283e9-e8ba-4d0a-8e8e-3548c6202e00,673ef5fd70efdf2ec9001234
18,Ax,4535ab69-2913-49aa-9798-29fcc7df7ee8,673ef5fd6f4922f455001234
19,Ax,9ad03ec6-71c0-4bb6-aff1-8c4fce3f5439,673ef5fd1f0e3dad99001234
20,Ax,7fea61e7-115f-4180-b923-2b2f98fa3eb7,673ef5fd98f1370821001234
21,Hammer,73bbbab6-cf64-47aa-a2bd-b0d9937ed5af,673ef5fd3c59dc048e001234
22,Gun,42beb57c-341a-415c-b60f-93ae231bb5bd,673ef5fdb6d767d2f8001234
23,Hammer,35dee35f-3add-4842-a3f9-61e2bd836efe,673ef5fd37693cfc74001234
24,Ax,b11c5198-273f-45ad-8fc5-cdec0ab84ef0,673ef5fd1ff1de7740001234
25,Knife,a2f479cb-31f1-4001-abfb-0b1b7a4878f5,673ef5fd8e296a067a001234
26,Hammer,c1775586-609c-46b1-8d73-e0ee56bae210,673ef5fd4e732ced34001234
27,Hammer,76fd94f9-b5a7-45ce-b5b1-2d06bcef14d5,673ef5fd02e74f10e0001234
28,Knife,6425a2a9-56f8-4293-9fda-44294319eb57,673ef5fd33e75ff09d001234
29,Gun,65afcb1a-79fc-424f-86bd-932a6bf04253,673ef5fd6ea9ab1baa001234
30,Knife,f0acccbd-280c-4d36-b2d1-2773a8272e15,673ef5fd34173cb38f001234
31,Ax,97bbe969-e601-47c2-8cad-450b57a949a0,673ef5fdc16a5320fa001234
32,Ax,2aec5c45-0c7a-42f5-9196-958d4a5d3c6d,673ef5fd6364d3f0f4001234
33,Knife,97b61755-92aa-4a83-90a2-a0cc6ce3b4ab,673ef5fd182be0c5cd001234
34,Gun,c32b1e8f-8b1e-48c1-aeec-bc8ddf1801ca,673ef5fde369853df7001234
35,Gun,6f12805c-3bd3-4e2a-b03e-7c3b5b45a4af,673ef5fd1c383cd30b001234
36,Ax,13835105-d48a-4dc5-9196-2bc7067a9639,673ef5fd19ca14e7ea001234
37,Ax,05784dd6-1180-405b-bd74-3ba082b06538,673ef5fda5bfc9e079001234
38,Knife,6b660a56-ff81-4ccc-9cf1-a4ed9a273c1b,673ef5fda5771bce93001234
39,Knife,da3cbfd6-9ad9-464f-9a21-4f50e70c92ee,673ef5fdd67d8ab4f4001234
40,Ax,8aa1c77a-ecba-43d7-adcb-63804c177f8b,673ef5fdd645920e39001234
41,Ax,7eca0729-d594-4286-947a-d4393af970c1,673ef5fd3416a75f4c001234
42,Knife,c7ac715e-da7a-49c3-ae41-6f730ce46187,673ef5fda1d0c6e83f001234
43,Knife,90e9e2bc-8b9e-46c8-8ab6-d23297fea86f,673ef5fd17e62166fc001234
44,Ax,7a17bd1e-f96d-4f84-a432-3d3f82cb74a3,673ef5fdf7177163c8001234
45,Hammer,7bd195d7-37ff-4482-8cfa-1934eeb08678,673ef5fd6c8349cc72001234
46,Knife,58170761-dd1e-4e8d-8c8e-c88841f78ccf,673ef5fdd9d4f495e8001234
47,Ax,a73f4c12-d786-4a2c-b3ee-1bac5166230e,673ef5fd67c6a1e7ce001234
48,Gun,080de9cd-a1e6-4a61-9196-5e524765cf52,673ef5fd642e92efb7001234
49,Ax,8862c544-ed65-410e-b7ed-ed947da54d6a,673ef5fdf457c545a9001234
50,Hammer,2109324d-65ef-4abc-a28f-1622a35d8bbc,673ef5fdc0c7c76d30001234
51,Knife,0b02ae02-630c-46fa-924c-029373b5228d,673ef5fd2838023a77001234
52,Hammer,490510c6-b5cc-453a-acaa-52236c391af4,673ef5fd9a1158154d001234
53,Hammer,cbe7fc4d-e7db-4cae-a210-24ceface0bf6,673ef5fdd82c8d1619001234
54,Hammer,1272a805-d5ce-45a9-b06a-7c707651a9a7,673ef5fda684eceee7001234
55,Knife,f3943060-2bab-4532-b5a2-a28162c8110b,673ef5fdb53b3a3d6a001234
56,Hammer,3be4b6d1-bdf0-4ee3-9f6d-886c9b7e0b53,673ef5fd9f61408e3a001234
57,Knife,6f41b1e1-fd37-421f-a12e-5ace5e0bce56,673ef5fd72b32a1f75001234
58,Ax,7032c660-bdca-42f5-96bf-f7f1a331e0b3,673ef5fd66f041e16a001234
59,Ax,c4ba8ddf-b4f9-4207-9395-cd31b8543aff,673ef5fd093f65e080001234
60,Gun,23afe42e-e17a-4955-8eb5-91871982e7a8,673ef5fd072b030ba1001234
61,Hammer,a035a7dc-1d38-41c3-8610-21a7cfd1c3af,673ef5fd7f39f8317f001234
62,Ax,a3cf843e-6d9f-43ac-b075-cb498a1f8c43,673ef5fd44f683a841001234
63,Ax,aabba159-a3ad-4df4-84e8-06e5b76aa3f9,673ef5fd03afdbd66e001234
64,Ax,cf1fccf5-0f61-4936-b800-fb085769548e,673ef5fdea5d2f1c46001234
65,Hammer,c91d6035-5048-4178-a6b1-7228fef4ba79,673ef5fdfc490ca45c001234
66,Gun,ce456847-b519-472d-a3ff-ddb563e28121,673ef5fd3295c76acb001234
67,Hammer,410f2b15-f675-4bdc-9c7a-bd6ff037714b,673ef5fd735b90b456001234
68,Hammer,51d6576c-f568-49a6-bdfa-bb622339d724,673ef5fda3f390d88e001234
69,Knife,28c9cc56-b0cd-4a4b-8c91-289a5373f627,673ef5fd14bfa6bb14001234
70,Knife,ab5c0edb-2ae1-47e0-9ed3-1ddd91de6c6a,673ef5fd7cbbc409ec001234
71,Hammer,6a4eef32-bc6d-4f90-bf8c-6ffed13517df,673ef5fde2c420d928001234
72,Knife,b0f83e52-152f-443d-8474-b7f7a0b8839b,673ef5fd32bb90e897001234
73,Knife,85333049-d2c1-42c0-84db-1abcb6f99184,673ef5fdd2ddea18f0001234
74,Hammer,d387a2eb-087b-4634-b157-06a699206d74,673ef5fdad61ab1432001234
75,Ax,704e285d-cfe4-451a-894d-5008c82b3bf0,673ef5fdd09bf41544001234
76,Gun,fd20f0ca-d1f4-4e29-bb1b-fed2c6c1c508,673ef5fdfbd7939d67001234
77,Ax,9f80aab4-874c-46be-8cf5-735f42eeb39c,673ef5fd28dd2c7955001234
78,Knife,ae94a239-6465-4b7b-8ad0-921a3e651677,673ef5fd35f4a8d465001234
79,Gun,a97d80b6-4f79-4cf9-9db9-c326ae9f86de,673ef5fdd1fe173d08001234
80,Ax,a381b021-600d-442a-8c66-e6a1c65db1d6,673ef5fdf033ab37c3001234
81,Gun,78b9bb62-41cc-40b5-8689-78ffd0428014,673ef5fd43ec517d68001234
82,Knife,1139cdb6-ade7-488b-911c-7793bff75b19,673ef5fd9778d5d219001234
83,Hammer,37fbfdf1-3b77-4028-b1f4-86475fe5db23,673ef5fdfe9fc289c3001234
84,Ax,e7cccf1b-8cb8-4f12-92ec-5464fd50266a,673ef5fd68d30a9594001234
85,Ax,6430902f-ce47-4a31-ae69-60423fdc91a1,673ef5fd3ef815416f001234
86,Ax,0dca1616-8744-4f8e-8dcc-d024a72b3934,673ef5fd93db85ed90001234
87,Hammer,b962fe69-69ed-494e-8f2a-af5efc90a2e5,673ef5fdc7e1249ffc001234
88,Knife,90975920-0b3b-402c-93ce-26e9ae13a4a6,673ef5fd2a38a4a931001234
89,Hammer,05918616-52bf-4c86-9b81-ba564f90c687,673ef5fd7647966b73001234
90,Ax,506a3f8a-342b-4eb4-a605-e0e8a1bd8f33,673ef5fd8613985ec4001234
91,Hammer,56179508-1d31-4b3f-b98b-0e378c5a39f5,673ef5fd54229abfcf001234
92,Knife,35304a4a-0ac7-481f-8371-0d8ad6b49a76,673ef5fd92cc227532001234
93,Gun,ea62351f-8c86-4b9d-82ae-5e3db0c8a6a9,673ef5fd98dce83da5001234
94,Gun,f680b4df-49d7-4590-b907-3348894cd7e0,673ef5fdf4b9ec30ad001234
95,Knife,9d278151-69ec-4660-aa08-5690e816b50d,673ef5fd812b4ba287001234
96,Gun,a408d72b-85d9-4b2b-b03e-1f86ce293bbc,673ef5fd26657d5ff9001234
97,Knife,751614b6-f0fd-459e-922f-a65b837c9e7c,673ef5fde2ef524fbf001234
98,Knife,724a7f71-4d16-45d7-806a-742109aff142,673ef5fded3d2c2199001234
99,Ax,cd3a8018-3b94-43f2-8581-1f04eeb1142d,673ef5fdac627ab1cc001234
100,Gun,7442c1b7-0b70-43cb-96a4-bd0ea19b796f,673ef5fdf899139df5001234
101,Ax,c4b10262-22d0-4670-beec-eda6af1fef15,673ef5fd38b3eff8ba001234
102,Gun,5cef9d1b-b160-4780-a3f7-d4c59ab03cca,673ef5fdec8956637a001234
103,Gun,dea408c2-912d-451c-b689-9f18b4b089fb,673ef5fd6974ce5ac6001234
104,Gun,c381899b-ced2-4526-8f95-f2b403070ea4,673ef5fdc9e1074f5b001234
105,Hammer,d5989987-6216-42e6-80bc-f5b5c44deb29,673ef5fd65b9eea6e1001234
106,Ax,2181d91c-84e3-4ad7-b955-8243ccde6b09,673ef5fdf0935e4cd5001234
107,Ax,53340af8-a2a2-4a21-b94b-2bc99d500cd0,673ef5fda97da629b0001234
108,Gun,adccc487-c170-4d09-b4b2-54d75e9caff3,673ef5fda3c65c2974001234
109,Ax,79ac3ead-ab76-4750-9385-87b1f359f3ef,673ef5fd2723d092b6001234
110,Ax,616f089d-9c97-4272-ae72-da8a9a6b4ca7,673ef5fd5f93f98352001234
111,Hammer,38ee8ccd-d453-4fe3-9d36-63db8973b610,673ef5fd698d51a19d001234
112,Gun,6acd03a4-5d58-4c79-8b41-ddba7eb9da31,673ef5fd7f6ffaa6bb001234
113,Knife,c09abe35-2ef2-4c26-8f53-a16082627cfa,673ef5fd73278a4a86001234
114,Hammer,c65fb5b7-698c-40ec-9ddf-f1d63e21063a,673ef5fd5fd0b37cd7001234
115,Knife,8f80f51b-65b7-46ab-959c-730a91f29037,673ef5fd2b44928ae1001234
116,Ax,eb62195c-9341-422e-8dd7-b1fba385aab0,673ef5fdc45147dee7001234
117,Gun,d0eeddf8-0fdf-42fd-a415-54d66aef6b6f,673ef5fdeb160de1de001234
118,Hammer,08555e3d-91ce-464f-ab6b-bcdb93185f49,673ef5fd5ef059938b001234
119,Hammer,d0f99f51-42e7-49b5-a38d-c72c438a61ae,673ef5fd07e1cd7dca001234
120,Knife,4a894201-2b6b-4d6b-956e-cc2b480c585b,673ef5fdda4fb5c6e9001234
121,Knife,caba118f-35e5-432f-aacf-2913f3b36fd3,673ef5fd4c56ff4ce4001234
122,Gun,b95a1a4c-14f2-4380-a063-12378ad26dd5,673ef5fda0a080f42e001234
123,Ax,0e65c67c-809d-4e1e-82e7-5c3d1cc91835,673ef5fd202cb962ac001234
124,Ax,5a9becc9-c0cd-49b6-b885-bacf584a12f8,673ef5fdc8ffe9a587001234
125,Ax,0d766ffb-fa5f-4739-8093-2e0806f23aa6,673ef5fd3def184ad8001234
126,Knife,ada8e679-60f0-4453-a912-648f0787e8b3,673ef5fd069059b7ef001234
127,Gun,c7ceb6d4-aa6e-4d01-bc1f-e0ad832e164b,673ef5fdec5decca5e001234
128,Gun,0bb0e954-29d8-4856-b9c5-4f64f6bf0092,673ef5fd76dc611d6e001234
129,Ax,5e0122d2-3db4-414b-b63e-eab6862e9726,673ef5fdd1f491a404001234
130,Hammer,f574806e-2cd1-4f75-a5d5-5ecc481a6e70,673ef5fd9b8619251a001234
131,Ax,4313cfc8-4eb4-4bc6-ae15-662afa14d104,673ef5fd1afa34a7f9001234
132,Ax,2d2bc1d4-e122-4815-ae36-8f9b1b968e16,673ef5fd65ded5353c001234
133,Hammer,57aca8ee-e09e-4045-9e05-abb770c07dc5,673ef5fd9fc3d7152b001234
134,Knife,2bf6caa8-d813-46b7-85fd-dcc0f9d66f89,673ef5fd02522a2b27001234
135,Gun,372084f3-e353-4a3e-bfce-229ff599b827,673ef5fd7f1de29e6d001234
136,Ax,04287d9c-00e5-459a-9e40-ca0b5191434c,673ef5fd42a0e188f5001234
137,Knife,9896a5c9-1cfa-4a47-91c5-865edff218fd,673ef5fd3988c7f88e001234
138,Gun,87e11340-b474-428b-9cd3-155bce0c9a47,673ef5fd013d407166001234
139,Hammer,628488bb-c001-42d8-aa73-dabc4e07b5fd,673ef5fde00da03b68001234
140,Knife,fa0a2a9a-c69a-4a93-9542-c6b2c574ab4c,673ef5fd1385974ed5001234
141,Ax,ce3b6cbe-ce22-4ed4-b8a9-c173862f3fa5,673ef5fd0f28b5d49b001234
142,Knife,d8caeff4-aa81-4183-87b4-7196f4b656e6,673ef5fda8baa56554001234
143,Ax,1c44a68d-1533-46e8-b660-151ca273f2df,673ef5fd903ce9225f001234
144,Knife,d5537166-4d2c-46b2-8926-db3ffb211062,673ef5fd0a09c8844b001234
145,Knife,a047e3c8-3c0c-45c0-99f1-335a712b7e05,673ef5fd2b24d49505001234
146,Knife,f2d41b95-a485-4d7f-a2df-ab91574dd9a4,673ef5fda5e0013237001234
147,Ax,47e00c98-9812-4ae6-8256-7256c88f9fd7,673ef5fd8d5e957f29001234
148,Ax,ed4ca320-2584-42cd-a81b-63740111eca2,673ef5fd47d1e99058001234
149,Knife,181a5601-563f-485f-a624-31374f6243e5,673ef5fdf2217062e9001234
150,Ax,41319a4f-5db3-4c14-9d9e-e9333463a328,673ef5fd7ef605fc8d001234
151,Gun,52030816-ca15-484c-aa12-1d8b1119794e,673ef5fda8f15eda80001234
152,Ax,20d8b073-326e-4658-ac76-5b87ee33826b,673ef5fd37a749d808001234
153,Gun,6e09f571-ed73-4b2d-9bba-75adf36f742f,673ef5fdb3e3e393c7001234
154,Ax,898e3b1e-ce26-4582-aabd-ad586d9dbc2b,673ef5fd1d7f7abc18001234
155,Gun,0fca1eac-abc5-45b8-bc71-cb0e335b5c5f,673ef5fd2a79ea27c2001234
156,Gun,fe72aa3e-4567-4e12-abaa-8468d0659b05,673ef5fd1c9ac0159c001234
157,Hammer,a87bd356-fb50-408b-ab88-ebbd012af314,673ef5fd6c4b761a28001234
158,Ax,e61df1eb-6761-4599-812c-899537c0d18c,673ef5fd0640966322001234
159,Hammer,741cb5aa-d5ea-4710-b393-209ae045d56a,673ef5fd140f6969d5001234
160,Knife,e4a305fb-f436-48dc-ba43-dc89dd7ebdac,673ef5fdb73ce398c3001234
161,Ax,8f0f93ef-cc5f-4856-8455-3b3a49fe8d66,673ef5fdbd4c9ab730001234
162,Hammer,3c8ed915-d7e9-49eb-8082-09c8f0522090,673ef5fd82aa4b0af3001234
163,Ax,8f9ecc6b-8f6c-4bdf-a81d-6e79c1838af4,673ef5fd0777d5c17d001234
164,Knife,5abc737a-8cfa-4dce-adeb-00ddf6655a15,673ef5fdfa7cdfad1a001234
165,Ax,94d40be3-2e48-4578-ac2e-9c6b3b0f3c4e,673ef5fd9766527f2b001234
166,Hammer,df76284d-fa5a-4688-892d-cf6a9a34a697,673ef5fd7e7757b1e1001234
167,Ax,19aabbfb-9235-4ed3-a08a-82c035a6cb3e,673ef5fd5878a7ab84001234
168,Gun,8f8e3dd4-b1bd-4b19-ab03-87b2c2e3bc86,673ef5fd006f52e910001234
169,Gun,28168e8c-8818-4cfc-99ca-4ae94eef03a0,673ef5fd3636638817001234
170,Gun,4847d4cc-ddd0-4c7a-bb06-1d2ba3db9766,673ef5fd149e9677a5001234
171,Ax,6189cbbf-09a7-49bc-9190-76bd835943f2,673ef5fda4a042cf4f001234
172,Hammer,f6afd03e-bb9f-4076-83e5-58a7ee9127df,673ef5fd1ff8a7b5dc001234
173,Gun,92584244-7e50-49c6-8d9d-170b90788525,673ef5fdf7e6c85504001234
174,Gun,217578c0-84c0-49a8-9e38-2bbaf308bed5,673ef5fdbf8229696f001234
175,Knife,8b5d5f9f-da7b-4a0f-835f-b8884440d541,673ef5fd8216124282001234
176,Hammer,9e909c0d-1b14-42ad-911a-ff284952eba1,673ef5fd38af86134b001234
177,Gun,02c8f1f0-b2f8-4b31-9585-2c29d4c0f0b2,673ef5fd96da2f590c001234
178,Knife,49614d3f-1a29-4382-8381-f1525c73daea,673ef5fd8f85517967001234
179,Ax,3f55f634-ee0f-408d-a81e-67c8d980edc1,673ef5fd8f53295a73001234
180,Hammer,a52f2752-8b03-4943-a157-0d9492bd472c,673ef5fd045117b0e0001234
181,Hammer,fafdc6b3-de2b-4d97-b8b5-b19f334ea4c6,673ef5fdfc22130974001234
182,Hammer,8494f949-a1a6-47ab-8676-baf850ee8f4e,673ef5fd4c5bde74a8001234
183,Hammer,b3237689-a8bd-421f-945f-49a2928aeadc,673ef5fdcedebb6e87001234
184,Gun,d7342d67-89c6-4086-aa33-1fc01e98516a,673ef5fd6cdd60ea00001234
185,Knife,50b8258d-5e5c-4c1e-8b28-1af26f9292f3,673ef5fdeecca5b636001234
186,Hammer,c50b26d8-138d-4933-ac20-1ebd28353117,673ef5fd9872ed9fc2001234
187,Gun,22db9983-03ed-4f02-aa04-f428fa93d20d,673ef5fd31fefc0e57001234
188,Ax,42210b72-8e08-4a71-95fe-a86824d99124,673ef5fd9dcb88e013001234
189,Hammer,d6454e62-82d3-4a3f-bcd5-c03ca4612b35,673ef5fda2557a7b2e001234
190,Ax,7c8e5f29-71aa-470d-9765-2471a8897d46,673ef5fdcfecdb276f001234
191,Hammer,6ef249a7-28e1-43a1-800f-3d5fee7ffb3a,673ef5fd0aa1883c64001234
192,Hammer,0c7bc6b5-1658-4f1f-ac6a-a90a05ff5342,673ef5fd58a2fc6ed3001234
193,Hammer,c61fb74f-2a21-4513-b1c6-fa46344032fc,673ef5fdbd686fd640001234
194,Knife,94b9b03c-9153-4b76-861b-cc69ed26e187,673ef5fda597e50502001234
195,Hammer,e1e709c2-07c1-43a4-9293-5a4751edeef8,673ef5fd0336dcbab0001234
196,Ax,e6d8f411-fb0f-4df9-9c65-40b499ef8beb,673ef5fd084b6fbb10001234
197,Ax,583814ff-8789-4d77-9d10-7f405f96dd54,673ef5fd85d8ce590a001234
198,Gun,e148a418-eed0-499e-a91f-90bc436e907a,673ef5fd0e65972dce001234
199,Gun,659a4d6d-82ff-4bba-8110-05f9a8323ff8,673ef5fd84d9ee44e4001234
200,Hammer,396e0b1b-5f8b-4373-bb5f-4d15f632de98,673ef5fd3644a684f9001234
201,Ax,a9917fbb-e556-457f-87e3-58b65f99f315,673ef5fd757b505cfd001234
202,Ax,8a2b8096-a1cd-4218-a951-74f24cfbde44,673ef5fd854d6fae5e001234
203,Ax,f86f7c6a-c1f6-40f3-8872-75ad0cfdce72,673ef5fde2c0be2456001234
204,Gun,d21484eb-a4a5-402e-b4c2-b197d852640c,673ef5fd274ad4786c001234
205,Ax,aab4d3e5-f05f-4783-b1de-ea795984bee4,673ef5fdeae27d77ca001234
206,Gun,b32cd082-84cd-4df3-bdbe-37d5515e76a0,673ef5fd7eabe3a164001234
207,Hammer,a2ee7c87-d56a-49b8-b33b-ecea172f05d6,673ef5fd69adc1e107001234
208,Hammer,e6c5ebb4-a7e0-45ed-ad4e-00b762c57b7a,673ef5fd091d584fce001234
209,Gun,92339aa1-af3b-4c98-9680-3c8665aba21c,673ef5fdb1d10e7baf001234
210,Ax,bed7c065-adbe-4790-9350-d04876c09b0f,673ef5fd6f3ef77ac0001234
211,Knife,afc0d9f6-daf8-4d88-b75d-18307c794214,673ef5fdeb16372791001234
212,Hammer,54e723cf-cf12-4a8e-bef7-d8b277807be9,673ef5fd1534b76d32001234
213,Gun,08dd2896-ee73-422f-a7a5-31c23e84b921,673ef5fd979d472a84001234
214,Ax,e79ad76f-764e-45a4-8876-13419c2a22fa,673ef5fdca46c1b951001234
215,Ax,b39b1430-6b51-45c9-bfb4-b53940e1100c,673ef5fd3b8a614226001234
216,Knife,3ff249e2-9dcf-4db5-8c9f-4908dea9c241,673ef5fd45fbc6d3e0001234
217,Ax,5e6a6ee1-b028-4638-ab8b-a535638c2f62,673ef5fd63dc7ed101001234
218,Knife,c48a973e-9d63-4052-81f5-72d085cd78bf,673ef5fde96ed478da001234
219,Hammer,3cb5955a-2c8b-4066-9ed5-71a27b04ac4f,673ef5fdc0e190d826001234
220,Knife,24065d6f-ae70-4240-a408-08b8872d7f31,673ef5fdec8ce6abb3001234
221,Gun,227822bf-2366-48b5-bf11-de489d90d001,673ef5fd060ad92489001234
222,Ax,a46b8b6a-3506-4eb5-b2be-b7b023bee0e3,673ef5fdbcbe3365e6001234
223,Hammer,0a7853bc-23a9-4a18-9850-1d6a8239719e,673ef5fd115f895031001234
224,Ax,0419b5cc-d3c5-4cac-bf8c-9ac3f94d06f6,673ef5fd13fe9d8431001234
225,Hammer,fd18fb5a-694c-4b1f-8568-3c593b3c53e2,673ef5fdd1c38a09ac001234
226,Ax,4aa28d38-1926-448f-bd76-eb0bd2ae000d,673ef5fd9cfdf10e8f001234
227,Ax,929d8a50-3867-4f1d-bb19-0004ce5af07b,673ef5fd705f217283001234
228,Ax,ed8bf584-1c6b-41b8-a0d5-fedb17f224d0,673ef5fd74db120f0a001234
229,Hammer,92603874-2830-4b12-ae5c-277735e5752b,673ef5fd57aeee35c9001234
230,Knife,69eb6010-7d73-420b-8f0a-024c95d0a8a1,673ef5fd6da9003b74001234
231,Ax,382c1c06-3304-42b2-86fd-57df9cdaa6ef,673ef5fd9b04d15284001234
232,Ax,95dce4d1-1087-4e28-b4b6-2196086f674e,673ef5fdbe83ab3ecd001234
233,Knife,1c1ee2bb-c0e8-4d70-b29b-4a38ecafb5bd,673ef5fde165421110001234
234,Gun,a88a4d28-2695-4929-a33d-9bb85db45ff2,673ef5fd289dff0766001234
235,Ax,219e23a6-18d5-4466-a641-37821265270f,673ef5fd577ef1154f001234
236,Knife,9ea2ca60-4b00-4248-850b-dc1878a96539,673ef5fd01161aaa0b001234
237,Hammer,7d143422-fa5a-4329-b48c-7743fa14daaa,673ef5fd539fd53b59001234
238,Hammer,dacdaa62-d86f-46eb-b314-c3a103813ef1,673ef5fdac1dd209cb001234
239,Hammer,1e6d88fa-1288-4509-ae8a-865aa9eaf082,673ef5fd555d6702c9001234
240,Knife,db113aa3-92c5-4d84-9c79-897975cb9921,673ef5fd335f535208001234
241,Gun,5b6dff7a-8656-456e-bec8-04dc3bb60f04,673ef5fdf340f1b1f6001234
242,Gun,13e8f409-1243-43c8-a40e-652c04ab3d79,673ef5fde4a6222cdb001234
243,Hammer,b0e79ac8-5b16-4507-8476-5017d02a7af5,673ef5fdcb70ab3756001234
244,Gun,c5ee6e51-d01b-4af1-a01f-db4623b00e81,673ef5fd9188905e74001234
245,Hammer,9492a1a7-a885-4ee2-a6ed-0c1c87617f14,673ef5fd0266e33d3f001234
246,Ax,254e4b86-a959-4524-99ac-05f6b6fd7642,673ef5fd38db3aed92001234
247,Gun,4cf405fc-830c-41cf-b264-8d075baa7f61,673ef5fd3cec07e9ba001234
248,Hammer,59d505c5-4033-4014-8cde-e33090f8c249,673ef5fd621bf66ddb001234
249,Knife,732dc077-5ca1-4480-91b4-77ba27d2b12f,673ef5fd077e29b11b001234
250,Hammer,02100887-9520-4aff-93fc-b49f6cd70bc6,673ef5fd6c9882bbac001234
251,Ax,8f29859b-9086-463f-8a44-ca37b6d60f9a,673ef5fd19f3cd308f001234
252,Knife,9213de85-29c1-4c9f-a5a5-661a7e2428ee,673ef5fd03c6b06952001234
253,Hammer,5b7e98f3-9e22-475f-b543-0afa54795a92,673ef5fdc24cd76e1c001234
254,Hammer,f783bf88-ef7a-4557-8469-ff0f76e16b61,673ef5fdc52f1bd66c001234
255,Ax,f3e03481-e130-482d-9f6d-4ebab243fd10,673ef5fdfe131d7f5a001234
256,Knife,d6eed50f-ca68-4102-a922-3406ec96be42,673ef5fdf718499c1c001234
257,Knife,a51d0c4e-f87f-4378-b767-926342040f0d,673ef5fdd96409bf89001234
258,Ax,00e68ae8-1344-4c1e-ab47-8a5ed1ae9f39,673ef5fd502e4a1693001234
259,Ax,47e562c6-8023-4561-be99-15effbd648c7,673ef5fdcfa0860e83001234
260,Hammer,ff028c45-7fd1-4df8-ae63-f4df6a0b2c92,673ef5fda4f23670e1001234
261,Hammer,7e349697-9345-4fc6-9154-d8a3c64f7e30,673ef5fdb1a59b315f001234
262,Gun,4c52d068-0541-4da6-96e5-da1a3f132a41,673ef5fd36660e5985001234
263,Ax,84d9bd48-5ca1-493b-8014-8dc15c6804e4,673ef5fd8c19f571e2001234
264,Hammer,c3d80da8-3898-45a9-b85a-445779034b10,673ef5fdd6baf65e0b001234
265,Knife,5c8ee142-b7fd-4b50-9fd8-bc65cba0aca4,673ef5fde56954b4f6001234
266,Knife,53479c01-eb75-4d13-a20a-d5f617d3d490,673ef5fdf7664060cc001234
267,Gun,e678c39b-ed75-4876-8e78-17da64b10f32,673ef5fdeda80a3d5b001234
268,Hammer,fb636e60-526e-4a9f-b6b8-1f861a87b473,673ef5fd8f121ce07d001234
269,Gun,94e27be1-7154-496a-a7af-57ec13cb17a7,673ef5fd06138bc5af001234
270,Hammer,c72b5edf-40c5-45c9-ad79-2b23224d3ee1,673ef5fd39059724f7001234
271,Knife,20882837-af0e-42f7-ba6e-88cf8426ff6a,673ef5fd7f100b7b36001234
272,Hammer,58732e1d-6e93-43b0-bd94-f687778e5ff0,673ef5fd7a614fd06c001234
273,Ax,bcecb1f4-e157-4a6a-9e7f-881548747752,673ef5fd4734ba6f3d001234
274,Hammer,5591250e-df52-48bb-8ae5-d9dc6a867e36,673ef5fdd947bf06a8001234
275,Gun,bc8b79c9-a212-47a6-81b3-f2e0a3ff013c,673ef5fd63923f49e5001234
276,Gun,f3ae7307-db89-4c04-a10d-89d67edc7118,673ef5fddb8e1af0cb001234
277,Hammer,89ec5fa7-d75c-4d20-b2d5-07c23adfeedd,673ef5fd20f07591c6001234
278,Ax,e21eeb81-9b8e-4706-beba-e99c2f6c83c9,673ef5fd07cdfd2337001234
279,Ax,a7e4421c-e6d7-453e-ac4e-8bbbb1f9c56a,673ef5fdd395771085001234
280,Hammer,c2fa5116-b5d6-48a0-b7d4-92852ad41775,673ef5fd92c8c96e4c001234
281,Knife,f4961568-66d6-47e5-b1a6-ac2ae1d9ce09,673ef5fde3796ae838001234
282,Hammer,b416f7aa-1ea2-41fd-b5f0-e68e238cf70c,673ef5fd6a9aeddfc6001234
283,Gun,dc920717-1cb4-42ee-aee5-1632cabb69ad,673ef5fd0f49c89d1e001234
284,Ax,0a6c71a1-3b4b-49f9-881c-c75ac0f6fb35,673ef5fd46ba9f2a69001234
285,Knife,3ea8810a-e2c7-487e-b445-a86959f12207,673ef5fd0e01938fc4001234
286,Ax,7e577089-ac3b-40f2-a668-0ae4301d1232,673ef5fd16a5cdae36001234
287,Hammer,374801fb-c04e-41b6-9f73-be7eabec292b,673ef5fd918317b579001234
288,Gun,3aa5d30f-6a76-485f-b2bf-22fb5e03066b,673ef5fd48aedb8880001234
289,Knife,eee1e0d0-1631-4be8-96b5-f65c634422b8,673ef5fd839ab46820001234
290,Knife,33df23c1-c240-4046-bc2d-bed8af3ae64f,673ef5fdf90f2aca5c001234
291,Gun,8fbde3ed-576c-4a8c-80d4-594c6b51ce15,673ef5fd9c838d2e45001234
292,Gun,5455cc8f-68e5-4a33-9140-b95b713f1850,673ef5fd1700002963001234
293,Gun,ef09fa0f-16e7-45ce-9164-5b64f99803eb,673ef5fd53c3bce66e001234
294,Ax,602fe824-f5d0-434f-ac90-01992b34c05a,673ef5fd6883966fd8001234
295,Gun,61f97e87-2fe3-4ba4-97e4-5d2cb20acebf,673ef5fd49182f81e6001234
296,Knife,cb80e56d-a0ec-4956-8a42-6be11aeba233,673ef5fdd296c101da001234
297,Gun,5a88a727-b305-4677-abcc-8d21d203210b,673ef5fd9fd81843ad001234
298,Knife,e4ef0dc0-f05c-4d9c-a674-b83777c9df28,673ef5fd26e359e838001234
299,Gun,f7c8ccd8-f7d7-48c8-92fc-b67ca492a500,673ef5fdef0d3930a7001234
300,Hammer,b2737f5f-6405-4420-87ac-3c956a8d97db,673ef5fd94f6d7e04a001234
301,Gun,983f7671-6a53-4412-b0f0-aa230c39ee15,673ef5fd34ed066df3001234
302,Gun,6425e90e-286f-4041-aeb2-50c0f0f454c0,673ef5fd577bcc914f001234
303,Hammer,5c69b162-3fb4-4b88-b4a2-c4abf9e8d10f,673ef5fd11b9842e0a001234
304,Gun,34c4ee18-dcbb-445f-b2c5-816bc928a6a4,673ef5fd37bc2f75bf001234
305,Ax,64457ad2-bb8e-41d9-9592-ff9462b3c174,673ef5fd496e05e1ae001234
306,Hammer,26de3289-16cf-4cce-bc59-f04b395bdae2,673ef5fdb2eb734903001234
307,Gun,ce9b41f3-3ae6-4d71-91b7-93b7d3bb2b80,673ef5fd8e98d81f82001234
308,Hammer,27a372bc-f4e1-4342-8153-7feb2693f5cf,673ef5fda8c88a0055001234
309,Gun,009ecd0d-1cde-43c6-87c4-bb668427da52,673ef5fdeddea82ad2001234
310,Knife,c4633a8c-3626-425b-914e-ea085f58ae47,673ef5fd06eb61b839001234
311,Gun,a5566a5b-cea9-4aed-bf1d-8be36ab2c779,673ef5fd9dfcd5e558001234
312,Ax,dffe9eb7-6809-402a-82ce-bafebf620978,673ef5fd950a4152c2001234
313,Hammer,93db4844-2661-4588-9300-f0fe111cd22f,673ef5fd158f3069a4001234
314,Hammer,be7ddbf9-31bf-4119-be7a-d9d0eca68dfc,673ef5fd758874998f001234
315,Ax,1fa72862-5d7c-45d1-98e6-4a0ac8d6fc4c,673ef5fdad13a2a07c001234
316,Gun,c3d5f860-dec5-4b6e-85b4-e2acc414ce00,673ef5fd3fe94a0023001234
317,Hammer,c3428578-3224-4e1a-93fb-de5b6d858db8,673ef5fd5b8add2a5d001234
318,Ax,0245dd5e-b586-42e0-9b30-4ada63a788eb,673ef5fd432aca3a1e001234
319,Knife,db7bf7e6-2016-4dbf-94fc-4ccbb6b665b1,673ef5fd8d3bba7425001234
320,Hammer,fc2df25d-48ba-49fa-bde5-375bd90a4f95,673ef5fd320722549d001234
321,Hammer,04dedbf6-755a-47aa-8941-736305e54888,673ef5fdcaf1a3dfb5001234
322,Hammer,687248da-691c-42a7-8827-5d2945640c1a,673ef5fd5737c6ec2e001234
323,Knife,1127d9c8-9a8b-41b3-8b8f-30cb419d98e2,673ef5fdbc6dc48b74001234
324,Knife,2b2c14d4-a568-4184-9ee6-6aa9e2804b94,673ef5fdf2fc990265001234
325,Ax,572f681f-fbe0-4c44-801c-d5fec8ab3a8f,673ef5fd89f0fd5c92001234
326,Hammer,b56736f0-94c3-488e-b9e7-1741b84bd429,673ef5fda666587afd001234
327,Hammer,fd3853d0-58f2-4587-9a3e-2e948e8506f0,673ef5fdb83aac23b9001234
328,Gun,44c66f7f-c9df-44a1-9ef0-f0c9f6c3224b,673ef5fdcd00692c3b001234
329,Ax,8f12f709-053b-4ea6-b568-b7aed75b6702,673ef5fd6faa8040da001234
330,Ax,868a135d-cafc-4437-83a6-e7d328f34be5,673ef5fdfe73f687e5001234
331,Gun,f0c9344b-7125-4287-a3d9-65910822fdcb,673ef5fd6da37dd313001234
332,Hammer,e0f454d3-b556-4b63-bd88-da74c55a22a4,673ef5fdc042f4db68001234
333,Hammer,13beaab7-e82d-488f-992b-c3e2d25aacee,673ef5fd310dcbbf4c001234
334,Knife,dc214fc3-7a80-4046-b140-1623ebc64096,673ef5fd2f2b265625001234
335,Knife,57d70de0-4da6-44df-a5c5-f9dad1d15828,673ef5fdf9b902fc32001234
336,Knife,155bbc95-b4e5-4590-b233-f84f05d2ae35,673ef5fd6855456e2f001234
337,Hammer,4b8e012f-f6bf-4101-8c4c-0e8851d8085f,673ef5fd357a6fdf76001234
338,Ax,caa962b3-9578-4d6c-9ce7-3608b4b14cd4,673ef5fd819f46e52c001234
339,Gun,f649a9be-f20d-4b4c-a07d-9b1b43606830,673ef5fd04025959b1001234
340,Knife,50c0fe73-2672-4d7a-a12d-4c7ab675d3b0,673ef5fd40008b9a53001234
341,Hammer,da320eb3-5850-453f-ab77-a87299190e4e,673ef5fd3dd48ab31d001234
342,Knife,7d592a3e-9546-41f5-991f-8c60dc78f5fc,673ef5fd58238e9ae2001234
343,Hammer,aae6e1e0-db8f-4c25-86c3-51f02ee7929a,673ef5fd3ad7c2ebb9001234
344,Hammer,9b229f75-ac26-465d-968b-d977d3e45b59,673ef5fdb3967a0e93001234
345,Hammer,4d19db9d-e3f1-4463-a3f5-4fbab3607001,673ef5fdd81f9c1be2001234
346,Ax,f70bcc18-467e-4a72-853f-9b58ff3f24ea,673ef5fd13f9896df6001234
347,Knife,29235ad7-416a-42a1-ac2e-3b51073aa6fa,673ef5fdc5ff2543b5001234
348,Ax,b1b39bcc-46cf-4eed-8072-424f34d2d40c,673ef5fd01386bd6d8001234
349,Knife,c0c0515a-535d-4b60-b92c-4805c64eca43,673ef5fd0bb4aec171001234
350,Hammer,5f9020f2-4339-4f0a-bb9c-e981402d0548,673ef5fd9de6d14fff001234
351,Ax,28f48f81-40a7-4152-92a2-cbf01abc6eea,673ef5fdefe937780e001234
352,Hammer,cb292a12-a3ce-4119-a098-656799785154,673ef5fd371bce7dc8001234
353,Knife,4cab9bf8-fdb0-45d9-8e98-fc88c74e88e9,673ef5fd138bb06965001234
354,Ax,27fa6997-f24e-43b3-b7a2-e3823e1284a2,673ef5fd8dd48d6a2e001234
355,Hammer,2536b1e3-7d7d-4428-bb2f-26cb57d1ebc0,673ef5fd82cec96096001234
356,Hammer,031d6306-6a60-4c5b-86b6-5a9896b37e0e,673ef5fd6c524f9d5d001234
357,Knife,44b2460a-8bc6-4e1d-8f6c-c86f0c8efb7a,673ef5fdfb7b9ffa54001234
358,Hammer,2736239f-508f-4053-9f78-a9e4e9a4d7ec,673ef5fdaa942ab2bf001234
359,Gun,aeca3c82-9796-489a-9855-4d882aa0c315,673ef5fdc058f544c7001234
360,Hammer,83763478-3502-4a8f-8f95-9ac30900b450,673ef5fde7b24b112a001234
361,Gun,e77e19f5-2c33-41c8-a6a4-af5b5e443d85,673ef5fd52720e0035001234
362,Gun,0ccea780-6cf9-4699-917d-e84c78b3fc01,673ef5fdc3e878e27f001234
363,Gun,a83e010d-8dab-4a03-932f-960edb7d3890,673ef5fd00411460f7001234
364,Knife,8b368bd4-fad0-44a3-82be-0d6455340b2c,673ef5fdbac9162b47001234
365,Ax,809d40aa-6609-4480-8799-a9b719cfd996,673ef5fd9be40cee5b001234
366,Gun,853e76db-13ec-4f70-a159-4a513d69d283,673ef5fd5ef698cd9f001234
367,Gun,b6ed3663-6365-4e87-bc2d-c8c2b916fe64,673ef5fd05049e90fa001234
368,Gun,41a798c0-0cd0-46c1-af65-63f22c870d42,673ef5fdcf004fdc76001234
369,Gun,df2a4a13-d3b2-40b4-b0fe-a60eb64e3b0b,673ef5fd0c74b7f784001234
370,Ax,e644d717-d41b-4bf9-a716-814751294893,673ef5fdd709f38ef7001234
371,Hammer,c4d25d78-7047-419c-9e8f-055275b7b349,673ef5fd41f1f19176001234
372,Knife,ccfa97bb-fd1c-430a-a5df-12530b6ad23e,673ef5fd24b16fede9001234
373,Gun,2cdf9541-32b1-410d-a518-c1495721816b,673ef5fdffd52f3c7e001234
374,Gun,bee31234-2ca2-488e-a9da-76a91fafa011,673ef5fdad972f10e0001234
375,Gun,bc4ef4f2-d660-48ac-b4f7-ab579117e698,673ef5fdf61d694746001234
376,Hammer,1d7ca933-55a9-47e5-a3ae-09f6ed1bc3a6,673ef5fd142949df56001234
377,Knife,3116e5fb-ce9c-46e8-af27-546215f359d1,673ef5fdd34ab169b7001234
378,Knife,b66cdc50-3ed0-4d04-a0fb-4b7119e17704,673ef5fd8bf1211fd4001234
379,Gun,b3103153-7181-4bfe-982b-265ad448320d,673ef5fda02ffd91ec001234
380,Gun,0c1537e7-38ec-4c16-8cd1-580219612ee0,673ef5fdbca82e41ee001234
381,Hammer,4092fe1b-009d-4936-9f50-73e5d397c2fd,673ef5fd00ec53c468001234
382,Knife,dc6020dc-c3e8-46e6-8005-d717efcd7ce8,673ef5fd4f6ffe13a5001234
383,Ax,c06a9994-d0f9-4065-8fee-6a8efb11b01d,673ef5fdbeed13602b001234
384,Knife,ac6f9c49-4236-42e0-9037-64679e1ded6b,673ef5fd0584ce565c001234
385,Ax,f2bc7dd1-7b5a-42a7-a8ba-71f733733090,673ef5fddc912a253d001234
386,Gun,718d9c5f-7d3d-4e37-b6ea-4470f38b1218,673ef5fd39461a19e9001234
387,Knife,e990024d-e41a-46f6-9700-a8b1935fad94,673ef5fd8efb100a29001234
388,Gun,63dae9cf-0f66-42f3-a2ec-7b31dafb840d,673ef5fdd9fc5b73a8001234
389,Knife,81604ce6-fae9-48c3-b578-e54d71bfa2ff,673ef5fdc86a7ee3d8001234
390,Knife,c989bc4e-382b-4357-87f1-bf771b57824f,673ef5fda01a0380ca001234
391,Gun,d2c381a5-84db-4914-af9e-88e8ff268e33,673ef5fd5a4b25aaed001234
392,Knife,582637d6-bc04-41f0-9db9-edd52729b605,673ef5fdf73b76ce89001234
393,Ax,5906b120-cd8a-46d2-af0f-f875a6f03506,673ef5fd70c639df5e001234
394,Hammer,c255d558-68e6-43dd-8d24-039f5562e338,673ef5fd28f0b86459001234
395,Hammer,2579875f-473a-4b6e-a95c-ca70df3c3402,673ef5fd1543843a47001234
396,Gun,950e83da-509a-4ff9-b3ef-7fa76fa58b57,673ef5fdf8c1f23d6a001234
397,Hammer,d892b4c5-816c-4688-9d22-d05aa00a1804,673ef5fde46de7e1bc001234
398,Hammer,c0051d15-f90d-478c-9a42-6f5e06bb94d6,673ef5fdb7b16ecf8c001234
399,Knife,4ab164b0-9839-4117-a9b2-22e0cf6b34b1,673ef5fd352fe25daf001234
400,Gun,f0e818b5-ebcb-46be-86ea-948ebffb1b17,673ef5fd18d8042386001234
401,Ax,d529992d-81ab-4b56-a52c-26be9603c70f,673ef5fd816b112c61001234
402,Gun,0687bbc8-b89c-479f-9e23-982e9b0e250a,673ef5fd69cb3ea317001234
403,Ax,492bfb85-e4c6-4682-a1d1-e21f7650a2cc,673ef5fdbbf94b34eb001234
404,Gun,63fd896a-66f5-4cfa-a8ff-94c8a5a078f1,673ef5fd4f4adcbf8c001234
405,Gun,855e9b77-492a-46b4-a510-ea876ddd050f,673ef5fdbbcbff5c1f001234
406,Gun,c59f1cf3-409a-458d-9c1d-0fe29d65c46e,673ef5fd8cb22bdd0b001234
407,Hammer,7e60c0e7-e6af-4c9c-99af-7d20de625864,673ef5fdf4f6dce2f3001234
408,Knife,3bf86a7b-7a57-4669-b9a1-a0edb036382c,673ef5fd0d0fd7c6e0001234
409,Ax,5395d7ba-b73d-4b01-a62a-65cb55c19364,673ef5fda96b65a721001234
410,Knife,15b3068a-3cc2-4ed6-868f-94123d1cdf6a,673ef5fd1068c6e4c8001234
411,Gun,34f41d33-7c8b-427e-b071-4605ae89fc71,673ef5fd17d63b1625001234
412,Gun,408a2546-95c4-4085-b77d-bb64f9eae594,673ef5fdb9228e0962001234
413,Knife,3e2823b3-0114-4409-842b-2df326442cb0,673ef5fd0deb1c5481001234
414,Hammer,a5042614-ce47-459f-8927-d3024699d6dc,673ef5fd66808e327d001234
415,Knife,d12162fd-2e81-45ad-91a9-efa744263257,673ef5fd42e7aaa88b001234
416,Gun,9add7fb6-2fca-4440-9fd0-4fc4d6102533,673ef5fd8fe0093bb3001234
417,Knife,3964f7cf-a595-4884-b868-fcd76bef356f,673ef5fd41ae36ecb9001234
418,Ax,bffab9ac-5275-4d40-8d63-672e37840402,673ef5fdd1f255a373001234
419,Gun,df68c73d-56cd-42bf-93cf-c29de16cc3aa,673ef5fd7eacb53257001234
420,Ax,40588518-3f95-4fc8-9d33-2f6bdc1f5deb,673ef5fdb6f0479ae8001234
421,Gun,0000bb1e-0846-4d31-93d0-d13dc81c2ec5,673ef5fde0c641195b001234
422,Hammer,0e7450cb-5d3f-42e3-bbc2-41953bbc684d,673ef5fdf85454e827001234
423,Gun,5b1efe46-45b6-4ff2-9126-2e976ef39fd0,673ef5fdfaa9afea49001234
424,Knife,dbffcc76-98f0-49b8-8ce9-d3668e71ed41,673ef5fd3c7781a36b001234
425,Gun,48bb5646-5768-465f-9637-b7276c71edf4,673ef5fd25b2822c2f001234
426,Ax,4bd019dc-c138-4f5d-91e4-d6dd9b57299a,673ef5fd6ecbdd6ec8001234
427,Hammer,e12346ec-8482-4fa5-99ac-3c47d1133fa5,673ef5fd18997733ec001234
428,Ax,0b119147-89ee-473e-ae06-324f0a0f0c03,673ef5fd8d7d8ee069001234
429,Gun,2d97a84d-dfc7-4dd3-8572-71ce95a57441,673ef5fd75fc093c0e001234
430,Ax,6cba78f5-0757-4f16-8f6c-bd44b6d6a401,673ef5fdf74909ace6001234
431,Knife,3302f08a-ab5e-44ee-b6ce-1c4d7a155755,673ef5fd66368270ff001234
432,Knife,0e13c698-e83a-4f19-acdf-b2f0d17c17bf,673ef5fd248e844336001234
433,Ax,d22328ac-9432-45c7-ae50-88a0700c102c,673ef5fd019d385eb6001234
434,Gun,e822fafe-b1e8-4dc7-a2ca-044fc48e0911,673ef5fda49e9411d6001234
435,Hammer,1587a9d7-d7ad-4892-9861-122d5844150a,673ef5fdddb30680a6001234
436,Hammer,68e8f47d-afc5-4eb2-b870-336113e72f11,673ef5fd2421fcb126001234
437,Hammer,db9d3381-33cd-4d77-8f11-fac12365f647,673ef5fdfccb60fb51001234
438,Hammer,bb52a48e-e5d5-4694-abfe-d0cd4679999f,673ef5fd1651cf0d2f001234
439,Knife,7ed0b4e9-8262-46cc-befa-43835e1d1694,673ef5fdeed5af6add001234
440,Ax,21b1647d-939f-4d3d-b2a4-bba7c1529b86,673ef5fda8abb4bb28001234
441,Ax,2f6a95cc-a221-408a-8523-e7cb6aa62936,673ef5fd15d4e891d7001234
442,Gun,4b4149c2-e200-4b70-89c8-0efdf254ce3a,673ef5fdc203d8a151001234
443,Knife,85b6781b-c0ac-4b0a-8224-cd2ac41e01d5,673ef5fd13f3cf8c53001234
444,Hammer,80d462bb-1081-4b5a-8ee9-b5ab7c47c503,673ef5fd550a141f12001234
445,Gun,7b275390-f898-4aab-abda-38a70eaae598,673ef5fd67f7fb873e001234
446,Gun,ce70986f-e248-4e37-9f9c-ec7558226232,673ef5fd1a5b1e4daa001234
447,Hammer,bdf3ec00-5d27-49e4-8145-4a2e960a0ebc,673ef5fd9a96876e2f001234
448,Gun,9d591256-3738-45df-9476-b0f345db7175,673ef5fd9b70e8fe62001234
449,Hammer,4ba2bb90-40bb-4057-aeaa-b8a0c09b4d0a,673ef5fdd61e4bbd63001234
450,Knife,69556522-896f-41a4-9b8b-45c6f5ff2b9e,673ef5fdf5f8590cd5001234
451,Gun,a35e2c57-df0a-487a-8835-f38e5ee13e44,673ef5fd941e1aaaba001234
452,Gun,b14c76e8-a3a8-4c6d-ab7d-3989dd6c72cd,673ef5fd9431c87f27001234
453,Gun,02aae541-c043-4f0b-936f-9fdf4b5556e0,673ef5fd49ae49a23f001234
454,Knife,2dc60452-109e-4532-a9b5-c9f2a648ded5,673ef5fde44fea3bec001234
455,Hammer,6f94537b-ee06-43c9-a24b-2e8342e3ed9e,673ef5fd821fa74b50001234
456,Knife,4581b7c4-93e7-4e8d-9c19-aecf5bb4a017,673ef5fd250cf8b51c001234
457,Knife,3b46c560-a022-4938-b9be-b1a9a3e7f302,673ef5fd42998cf32d001234
458,Ax,7e42c3ea-86cd-415e-8852-78855a798094,673ef5fdd07e70efcf001234
459,Hammer,b70a3424-0108-405e-94c0-fab3313f6aa1,673ef5fd7fe1f8abaa001234
460,Knife,b877e768-7969-4e41-94b8-6a2cad72b613,673ef5fd98b2979500001234
461,Ax,a5f5f05f-de30-4271-b253-47870fb0e463,673ef5fd0353ab4cbe001234
462,Ax,60e4f870-6bfe-40c0-8945-4218238c9487,673ef5fd51d92be1c6001234
463,Hammer,5dc9be7b-cac0-4607-b979-6a115e855560,673ef5fd428fca9bc1001234
464,Gun,07c39cbc-22b9-4a32-8691-972eaff1a2a8,673ef5fdf1b6f2857f001234
465,Ax,9163bac4-b0d2-43ed-9133-d7c1ba04e88f,673ef5fd68ce199ec2001234
466,Knife,9b4d181d-e88c-4cff-8ce0-5e9ffff4cd18,673ef5fde836d813fd001234
467,Knife,7b88f261-995e-40ff-a2f5-c438fa286829,673ef5fdab817c9349001234
468,Hammer,2b5ca20d-2ca9-4f80-be1a-ea875a32e5ba,673ef5fd877a9ba7a9001234
469,Ax,819a4b6d-2c16-41f1-85e2-66842d80fa44,673ef5fddc6a648964001234
470,Gun,d1c37d3f-1cf0-4dff-8d93-595a8a78b989,673ef5fd26337353b7001234
471,Gun,580f2b9f-e9a2-4771-a288-2e6b1d05219a,673ef5fd8e6b42f164001234
472,Gun,3cdec0ac-e6d4-4e0a-828c-5d01d863c475,673ef5fdef575e8837001234
473,Gun,59dcf162-56e4-4e6c-bda4-055281be8c4d,673ef5fd2050e03ca1001234
474,Hammer,45d7ecd1-c315-4674-a95b-397edc380301,673ef5fd25ddc0f8c9001234
475,Gun,108143b3-4f6c-4c5c-9a2d-2c42c7ade92e,673ef5fd5ef0b4eba3001234
476,Gun,e6d3abe0-279e-4f62-911f-7ba1dd7755a2,673ef5fd598b3e71ec001234
477,Hammer,aa639d72-daa5-4e87-a120-c55299dff209,673ef5fd74071a6733001234
478,Ax,77e66b10-6ed8-484b-b0ea-3f6a7fc6d0e1,673ef5fdcfee398643001234
479,Ax,21aef89d-9eea-4f25-9e69-40b7f485d350,673ef5fdd18f655c3f001234
480,Hammer,451887c0-8ddf-4139-b7da-5fcfb8cb7664,673ef5fd6ea2ef7311001234
481,Hammer,422de2f7-92c7-45d2-a63d-8255cef3dd5c,673ef5fd9461cce28e001234
482,Knife,45962d8b-b3a2-4d14-9d71-a2cfb54a5f64,673ef5fdf770b62bc8001234
483,Ax,409cc8fb-792b-46ad-a402-76471d2df522,673ef5fde1e32e235e001234
484,Ax,bf0fbd29-4493-4127-bd80-970e1ef90368,673ef5fdeba0dc302b001234
485,Knife,84ff51f2-0709-4967-bdc9-ddc325328db1,673ef5fd218a0aefd1001234
486,Hammer,6f8a683e-bb3f-4958-a6b9-88c87c55609a,673ef5fd7d04bbbe54001234
487,Hammer,f44c01ba-f45f-43f9-b08e-cc07a354a470,673ef5fda516a87cfc001234
488,Knife,e4f74ae1-ae8c-4d57-9887-3bca167f2b6a,673ef5fdc3c59e5f8b001234
489,Gun,7fb3c279-7cfd-4c46-bba2-96f47355da8f,673ef5fd854d9fca60001234
490,Ax,ae79b082-40de-45ff-a811-2c3cfd3950ca,673ef5fdc410003ef1001234
491,Hammer,9188d5d0-edc9-4787-8249-623d9ee71e98,673ef5fd559cb990c9001234
492,Ax,138edc16-fae8-4e2d-9acd-57de65a8dffe,673ef5fd55a7cf9c71001234
493,Ax,a286cf8a-0b09-412a-8349-9246b938493e,673ef5fd2f55707d41001234
494,Knife,097c5b63-d35a-48b5-ae17-52981cfe32e2,673ef5fd1be3bc32e6001234
495,Gun,32930ea8-adc8-4777-b6a2-a06ef87689e4,673ef5fd35051070e5001234
496,Ax,3943e4cf-ad45-40a4-99a2-f3cf4bff05d3,673ef5fdb534ba6823001234
497,Ax,1cd26d5a-c277-4d53-84e7-51b65b41bc00,673ef5fd7380ad8a67001234
498,Gun,6f429867-1859-4ffd-a51b-a21605570b05,673ef5fd05f971b5ec001234
499,Ax,6d51a11f-8f0b-4c75-810c-7750d0ae5dcd,673ef5fd3cf166c6b7001234
500,Hammer,7dc1ff4e-8c37-4eac-9c9f-a2e55261cf58,673ef5fdcee631121c001234
501,Hammer,d7a63709-1099-434c-a916-1eb0765259e6,673ef5fd5b69b9cb83001234
502,Knife,751277e4-99f1-4201-ac3c-6b344dbac1f4,673ef5fdb5b41fac03001234
503,Hammer,2edd0015-df1c-41bb-bf8e-41b2214fd76c,673ef5fd285e19f20b001234
504,Knife,eae5861b-232d-4d2e-89a7-f6eba1b07ffa,673ef5fdb337e84de8001234
505,Knife,b74a7fd6-60fe-4043-a2c9-62b83cb18065,673ef5fde8c0653fea001234
506,Gun,aaaa3929-c82f-4578-8e0c-7518861da8be,673ef5fdff4d5fbbaf001234
507,Knife,459296d4-5d32-47e5-a147-da9ab0f3a1fd,673ef5fd2d6cc4b2d1001234
508,Knife,83257542-1cfc-4bd3-8990-14e08d7b8c3d,673ef5fd389bc7bb1e001234
509,Ax,09209f27-4ecf-49e1-a2f8-316ae4d5c93d,673ef5fde2230b8535001234
510,Ax,429f15fa-50d7-49aa-91d6-94fe0ed33a4c,673ef5fd087408522c001234
511,Ax,68502263-268e-4357-b6d8-8191ea37b05b,673ef5fda760880003001234
512,Gun,8e5ddd01-cd22-4a76-b7d9-2b56139f422c,673ef5fd10a7cdd970001234
513,Gun,01b9395e-d701-4177-ab00-ea8bb13f5015,673ef5fd3dc4876f3f001234
514,Knife,d5a95fb7-d08c-4b72-83c9-6ffa2064ec42,673ef5fd59b90e1005001234
515,Ax,f99b0780-273c-4764-bcc1-d4a2f74fb7cc,673ef5fd2b8a61594b001234
516,Hammer,985fab52-4d87-4cdc-ba50-acaf41f69fa4,673ef5fdf3f27a3247001234
517,Knife,d6dfdf27-6d9f-4fce-b0cb-504b4a29ef38,673ef5fd38913e1d6a001234
518,Hammer,6bf6e537-56c1-4742-812f-4aa522145c16,673ef5fdebd9629fc3001234
519,Knife,bc055ab0-24ae-492a-9189-52a9b753adbf,673ef5fd63538fe6ef001234
520,Ax,1d853887-33ec-453e-9040-cd255b5bf9f5,673ef5fdcf67355a33001234
521,Gun,1aae7a09-8db4-4f27-8c48-82c6ae6b4578,673ef5fd07563a3fe3001234
522,Knife,c84855ee-cac6-47ae-9866-94c561de6339,673ef5fd53fde96fcc001234
523,Gun,1d2c3f50-9192-460f-b5c4-d84b9eeec1b8,673ef5fd2bb232c0b1001234
524,Knife,83a1fc92-324e-494d-91b4-5836629295bd,673ef5fdba2fd310dc001234
525,Gun,75bd832e-18e0-4107-80f4-3abba0444901,673ef5fd69421f0324001234
526,Ax,c09fa06b-9464-4d98-b253-5996a4bb0213,673ef5fd85422afb46001234
527,Hammer,c6314625-3331-42a5-9760-d09d7f70c0da,673ef5fd13f320e7b5001234
528,Ax,e3bb0812-4a6c-494c-8a07-60fe28e4f062,673ef5fdf4be00279e001234
529,Knife,8622f79e-b25e-41b7-a021-9c6e026338fd,673ef5fd37f0e884fb001234
530,Gun,9e26e7a8-9689-4838-94e3-83f751be1dfb,673ef5fdd64a340bcb001234
531,Ax,72a2001d-e16a-404e-9122-1963df570a01,673ef5fd0fcbc61acd001234
532,Gun,4735d424-0f1c-4a62-ace1-3c38bff09db2,673ef5fd298f95e1bf001234
533,Gun,cca5d7a0-d79f-4eec-9c1e-37ac1de94ac0,673ef5fddf877f3865001234
534,Hammer,24b7a072-bf9a-4560-91c9-a104b0940958,673ef5fdc399862d3b001234
535,Ax,0e9480c1-2596-41ce-83c2-d00bf87b9966,673ef5fd33e8075e99001234
536,Gun,09bca535-0843-455e-8abd-6266bb5e99e1,673ef5fd65658fde58001234
537,Hammer,dd591efb-b9be-4236-b397-2663587e4a7e,673ef5fd5ea1649a31001234
538,Knife,685b6e45-4224-4817-8ab9-e88a93423101,673ef5fd7bcdf75ad2001234
539,Knife,1b2828d5-b5e7-4199-8682-36b124962805,673ef5fd5737034557001234
540,Hammer,55cb9e82-9fd8-454a-a616-a45d58c1e9c2,673ef5fd9b72e31dac001234
541,Gun,ce011c80-b804-41d4-9a1f-f1b557f43976,673ef5fd16c222aa19001234
542,Gun,b59733c2-7e14-4256-8983-0e7962c97b2f,673ef5fd7dcd340d84001234
543,Knife,3c728369-1350-435c-a2bc-94c0a20fbb1d,673ef5fd81448138f5001234
544,Hammer,743ec8b2-e80d-4276-bbbb-9d5cb398ad87,673ef5fd97e8527fea001234
545,Knife,fc2a1f9d-46bf-4ce5-84c4-e8b953ca8499,673ef5fd647bba3443001234
546,Knife,4ae18c08-a1c3-4eba-9a4f-fe04d0104b9d,673ef5fded265bc903001234
547,Gun,83af42a4-bbad-4a3d-8b41-bb8967b0dada,673ef5fdc75b6f114c001234
548,Knife,8a39138e-8f76-4740-9772-4f581a5460ee,673ef5fd8d34201a5b001234
549,Knife,29a6db60-a622-4fc4-8236-f38bf010147b,673ef5fdccb1d45fb7001234
550,Ax,4d497629-892a-438e-bf6e-b488c6317bba,673ef5fd01f78be6f7001234
551,Ax,27668eb6-7665-46ac-ab75-53eebfd83f38,673ef5fd7f24d24052001234
552,Hammer,573b1b61-6490-4c24-8bfd-0b9c735f88f6,673ef5fd94c7bb58ef001234
553,Knife,f1b00000-cb8a-414d-8810-f31185c7c3df,673ef5fdf387624df5001234
554,Gun,9f32d6e9-ac40-47bd-bb25-2369e5bad1cf,673ef5fd5e388103a3001234
555,Hammer,b2641202-d307-4978-83ce-bb9d4b7984c8,673ef5fd15de21c670001234
556,Hammer,94b10e6b-e4d3-45b1-a845-7280a64b8452,673ef5fd11b921ef08001234
557,Hammer,4175058b-122e-4b46-8ac2-eac606b11b9d,673ef5fd6e2713a6ef001234
558,Knife,06bcd899-d15f-43c3-b7e1-124eb1d4a6d3,673ef5fd1bb91f73e9001234
559,Hammer,12abb719-89c3-48be-857c-763be629490d,673ef5fd3a0772443a001234
560,Gun,0a58c63c-86b9-42cf-9b17-bbda6b36b627,673ef5fda9a6653e48001234
561,Gun,db6625cb-32e8-4508-bcc2-7863337fd97c,673ef5fd58ae749f25001234
562,Gun,271c1f49-2d3a-4a80-a543-eb39a47b236f,673ef5fd4e4b5fbbbb001234
563,Knife,53ef6e23-c56a-45ef-a23a-d5ef111187ba,673ef5fd8eefcfdf59001234
564,Hammer,0b29beea-78c8-4fc9-8129-14d4160be402,673ef5fd1728efbda8001234
565,Gun,92ed40ac-6a15-4e28-b194-ef27af073325,673ef5fdcbcb58ac2e001234
566,Hammer,33c38a21-8797-41b0-ac4f-e032543b8a42,673ef5fddb85e2590b001234
567,Gun,56965e4d-7433-449f-bcaa-b452b177f8d3,673ef5fd99c5e07b4d001234
568,Ax,3fa533f2-aa94-4160-9d69-7254d3bdaa1c,673ef5fddd45850574001234
569,Ax,ed07f826-9f57-431f-95b9-af76fff55e28,673ef5fd8b16ebc056001234
570,Knife,24b2a958-7d24-4493-9a7c-85e623ecb59c,673ef5fda86c450b76001234
571,Gun,8e2aac0e-fb0c-4204-9de7-d66edf991901,673ef5fdc9892a9891001234
572,Ax,e62191d2-ae68-4bf5-a9b8-fad57237df07,673ef5fde6b4b2a746001234
573,Ax,1516718f-863d-40c8-b05d-6b1aa3e20fac,673ef5fde5f6ad6ce3001234
574,Ax,22b47d86-ad51-4b24-bbba-abe926382705,673ef5fdf0e52b27a7001234
575,Ax,9cf72b20-ec8c-4013-af21-66f536ae48bb,673ef5fdffeabd223d001234
576,Gun,a727f80b-13df-4f08-9bfa-1ae0bac3fda8,673ef5fda7aeed7471001234
577,Hammer,404ab068-4b7d-407f-8b45-cc84d02f12d3,673ef5fdfde9264cf3001234
578,Gun,f39949d7-ca56-4755-bd15-0d902ebd29c0,673ef5fda8849b0524001234
579,Hammer,43c104dd-11ca-42c7-975d-9f0e6502a373,673ef5fd258be18e31001234
580,Knife,c5aa7f07-2949-4f4d-8466-f8f9e412fc59,673ef5fd069d3bb002001234
581,Ax,2aab4894-be64-49d7-8f64-1bccdee8577d,673ef5fdc6e19e8308001234
582,Gun,890f0187-a25f-4b42-9102-1036190f5c97,673ef5fd46922a0880001234
583,Ax,accd5375-3da5-4977-b911-058e0319849b,673ef5fd9ad6aaed51001234
584,Gun,16261f46-35f1-43d4-8c57-3e9e55908546,673ef5fdf5deaeeae1001234
585,Knife,4700d536-5fd0-4e9c-a975-541b3a5a5820,673ef5fda9a1d5317a001234
586,Hammer,829af9da-1183-475b-bb17-9c44a0d8e6df,673ef5fd605ff764c6001234
587,Ax,d6d96192-ebca-413f-aa07-490e6779ca6e,673ef5fd766ebcd596001234
588,Hammer,c2a5ad30-461e-4abc-8f1d-19d109868a69,673ef5fddaca41214b001234
589,Gun,4df79b17-d530-42fe-96ed-24bb1773c30f,673ef5fd30bb3825e8001234
590,Gun,eee27b88-4ae6-4e82-82e1-536443dc2b62,673ef5fd08b255a5d4001234
591,Gun,68a585ec-b6a3-4f2c-b97a-d62421e41255,673ef5fd3493894fa4001234
592,Knife,8d349bfd-8314-400b-9b34-3c07317a5212,673ef5fddbe272bab6001234
593,Gun,52ef79d3-8d3b-4f27-b49c-73ab1c16f20e,673ef5fdacc3e04046001234
594,Gun,a7870d30-da16-4e85-b766-2630ae9e40b8,673ef5fd076a0c97d0001234
595,Ax,5976c35d-9b9b-4712-bd3f-1cb20bdc1ec4,673ef5fd04ecb1fa28001234
596,Hammer,d17797a0-d0fe-4868-85de-1dfab5b90078,673ef5fdb2eeb7362e001234
597,Knife,8818ab53-5199-451d-a32d-93bf0a5754cc,673ef5fd08c5433a60001234
598,Gun,69a58054-0eff-45b6-818f-2f077a90e611,673ef5fd6aca97005c001234
599,Knife,58d26c23-770c-4716-a440-e113dc54d054,673ef5fd3435c378bb001234
600,Hammer,6e39e576-a871-46ae-87e1-0004b7fc7ed8,673ef5fdd490d7b457001234
601,Gun,2007aef7-b623-4ad9-9378-2fad38c2b0ea,673ef5fdb2f627fff1001234
602,Ax,8b4dd01c-3a54-473b-8705-2bd06b4cd212,673ef5fdc3992e9a68001234
603,Ax,8b9d7110-8332-478b-ba74-8308cb3dbfee,673ef5fdd86ea612de001234
604,Knife,7e1d5b23-cb9c-4f61-bd17-7bdb43aba2c4,673ef5fd9cf81d8026001234
605,Hammer,7fd071f2-75d1-4181-9c08-b2aacbcf5972,673ef5fdc361bc7b2c001234
606,Knife,73e96a7b-85d4-474e-bacf-7189b762264c,673ef5fd44c4c17332001234
607,Gun,e00b6f87-db5e-41ec-9631-a794b62416db,673ef5fddc82d632c9001234
608,Hammer,d3f02f87-6ab6-4c5f-bdf8-17c819196e17,673ef5fd996a7fa078001234
609,Knife,768af56f-f7be-4975-86d0-1ab0b2e9a95b,673ef5fdd7a728a67d001234
610,Knife,e93065fe-2b1e-4cb3-8ef7-689118977b3f,673ef5fd00ac8ed3b4001234
611,Hammer,8e680738-ab9f-4a0d-bc66-d2d97e9ca54f,673ef5fd8ebda540cb001234
612,Hammer,cc662fe4-302a-4d8a-906b-9999c557cbd6,673ef5fdf76a89f0cb001234
613,Ax,c07234e1-b98c-4cbc-9266-6c8462496660,673ef5fdf29c21d489001234
614,Hammer,d335e1d5-b0a2-4b43-afde-3845f555f42b,673ef5fd851ddf5058001234
615,Ax,b4f4b794-a2ca-44f7-98f6-a4a7e8db0281,673ef5fd58d4d1e7b1001234
616,Knife,c1bfae82-9ca0-4828-be1b-f98582e5d595,673ef5fd7750ca3559001234
617,Ax,16055259-78d8-4e8d-98a4-4af69f6f9ec4,673ef5fd5d44ee6f2c001234
618,Hammer,4209abd3-eb3c-49b9-b66f-79bf7060fb2f,673ef5fdeb6fdc36b2001234
619,Ax,7dce0d27-8d55-4456-acb8-48327ebe7e21,673ef5fdcdc0d6e63a001234
620,Gun,9f70a4db-6ea5-4ed7-a7a4-cc5bccb5c0c0,673ef5fdb73dfe25b4001234
621,Knife,7b73b343-7990-4d43-8c2f-695c2621a590,673ef5fd85fc37b18c001234
622,Ax,2b57b608-e0a7-4790-a2c9-b738469f85f6,673ef5fd3871bd6401001234
623,Knife,6293f831-ffc2-4ae9-85a0-e269ad26376a,673ef5fda733fa9b25001234
624,Ax,3d4ca032-7cf1-4170-8f88-bded6b986617,673ef5fd48ab2f9b45001234
625,Gun,3321901f-c1aa-4934-ba30-4533a635027d,673ef5fd233509073e001234
626,Ax,bf02150a-13b2-47a5-9a4d-eff81930e182,673ef5fd45645a27c4001234
627,Gun,f601d311-b30a-4778-ab63-23ce18109659,673ef5fd185c29dc24001234
628,Hammer,849d6975-e59b-45ef-98bc-39be32cb9bf4,673ef5fd42e77b6363001234
629,Gun,3e38c654-e7ea-476a-b32d-7c0e5834d76b,673ef5fd051e4e127b001234
630,Gun,b36a2a3a-35e1-4b29-a283-d6ff47ef6a2b,673ef5fd9cc138f8dc001234
631,Gun,b27f1079-8c88-4100-b0bc-4a5c7511e02e,673ef5fdb7bb35b9c6001234
632,Ax,c44ec0fd-8da4-4617-aaca-2b80854d9a1d,673ef5fdabd815286b001234
633,Hammer,4972170c-13c6-4646-9b69-a5fbcb8bf9b8,673ef5fd26dd0dbc6e001234
634,Knife,80d1c923-159e-4360-a58b-0235392350fc,673ef5fd6766aa2750001234
635,Ax,76b81e36-5814-4386-8dcc-c73c7520ed4b,673ef5fd6a10bbd480001234
636,Knife,ae7ef4fb-8b83-4947-a74b-da898d3c9cca,673ef5fdc5ab0bc60a001234
637,Ax,76079c94-f081-4673-95f2-2012802e6086,673ef5fda532400ed6001234
638,Hammer,ff267120-9993-43ad-a4b7-b7d4f30f4f96,673ef5fd4c27cea852001234
639,Gun,801813b0-264e-4339-bfbe-9cc03cc87527,673ef5fd0f96613235001234
640,Knife,9a8ce9bf-1705-493b-b3bb-577895259e7d,673ef5fd4ffce04d92001234
641,Gun,7b03b671-fe7f-493f-81f1-f68f56302056,673ef5fd67e103b076001234
642,Knife,33798d25-2dff-462e-bf8a-20815e40d0e5,673ef5fd291597a100001234
643,Hammer,6ee14232-7796-428d-9cc0-dfb532e9e729,673ef5fd9b698eb310001234
644,Gun,c4cf9bdf-d40f-4dc9-9526-b5b7613968bd,673ef5fd8c7bbbba95001234
645,Ax,46cc01a2-627c-4bc5-9464-6bde82fc9eee,673ef5fd5e9f92a01c001234
646,Knife,caaa28a6-6ce4-4bdd-83ff-e5a929e19c64,673ef5fd0ff39bbbf9001234
647,Ax,e9aab345-34fd-4c1f-b90d-a1426c2b1508,673ef5fd303ed4c698001234
648,Gun,dbfa070a-176a-4e6c-b925-9c0f92151d09,673ef5fd443cb001c1001234
649,Hammer,0a5b6d7a-9c08-41ae-9527-293a328dc223,673ef5fd55b37c5c27001234
650,Gun,4eb6aa47-b74e-4125-95c3-9aa1961882c4,673ef5fd884d247c6f001234
651,Ax,a23d2363-3b47-4a06-a75e-cbdc19e41af3,673ef5fd55743cc039001234
652,Gun,e5902053-5f08-424d-af1e-5a8973370423,673ef5fd30ef30b642001234
653,Ax,9672e2ed-ddcd-4839-b4b1-ab5527cb49b1,673ef5fdeaae339c4d001234
654,Knife,7224a94f-a1e3-487f-b5ff-5031ae99c433,673ef5fdab233b682e001234
655,Ax,b4f982d6-f7e8-4f6b-822a-b1d1e2daa5d2,673ef5fd3d2d8ccb37001234
656,Hammer,be969772-15d8-47b7-bb02-c7ccab40a5fb,673ef5fd26408ffa70001234
657,Ax,67443f8f-a4cd-4bf2-9565-72dea2cf3675,673ef5fdb4288d9c0e001234
658,Hammer,209b97f1-912c-4fed-a5ce-895c21b5ca8a,673ef5fd2f37d10131001234
659,Hammer,05171766-86c6-4b66-9bdf-11678c441a68,673ef5fd0ff8033cf9001234
660,Knife,b5c128ba-482a-4265-a7ad-751e2df0a161,673ef5fd68264bdb65001234
661,Knife,6bffd9a2-1fb6-4e02-a04c-1cabc829eb11,673ef5fd3a066bda8c001234
662,Knife,8699bc92-5e6d-409c-9abd-886abb7a9cfb,673ef5fdbe3159ad04001234
663,Hammer,7bf45f97-9f2b-4bda-aaf5-fc924623525e,673ef5fd8757150dec001234
664,Hammer,dbd473e9-c3e9-4d7a-acac-ee2ffe5f7284,673ef5fd2291d2ec3b001234
665,Knife,2da9bb3e-bf1b-43ca-9937-611679248a5c,673ef5fd84117275be001234
666,Ax,b75ba027-81c7-4a1b-a002-9f95d06c9ad3,673ef5fdfae0b27c45001234
667,Knife,f9ab3727-f4d0-4634-bcf6-b9333e7fde29,673ef5fdb5dc4e5d9b001234
668,Gun,70819947-ad9e-4047-9b7e-3a630dba7dfe,673ef5fd192fc044e7001234
669,Gun,f017041a-5f23-4ee4-9bf7-d8e62e1c13a8,673ef5fd5c04925674001234
670,Ax,a59ad59e-d006-459b-bbdc-77c0319093fd,673ef5fd17c276c8e7001234
671,Hammer,a3a603f2-9c0b-4769-9cd1-9a83106f53a9,673ef5fd5dd9db5e03001234
672,Hammer,ceb754d8-f8f7-463f-9b01-f55294a2fa6f,673ef5fd2dea61eed4001234
673,Gun,8f11b452-08c1-48dc-bac7-4ba5326785af,673ef5fd9f396fe44e001234
674,Gun,703103ce-6aab-475e-8ddc-d6353fd8d7de,673ef5fd0d7de1aca9001234
675,Hammer,406e3b8d-f73f-4006-987c-b060bfd3e075,673ef5fd8fecb20817001234
676,Knife,f0fd956a-0777-45fa-b8a8-548b592081c7,673ef5fddc6a70712a001234
677,Ax,731ddcf8-18c5-43e7-97a2-337ae39dc0bf,673ef5fd71a3cb155f001234
678,Ax,8200e710-287a-497f-ae26-efe14c811519,673ef5fd9fe8593a8a001234
679,Ax,7ed92159-2a97-4eb5-9b29-ddcfcec8576c,673ef5fdca9c267dad001234
680,Knife,ee31e6bc-c7aa-468b-9020-0e7e763ccc63,673ef5fdfccb3cdc9a001234
681,Gun,9af7f593-cba8-42eb-83dc-98e473164b40,673ef5fd1595af6435001234
682,Gun,81f3e9b1-1fc7-4200-978a-28bcbb566a22,673ef5fd08d98638c6001234
683,Hammer,b39b201f-b122-4516-9c20-4b3533d4de7c,673ef5fd2468192842001234
684,Gun,58f6f140-e8fe-4499-b07b-6f8f6e32732c,673ef5fd556f391937001234
685,Knife,4454b1b9-9779-4307-8a36-f894e2c5ec93,673ef5fd3328bdf9a4001234
686,Ax,f26479ea-d81c-42c4-88e0-0ee5860276ab,673ef5fd109a0ca3bc001234
687,Hammer,87174141-630b-4871-84e3-56638ac8aab8,673ef5fd7f5d04d189001234
688,Knife,83488488-fff5-49af-85ba-0b976e53532e,673ef5fdf79921bbae001234
689,Ax,094b73bf-6e0c-4869-8599-815d1c251eae,673ef5fd07a96b1f61001234
690,Gun,c82d364a-78d6-4a0a-8fe8-458e1f7fde8c,673ef5fdc06d06da96001234
691,Knife,affd18ae-a8ba-4b8b-b210-f35f6b298869,673ef5fd10a5ab2db3001234
692,Knife,551e69fb-d20a-4037-9f4b-a53fa8aa4641,673ef5fde555ebe0ce001234
693,Hammer,dbb4fd81-28f1-48ce-8af2-db77487b5d86,673ef5fd53e3a7161e001234
694,Hammer,4ac43974-44ee-4ec7-86cc-fa2fff0223f5,673ef5fd5487315b12001234
695,Gun,5d793b7b-7ee5-439f-a175-6eadf5f51905,673ef5fde4bb4c5173001234
696,Knife,b3bd815e-bbfc-41f8-aabf-0c5b9b23970b,673ef5fd0cb929eae7001234
697,Hammer,a0fe3c22-6a11-4751-978f-8efa8348cc5d,673ef5fd8a0e1141fd001234
698,Hammer,470dafb0-4bbc-4984-8ba4-ab2987a65556,673ef5fd99bcfcd754001234
699,Knife,7982184a-4e60-4c50-9577-1bc8ada773fd,673ef5fdafd4836712001234
700,Knife,572c15cd-b463-430c-8187-46738b5e8a42,673ef5fde5841df216001234
701,Knife,b8553e81-e63f-46e8-ac25-e8af1cd95645,673ef5fdb4a528955b001234
702,Ax,2a44b096-9e35-418d-af55-3b6ae994b529,673ef5fdb1eec33c72001234
703,Hammer,614519ae-e723-466a-9ad0-74f280fe98cc,673ef5fdd6c651ddcd001234
704,Gun,2e421be3-04be-4080-8154-2b3237886be8,673ef5fdf64eac11f2001234
705,Knife,ba559dc7-831e-4cbe-81fa-29ee87cf8bb6,673ef5fd4a47d2983c001234
706,Ax,848dbf86-cbb3-437d-9e9b-8da12cf1f36f,673ef5fd9c82c7143c001234
707,Ax,f3f3c226-27fc-4a62-9ee4-16dcf2a08e69,673ef5fd500e75a036001234
708,Ax,6b15dafc-27dc-49c5-bb1f-e090646df228,673ef5fdae0eb3eed3001234
709,Ax,261be09c-67d4-42bd-810c-05db25a490a4,673ef5fd1ecfb46347001234
710,Hammer,a7d7dda2-dbd5-451f-91de-942b7d114fed,673ef5fde70611883d001234
711,Gun,e8fad4f3-6278-46d5-8959-7584a1f37905,673ef5fd6081594975001234
712,Knife,6f0e35b0-5ffa-4c75-9e3a-1a1d823619de,673ef5fd19bc916108001234
713,Hammer,86e986e6-b759-4a6a-9df3-e652199c8ed0,673ef5fd07c5807d0d001234
714,Ax,1ad87dd2-aaf2-48b0-b5ef-997057754548,673ef5fdd14220ee66001234
715,Gun,6a0d4d0f-510a-4e8c-a1a9-da6250fe0beb,673ef5fd8df707a948001234
716,Hammer,3900d305-5173-48aa-8105-ee2fddabb3b5,673ef5fde7f8a7fb0b001234
717,Gun,fb158bef-5721-4842-9087-b95e5d0824de,673ef5fd788d986905001234
718,Gun,f438e61d-5697-4976-806d-7dda7545e09d,673ef5fd50c3d76149001234
719,Hammer,d9393011-0257-4184-92d2-81e0520ab4b7,673ef5fd2afe4567e1001234
720,Hammer,3167f438-cfdd-41c4-aeac-3ecfc38bac4b,673ef5fd5f2c22cb4a001234
721,Gun,0105dfbb-1fe7-452e-a2c2-36262316d4e0,673ef5fdaba3b6fd5d001234
722,Hammer,1e1e6288-4453-4321-83fa-24d13b25290b,673ef5fdc8ed21db4f001234
723,Ax,b570fa1a-b3b2-4ce9-a49f-9e0d02664bf9,673ef5fd08419be897001234
724,Hammer,bfea6189-eb2f-494b-bd36-0da66184b021,673ef5fd7f1171a78c001234
725,Knife,7706f7d4-c774-4980-baf5-e7788d1303bd,673ef5fd82f2b308c3001234
726,Gun,31a8c809-e6e3-4c9d-8edf-4bf60ef5c85a,673ef5fd0d3180d672001234
727,Gun,b32b2f74-d514-4f7f-9d4c-f42332c2f0cc,673ef5fdfb89705ae6001234
728,Hammer,4d415ff4-ac4f-45ec-9a6e-2f074551f87e,673ef5fdd4c2e4a329001234
729,Gun,c18e7b99-7c4b-47cb-be3f-f3a78b262b9d,673ef5fd5751ec3e9a001234
730,Hammer,91139ae4-189c-46ad-a4e2-daa551748f43,673ef5fdd5cfead94f001234
731,Knife,3d91b820-534a-4d17-9064-053c0443278c,673ef5fd59c3301688001234
732,Ax,df1cd26d-82a2-4616-9d17-c2b3ad4eaea3,673ef5fdba3866600c001234
733,Hammer,0e0d8665-f9a3-4ec9-b9c9-1b05c9ba5fec,673ef5fd6c29793a14001234
734,Hammer,b1fe5b9f-cc42-40be-8266-bfafb80594b9,673ef5fde995f98d56001234
735,Gun,f9f39805-72f9-4878-889d-4a15a28e05e7,673ef5fd6cd67d9b6f001234
736,Hammer,f1ae196d-808f-40ba-9f56-048ab1070efd,673ef5fd6bc24fc1ab001234
737,Hammer,313ec3a0-68b9-4b81-a656-091a7512db31,673ef5fda5cdd4aa00001234
738,Gun,8970448c-5756-4350-9b8d-0f01eb98ad4e,673ef5fd217eedd1ba001234
739,Hammer,5d7c8547-53c6-409f-8350-d3aadd70c767,673ef5fddf263d9962001234
740,Ax,27fa6785-9dfc-4268-8947-f91239e98c42,673ef5fdedfbe1afcf001234
741,Knife,6ebbb0b8-4dac-4ea4-b534-8f5fc89ad714,673ef5fd2e65f2f2fd001234
742,Ax,01bad29d-0331-4497-8ed3-6579263d2296,673ef5fde94550c93c001234
743,Gun,b536340a-a18e-4b4b-9d42-3f35571ad11c,673ef5fd5c572eca05001234
744,Knife,41a97a30-29d4-4534-a9f2-eb92b3bd3676,673ef5fd0537fb40a6001234
745,Hammer,57e454d4-3a51-467b-99a6-522b035b1fe6,673ef5fd5f0f5e5f33001234
746,Knife,9e86fae4-8031-48b0-bc2e-c375b1cc40a6,673ef5fd185e65bc40001234
747,Ax,bf0f8346-38eb-4190-9fb1-fed817ab1323,673ef5fd8d317bdcf4001234
748,Hammer,66d6bad2-f371-4fd5-89de-0f7cacf0f902,673ef5fde49b8b4053001234
749,Gun,e6fb2669-99f3-4474-821d-a2466a26ae22,673ef5fdb056eb1587001234
750,Knife,1425eeac-1bdb-4bb2-a5ff-c2c490e39847,673ef5fdb137fdd1f7001234
751,Ax,78f13c06-ff50-4bd8-8d29-7405e8f6351f,673ef5fd912d2b1c7b001234
752,Ax,52843a0e-abd0-4f26-befa-cd3a883153fa,673ef5fda1d33d0dfe001234
753,Knife,4b805a3c-1e86-4bfa-96cb-0381a1916b63,673ef5fd6f2268bd1d001234
754,Gun,08a47576-1713-4187-abc6-2460e3549037,673ef5fd872488f88d001234
755,Ax,d5102d83-dc3c-44fe-98aa-4022ae7913d6,673ef5fdccb0989662001234
756,Ax,69760c6c-0a90-47f2-a591-193c5dbafc05,673ef5fd2823f47971001234
757,Gun,b765088a-6c65-40ad-bf79-636bcdf2f95e,673ef5fd470e7a4f01001234
758,Gun,e8381b92-533d-49b5-aaf9-0dc707b97b00,673ef5fdbf62768ca4001234
759,Ax,2ec263d4-02ff-4e83-97da-ecdcdc68142f,673ef5fdfa14d4fe2f001234
760,Gun,6cdd88bd-21f5-4799-ac8e-03c27629254a,673ef5fd2ca65f58e3001234
761,Knife,815e3f91-d8f1-40cc-ab49-b04786d7dd4f,673ef5fd88ae6372cf001234
762,Ax,2d326f7f-650e-4458-8590-b2c0f143f6dd,673ef5fd06997f04a7001234
763,Knife,eb2a0863-5031-402b-80d8-fefabcaf6820,673ef5fdeefc9e10eb001234
764,Gun,ab868e2b-9ec2-4d5e-bde4-365437f8e809,673ef5fd5807a685d1001234
765,Ax,aea69d20-6854-4a43-ba68-bd2c8774b308,673ef5fdd840cc5d90001234
766,Gun,9545108c-b1ed-4638-bdfe-8a0d29ecc375,673ef5fd959a557f5f001234
767,Ax,1982aa98-a893-44a2-b24d-1ac529f8798b,673ef5fdf2201f5191001234
768,Gun,5ce378db-016e-4da8-b042-1fd286a6f07a,673ef5fd3a835d3215001234
769,Gun,8a49131a-380d-4a07-9b59-69f24011c190,673ef5fd288cc0ff02001234
770,Hammer,6affdbb1-9f47-4e01-a25f-c117efe88f8d,673ef5fd4ea06fbc83001234
771,Gun,472a68c1-41a8-4e1a-92b3-748bd148cd94,673ef5fdb7ee6f5f9a001234
772,Ax,d37cdc06-6bc6-4e02-9af7-e6ba76dbd936,673ef5fde57c6b956a001234
773,Hammer,49553f92-a4b1-4ecc-88fc-871d1ab72625,673ef5fd86b122d435001234
774,Hammer,1e647e5b-392f-4289-9be2-ef499cb6f409,673ef5fd4e0928de07001234
775,Ax,90492491-2fcd-4983-bb75-c94f67243086,673ef5fdc0f168ce89001234
776,Ax,602a83e6-e6f0-4fa0-8570-4f72bcdb6972,673ef5fd8c6744c9d4001234
777,Gun,357afa5a-2219-43e8-affb-94d71e7cba10,673ef5fdf1c1592588001234
778,Knife,2d6c0a48-5521-419c-a28d-fca18b6b6e40,673ef5fde074133548001234
779,Knife,8c039f11-a5ca-4977-802e-e4f24f9dd341,673ef5fd67d96d458a001234
780,Hammer,82a86112-a573-44a3-8ff1-1ddf4920d3a5,673ef5fda8e864d04c001234
781,Knife,1e55f042-85a2-41f9-81ba-1788d0c6838c,673ef5fd7143d7fbad001234
782,Gun,71577f95-3e75-486d-8d92-0f94022eb872,673ef5fd72da7fd6d1001234
783,Gun,e9d98960-bb29-4ce8-9b80-0298a4a9b060,673ef5fd6e0721b2c6001234
784,Ax,d232e495-17a4-43b7-83c4-c986ffa37a59,673ef5fdfc8001f834001234
785,Hammer,24e81ccf-fa1b-424f-aab3-aa52ecc1938e,673ef5fd4b04a686b0001234
786,Gun,6111f026-1083-44aa-b6a7-2a18599928a1,673ef5fd61b4a64be6001234
787,Knife,f386965a-3040-400a-9cb0-4637bb670ff4,673ef5fd3621f1454c001234
788,Gun,4eeaf22e-697f-4c6c-bdd5-298f495aba23,673ef5fdc15da1f2b5001234
789,Hammer,1684ea79-3fb6-49a6-aa2b-bde6a09b4400,673ef5fd68053af292001234
790,Gun,266a3eaa-1f95-4601-9c3a-c825cedbf6aa,673ef5fd2dace78f80001234
791,Gun,2684ef2e-c109-4727-8910-e3eb8ae9fe6b,673ef5fddf7f28ac89001234
792,Ax,b7a92e50-c07f-40d4-b26c-21071edcdae8,673ef5fd96ea64f3a1001234
793,Knife,0587deb7-978f-4066-bbb1-ef9c1cf19a1d,673ef5fdda8ce53cf0001234
794,Ax,80647ab2-7f88-4a70-85c8-9279771c233d,673ef5fd82489c9737001234
795,Hammer,875a943e-cf9e-4425-a50c-0f5a9c34ebf1,673ef5fd7c590f0149001234
796,Hammer,99121f58-1b92-433b-932a-e259f96a356f,673ef5fd35cf8659cf001234
797,Hammer,0f97f82d-bd6a-4c70-bf6b-419de97cd3ec,673ef5fdbeb22fb694001234
798,Hammer,c617ab95-22dc-4ad5-8f42-41bee923cf2b,673ef5fd9e3cfc48ec001234
799,Hammer,67f2799f-7a3f-4570-b9df-a0d117a82e25,673ef5fd28267ab848001234
800,Gun,1a62a220-6c5d-4b6f-9653-da59d593a5b7,673ef5fd7a53928fa4001234
801,Gun,b8192a71-b5d3-4b66-8209-dfa733bbcba3,673ef5fd1905aedab9001234
802,Gun,3e8431bc-48ad-4a49-8312-71592933146c,673ef5fd1141938ba2001234
803,Knife,6192f36b-caa8-42b8-91f8-c11b8a92591a,673ef5fd1aa48fc488001234
804,Knife,f7b42893-364f-44ec-a036-f2b58c4a0285,673ef5fddc5689792e001234
805,Hammer,4342a75a-adcf-43ab-88c3-86262d9ba494,673ef5fd846c260d71001234
806,Gun,a1f46f8e-f072-47be-b63c-7135ed7a3237,673ef5fdd58072be28001234
807,Knife,0c9eb9f2-7808-4951-bf2a-606cf4b09752,673ef5fd6e7b33fdea001234
808,Hammer,9114c552-e966-4938-afb5-8ce6c47f2777,673ef5fda8ecbabae1001234
809,Ax,e55d1d93-f111-4d13-be54-fd627901eef1,673ef5fd32b30a250a001234
810,Gun,ad9a9436-7f5c-4921-88be-07b7a5e7c06d,673ef5fdb6edc1cd1f001234
811,Hammer,333cce9b-4855-4ff7-9e74-639f3bb8e95b,673ef5fd670e8a43b2001234
812,Gun,bab9ae6f-a00b-4c27-b077-9385870fa704,673ef5fd81e74d6785001234
813,Gun,5671270d-760e-4854-ab49-a3edccc50423,673ef5fde0cf1f4711001234
814,Knife,cc1afc5d-a278-42af-9aa8-394dd36719bb,673ef5fd96b9bff013001234
815,Ax,aa30acbe-51f4-4379-8e81-7e71ccaadb9b,673ef5fd71ad16ad2c001234
816,Gun,6453a999-d95a-4c57-8bbc-b86d3ea480f0,673ef5fd43fa7f58b7001234
817,Ax,45d39ddc-f187-4b05-a572-86c6f49c139a,673ef5fd31839b036f001234
818,Ax,8228eb25-d9a2-4f7d-8896-d6966c83bade,673ef5fdf0adc8838f001234
819,Hammer,ddd1677f-4407-484e-91a2-ce32ba8b57d1,673ef5fd3b5dca501e001234
820,Ax,b0c073c4-da42-46fe-a648-363c0fb7d6a3,673ef5fde2a2dcc36a001234
821,Hammer,96c70549-3f7f-463f-b15b-14f7bd240440,673ef5fd4558dbb6f6001234
822,Gun,c71e7d92-1e85-4b90-a745-b4329ee49a85,673ef5fdafda332245001234
823,Ax,648b719f-c70b-41f9-b2af-936869fb18c2,673ef5fd632cee946d001234
824,Knife,92f3d0b8-b124-4e8b-a849-6c4d8cdad377,673ef5fd677e09724f001234
825,Hammer,16480ac3-2d37-4d61-b0e3-f1144ac00ff6,673ef5fdd554f7bb7b001234
826,Hammer,d23b47a0-9802-45f4-8675-7c9d146fde2d,673ef5fd795c7a7a5e001234
827,Gun,60faff9b-14fa-457d-ac05-576d4f784945,673ef5fdfa3a3c407f001234
828,Gun,db0f7b58-ab6b-4862-b321-ee3941e0285f,673ef5fdc2626d850c001234
829,Ax,c3697446-9a36-4556-992a-6386f496f7e1,673ef5fdce78d1da25001234
830,Knife,76c56915-ce37-412b-aa7b-5684d5f57f37,673ef5fd8e82ab7243001234
831,Knife,38f52d75-ec33-47cc-939d-2bc84ba98da4,673ef5fde0ec453e28001234
832,Ax,e0bc430e-a297-4c85-a19f-d9c4308403ea,673ef5fd7250eb93b3001234
833,Ax,47b7d677-f55e-4e2d-87cf-a884a8caae9c,673ef5fd013a006f03001234
834,Ax,3d62442d-e8e9-4fbf-9684-573f2a58df8b,673ef5fd301ad0e3bd001234
835,Hammer,e4153d1c-d063-43bc-87c6-e32d923a7c4e,673ef5fd4d5b995358001234
836,Knife,531abfa9-32ba-476e-8020-7eb4b3e635f2,673ef5fdab88b15733001234
837,Knife,6a0747ce-91bd-4089-aa38-da78e6f6ba1e,673ef5fdb0b183c207001234
838,Hammer,334b0866-263f-4bfe-8d6a-483abe2fa60b,673ef5fdf9028faec7001234
839,Knife,9812a31e-48ab-4e9f-a68c-0a35138d034d,673ef5fd8f7d807e1f001234
840,Ax,312e7e22-6507-44a9-b712-6c7cab96265c,673ef5fdfa83a11a19001234
841,Gun,e4970787-7a09-47cd-a3a3-1cd37d719767,673ef5fd02a32ad266001234
842,Knife,8e9f59e5-709e-47ab-9b6d-70b38ae4b969,673ef5fdfc3cf452d3001234
843,Gun,62376434-15a4-4900-a5d2-9d67dd12ff98,673ef5fd3d8e28caf9001234
844,Hammer,4dbcab40-1dd9-4e29-ae41-f56a3a5493fb,673ef5fde97ee2054d001234
845,Hammer,3f5d2ed1-8769-44b1-9c9e-0d28cafa2dd0,673ef5fdb86e8d03fe001234
846,Ax,29070ecc-0715-4934-9f20-3e5cf35d48c8,673ef5fd84f7e69969001234
847,Hammer,8a76f0b9-8680-4b78-a551-e9221bfb17b1,673ef5fdf4552671f8001234
848,Ax,f4d0f6ee-c1a4-45b8-bea9-e7d579a3f2b8,673ef5fd362e80d4df001234
849,Gun,24e7b742-5bd7-4cb0-9873-0b2e41c711c8,673ef5fdfe8c15fed5001234
850,Hammer,63757d52-44c6-4a45-a4d8-d304534f0024,673ef5fd1efa39bcae001234
851,Gun,a7656d04-095c-42e7-88a9-a02b805e3c64,673ef5fd92fb0c6d17001234
852,Knife,22957417-1a15-4cbc-8cb4-7fe5337149f6,673ef5fd22ac3c5a5b001234
853,Gun,a05af63a-1ff0-41ae-bf12-1cf871535b0b,673ef5fdaff1621254001234
854,Gun,ff5743fc-6c67-4328-abd6-7caaecab498d,673ef5fdf7e9050c92001234
855,Ax,de804d65-bd16-4ec0-9b41-761f055ee933,673ef5fdaddfa9b7e2001234
856,Ax,b3b36846-0b2d-432b-a991-4b9166c8009d,673ef5fd8c235f89a8001234
857,Knife,94cd2191-877d-482d-bdb1-89671d9f95b0,673ef5fd847cc55b70001234
858,Ax,ad8275f9-0ddf-4e8a-b3c1-f9e2e151b7a7,673ef5fda67f096809001234
859,Ax,ce067bba-5cd4-415e-98d6-710632b4b0da,673ef5fd2a084e55c8001234
860,Ax,e789295e-6c6f-44ed-ae06-aa841196783a,673ef5fdfc49306d97001234
861,Ax,c41a8354-a565-4447-a466-aa1a15e24241,673ef5fdf9a40a4780001234
862,Ax,462251c1-e990-4eb5-b29a-10f6a2754048,673ef5fd5ec91aac30001234
863,Gun,1277e2f3-f654-44c2-bd1e-f52222570ddd,673ef5fd19b650660b001234
864,Ax,9339fa49-57af-462b-942d-e388ba42a3dd,673ef5fd1fc214004c001234
865,Knife,02b9500b-0470-454f-b3be-6a2a4b983e68,673ef5fd3b3dbaf685001234
866,Gun,1e923a4c-b353-47fb-b28b-c4809a815c30,673ef5fdca8155f4d2001234
867,Ax,1a7d8943-4f74-4aab-a685-2dfbb676e76c,673ef5fdede7e2b6d1001234
868,Knife,a71933d3-c265-4934-955a-6db11810ed46,673ef5fddd45045f8c001234
869,Hammer,4cd55c64-f27f-4fb9-8c82-49db81e0cbbe,673ef5fd49c9adb18e001234
870,Gun,ab30a80d-7c06-4922-9a59-6e0e834e4b29,673ef5fd22fb0cee7e001234
871,Hammer,7bba21f0-e3a2-483c-9406-6bd7db4cd030,673ef5fdaeb3135b43001234
872,Hammer,518232be-8d93-4ab4-9c35-16bb6fe76dd6,673ef5fd43feaeeecd001234
873,Hammer,03a274fa-31b9-4ef6-8490-0560240030fd,673ef5fd98d6f58ab0001234
874,Ax,35ac0486-4ca9-46cb-b4b5-65a9bb7e57e5,673ef5fd51ef186e18001234
875,Knife,f75357fa-1d7e-4f56-bb2d-e316e7cd27a3,673ef5fd4b0a59ddf1001234
876,Ax,4a9f80bb-fb57-4fe7-a0a5-7cbfa5f5a095,673ef5fd67d16d0020001234
877,Hammer,6f5906f7-1f04-4b48-b2f3-85300041f03c,673ef5fd352407221a001234
878,Ax,b145ecdd-5d96-4193-83eb-8d40437f2ba9,673ef5fddd8eb9f23f001234
879,Hammer,a38cbb36-0940-416f-ab6a-aae09be2380e,673ef5fdd516b13671001234
880,Ax,5fff6b82-4e27-4584-b593-a1d650d4ba43,673ef5fd1f50893f80001234
881,Ax,37e1ac8d-77d7-49bb-a326-5e2ce728d237,673ef5fd7504adad8b001234
882,Hammer,4fb9abe6-6863-4af1-b2cf-194d87918de1,673ef5fd6c3cf77d52001234
883,Hammer,03aae664-86c4-4b89-9b69-c1fa9f78aa2f,673ef5fd210f760a89001234
884,Ax,546ba9de-afee-4645-8732-1330d81af6ed,673ef5fd170c944978001234
885,Ax,6943d89b-542e-41ed-97c0-bf648d13c2e8,673ef5fd0efe32849d001234
886,Gun,5861ea1c-9272-4750-b89f-7070ea59ae9d,673ef5fd704afe0739001234
887,Knife,7692bc12-4e2c-4d8d-9021-a30c7f50021c,673ef5fd7ce3284b74001234
888,Knife,3bbb5764-c5a4-4d3d-9e18-10d00a4c778e,673ef5fd0a113ef6b6001234
889,Ax,efde4e05-e47c-4c04-82ee-f48b6f2e3513,673ef5fd07871915a8001234
890,Gun,e30b7f34-68e0-4e52-a4be-b2029613b6e8,673ef5fd024d7f84ff001234
891,Gun,6c9b2af1-502f-4002-87f4-b79b180b114c,673ef5fdcfbce4c1d7001234
892,Ax,eb5da8ef-3303-4bda-8c80-108872b8ba1d,673ef5fdc2aee86157001234
893,Gun,1eb57293-18c1-4621-ad97-11b2c37da2ad,673ef5fdd56b9fc4b0001234
894,Gun,dbf3eba1-f89b-4401-9910-95e9318418e6,673ef5fd4b02507935001234
895,Gun,a2c2374b-b54e-41a2-b792-916b7b289cdc,673ef5fd20aee3a5f4001234
896,Gun,f52f0feb-b3b6-4743-a730-2232d45a56a8,673ef5fd061412e4a0001234
897,Gun,8771582b-110b-4369-9e3d-2809ccec2f0a,673ef5fd5705e1164a001234
898,Ax,92323cf8-6c96-403e-9a4a-cc7907e452ad,673ef5fda64c94baaf001234
899,Hammer,e97daec6-bed7-4894-8ad9-38aebac8b8e1,673ef5fd01882513d5001234
900,Ax,8a777c6b-e822-4255-89cb-14b202ea9dde,673ef5fdacf4b89d3d001234
901,Gun,c62b0dce-404f-41ea-9082-98c8f542d90b,673ef5fd892c91e0a6001234
902,Gun,6520f673-4abd-4c4b-976e-29ee67e1ad01,673ef5fdb6a1085a27001234
903,Knife,3461ad81-d29c-4261-9115-a6a815587811,673ef5fdaa169b49b5001234
904,Gun,90789a5b-0aec-48ec-9e38-0c92caf379c6,673ef5fdf47d0ad31c001234
905,Hammer,25d63e7a-ec4a-4ae3-a06a-c18624a71076,673ef5fdf57a2f557b001234
906,Knife,11f65f9b-3a71-493c-b9a1-038f715a8879,673ef5fdc8fbbc86ab001234
907,Gun,98b42a6c-b8de-436c-82c0-258b4b9afffa,673ef5fd621461af90001234
908,Knife,29675a79-efdb-44f5-a8d0-64ed0555d316,673ef5fd8b6dd7db9a001234
909,Gun,3834f0ea-497a-4f82-9ca0-b7fc3305f7d0,673ef5fda4300b002b001234
910,Ax,2b9df464-2eda-4ebc-bc0e-06f9e8573a21,673ef5fde205ee2a5d001234
911,Hammer,df69d2cb-b423-49cb-a34d-755a78134b5f,673ef5fdb56a18e0ea001234
912,Gun,83cb544c-bdaf-42f6-8623-a7268485edc2,673ef5fd2a9d121cd9001234
913,Hammer,1c201128-9b5d-4414-a9bf-4e1c031ad229,673ef5fd8b5040a8a5001234
914,Gun,7570ee75-e77b-4dfb-b73a-1b4875d96c81,673ef5fd7634ea65a4001234
915,Hammer,dc922733-3d78-4cf5-8b37-152ef2deddb0,673ef5fd24896ee4c6001234
916,Knife,3fac6400-9838-4770-8a92-17748ea4b5e3,673ef5fd23ce185134001234
917,Ax,39d8ad49-f142-47c6-8023-5086f4a57426,673ef5fdda0d1111d2001234
918,Ax,307572c4-30d8-45f4-a00c-7f50c2285e12,673ef5fd1e056d2b0e001234
919,Knife,7161e362-6c1f-4a5a-a356-fa9e3e6ab0e5,673ef5fd3e89ebdb49001234
920,Hammer,0a6206b6-6df3-4abe-9b41-be39206042e2,673ef5fd6d0f846348001234
921,Ax,b815278c-5ee2-423b-9847-5d332544db89,673ef5fd430c3626b8001234
922,Knife,c0dffb54-96a1-4fea-b06b-98e18e329639,673ef5fdccc0aa1b81001234
923,Hammer,9cf1d1e4-42c5-4725-a6d9-245a4e7f905f,673ef5fdc4015b7f36001234
924,Knife,6282ab61-47fe-4112-bb1d-e5881454782e,673ef5fdbea5955b30001234
925,Hammer,266185a5-4b05-4010-8152-2afbdbedb88e,673ef5fd7fa732b517001234
926,Gun,a4369add-61c4-436e-a9fd-ecf8f7b02e9e,673ef5fdcbb6a3b884001234
927,Gun,32a1280b-b06f-429f-a343-9882135e30d5,673ef5fd1f4477bad7001234
928,Ax,c4932206-c31a-4ff4-b32a-0fee149c8a32,673ef5fdd045c59a90001234
929,Gun,5be20f97-5543-44ad-8d5c-ec3e7dbcc981,673ef5fd0d0871f080001234
930,Knife,a9b73630-0465-4c23-b1d4-800cf4ff31e3,673ef5fd1cc3633c57001234
931,Knife,c9ae4b50-c577-4d78-bcd4-daa59243eb5d,673ef5fd9f53d83ec0001234
932,Gun,4380860f-b9d5-40ad-8f94-78abf3c6cfbb,673ef5fdd2ed45a52b001234
933,Ax,2b85ad49-4204-4d56-a097-7069b7750bd6,673ef5fd043c3d7e48001234
934,Ax,9f670035-08bb-4b46-973e-8365d0c57f3c,673ef5fd4daa3db355001234
935,Ax,546b325a-faf2-4478-9fc2-d8440960e1de,673ef5fde820a45f1d001234
936,Hammer,6ca57688-bb6b-449a-bb1e-56c7cf5fe175,673ef5fd90794e3b05001234
937,Gun,4d266dc1-1f1f-40d8-8a4a-b09757281642,673ef5fdb7892fb3c2001234
938,Ax,0330e5a5-fee2-4f2d-95e9-3ecc3c517389,673ef5fd74bba22728001234
939,Gun,0015636c-7ba7-4fa3-a98f-531b580315c2,673ef5fd3df1d4b96d001234
940,Ax,d8bada53-8188-4fe9-9b43-6a47ea7b398c,673ef5fd8d6dc35e50001234
941,Knife,4a2ba8cc-d4ad-4b1c-a0ce-fee0d7212782,673ef5fd92262bf907001234
942,Gun,0d7b6e83-f026-473a-a910-432e9b374bc1,673ef5fdb55ec28c52001234
943,Hammer,b6dd8c4c-82fb-406e-8824-d348dd1cc014,673ef5fd2f885d0fbe001234
944,Hammer,394d1194-e96a-4e26-a367-1106e8b72ad4,673ef5fd64223ccf70001234
945,Knife,936978c5-53f7-4e9b-b420-07f042a49d49,673ef5fd4b6538a44a001234
946,Hammer,c8715b58-faf8-499d-ba20-57287411e661,673ef5fdc8c41c4a18001234
947,Ax,469dc8cf-3c18-4a77-8eda-f8676d6fa161,673ef5fdc4b31ce7d9001234
948,Knife,736dc9f1-3aa4-476a-8647-a874496a12bb,673ef5fd58e4d44e55001234
949,Hammer,a9859bee-4159-4805-9975-bac5ad6c844b,673ef5fd3cef96dcc9001234
950,Knife,3299435f-4ffd-4354-a5e6-da689e033412,673ef5fda3d68b461b001234
951,Ax,ce9d0c22-7bce-415a-8e0b-af8d79156fed,673ef5fd1c1d4df596001234
952,Knife,deba6c09-3c5b-4c2a-9b7a-cd0054dbd630,673ef5fde6cb2a3c14001234
953,Ax,72025789-916e-4b1f-ba44-d963abd94aa2,673ef5fd9232fe8122001234
954,Gun,c4c4f30b-5e43-4226-bb8a-8531e4dacb4e,673ef5fd6395ebd0f4001234
955,Ax,48c558cb-a703-4945-84c1-275df4e9fc4b,673ef5fdef4e3b775c001234
956,Knife,de01ed4b-29d0-40b1-a46a-574ed9639ae6,673ef5fd168908dd32001234
957,Gun,1ec6b1b3-66b9-4dea-8e88-793f9decbf69,673ef5fd2ba596643c001234
958,Gun,cc47d7b7-147e-4315-90e4-c43892beddc9,673ef5fdd240e3d38a001234
959,Knife,c10fcd46-290a-413e-b19d-7e0a51b33bab,673ef5fd0f840be9b8001234
960,Knife,efe8dbf9-e1fe-4fd9-9cc3-7dc02888c193,673ef5fd437d7d1d97001234
961,Ax,101fb4e5-1e09-4282-a50a-de3072231556,673ef5fdd707329bec001234
962,Ax,71fa15a7-36cf-40cc-8316-912cf212c7c5,673ef5fd5c936263f3001234
963,Hammer,8dba880f-bba1-486d-92b6-792d21d753c1,673ef5fd1ce927f875001234
964,Knife,33c12aab-d1cc-4830-a7e5-6d528ff570ca,673ef5fd8065d07da4001234
965,Knife,4f41594b-58f0-457e-8999-8547bc30e827,673ef5fdeeb69a3cb9001234
966,Knife,5f9e2949-b7c8-4df4-b389-27c574dc2666,673ef5fd4e0cb6fb5f001234
967,Ax,645d9eef-6b36-4064-9e1d-69b5a2f3ce8e,673ef5fd6cfe0e6127001234
968,Hammer,a134eeee-1835-433c-9a08-bc5aa07f2b13,673ef5fd8f468c873a001234
969,Knife,dc632bc6-9e48-4b6d-af7d-4169df6fed63,673ef5fde744f91c29001234
970,Ax,668dc505-06c3-44fd-bff0-412e4317dfcc,673ef5fd89fcd07f20001234
971,Gun,c2b2e247-2004-44b1-960f-1e6da7db1091,673ef5fd6602294be9001234
972,Knife,15525c49-5fad-4bb3-baf8-c51c9ebb4d8c,673ef5fdc22abfa379001234
973,Knife,09ae3352-a148-48a4-8b72-3910046ac2ce,673ef5fdca75910166001234
974,Knife,eaa39449-e600-43e1-aa1c-d0dbc3bc26f8,673ef5fd4311359ed4001234
975,Ax,0748058a-1ddd-416b-ab38-e66bccbcd098,673ef5fd92977ae4d2001234
976,Hammer,57e82ac4-e8b1-42a5-a048-c5b12c9e5a72,673ef5fd9c01802ddb001234
977,Knife,d111f502-05bd-493d-b871-6667044e1dea,673ef5fdcc1aa43627001234
978,Gun,f97227b7-c715-4b26-9dbe-28b441afd578,673ef5fd2ab56412b1001234
979,Knife,8cb2e88c-46ba-469a-9c57-54c3e369d649,673ef5fdc32d9bf27a001234
980,Ax,8e7f0187-65ae-41f8-a988-f95e7bb8a5ed,673ef5fdd79aac0759001234
981,Hammer,f1251227-ee27-4ee9-85d4-b38eedd77fac,673ef5fd287e03db1d001234
982,Ax,06723b63-f4ad-4101-9b36-45af8e7acfb1,673ef5fdfec8d47d41001234
983,Gun,146ad182-9645-499a-bb41-7d2ed07bb0e6,673ef5fd6aab127066001234
984,Knife,2654d2e2-444f-42f4-be7e-7c47b6c750db,673ef5fdd93ed5b6db001234
985,Gun,1e1464ce-700a-486e-b6c5-6fae84898ca9,673ef5fd54a367d629001234
986,Gun,c7df7645-f9a1-4455-890e-f62434b760c9,673ef5fdfe7ee8fc19001234
987,Hammer,c9fc7fde-7f5a-4766-bdf6-2c27b74147fe,673ef5fddf6d2338b2001234
988,Ax,667a8103-83f2-4c17-89a4-fc5ce9cb57f3,673ef5fd9908279ebb001234
989,Hammer,05742898-7c08-4be9-8701-b76c2e1304f8,673ef5fda1140a3d0d001234
990,Hammer,d07a6373-a22c-4290-a2ce-53afbf2f9601,673ef5fd4fac9ba115001234
991,Ax,d9de6cfd-d5e6-4190-861b-f23c2850f0d0,673ef5fd692f93be8c001234
992,Gun,217b06a4-d91d-4d70-8c25-0c2d19f5cb97,673ef5fd860320be12001234
993,Ax,7aadb9e3-266d-4b5d-9a5b-7a6c50d0ec86,673ef5fd7b13b22030001234
994,Hammer,3f714c5f-563e-445d-a91b-65682d6de4ee,673ef5fd934815ad54001234
995,Knife,22f1d42b-68d5-4951-bb8f-0025c54dabe7,673ef5fd2bcab9d935001234
996,Knife,3a2a300c-309d-4b73-bcbe-48910b35ea20,673ef5fd0b8aff0438001234
997,Hammer,84d2dfdf-b60b-462e-9ef7-ed513bd901f5,673ef5fdec5aa0b784001234
998,Ax,bf3913ac-a721-4b66-8f41-592133ffa451,673ef5fd9ab0d88431001234
999,Knife,795dfe33-4941-48d8-b9c6-8b366b0d2d60,673ef5fdb706835de7001234
1000,Ax,f3097a0c-5b70-42f0-80df-7cc1ddd5e880,673ef5fda9b7ba7078001234
1001,Knife,f54f2f7c-e33d-4342-85be-176648f33724,673ef5fdb8c37e33de001234
1002,Ax,803d220d-574b-4acb-b6e4-5aaece8f6091,673ef5fdfba9d88164001234
1003,Hammer,16387ddc-b66c-4184-b5b6-a322346a6448,673ef5fdaa68c75c4a001234
1004,Hammer,77b204d8-b824-4345-b9de-25aecfe921d4,673ef5fdfed33392d3001234
1005,Hammer,73b1f10e-8877-4183-a973-02b437b07e10,673ef5fd2387337ba1001234
1006,Ax,3865fa3b-ded1-4075-9995-0e8c0667cc98,673ef5fd9246444d94001234
1007,Gun,f96a70ae-4181-4dfe-866f-65687b1dc1df,673ef5fdd7322ed717001234
1008,Gun,c7b72484-95b1-4830-ade2-158d477b93b5,673ef5fd1587965fb4001234
1009,Knife,d77de518-4824-4fb8-9570-6c80057eb61f,673ef5fd31b3b31a1c001234
1010,Hammer,e6c6a6fb-7eb4-47b9-8f5c-e982c96ac347,673ef5fd1e48c4420b001234
1011,Hammer,4f4962bd-1220-4fd9-b349-70e6d7c4d2cc,673ef5fd7f975a56c7001234
1012,Knife,8861520d-686b-4f7c-b92a-2376923ce758,673ef5fdf33ba15eff001234
1013,Ax,4002132b-551f-455d-ba8f-d9564555798d,673ef5fd6b180037ab001234
1014,Gun,099398f9-f626-45ce-83d1-8f0e8d8322bd,673ef5fd766d856ef1001234
1015,Ax,ccbf1707-ba8a-42d9-ae4c-1e6cbb4b998a,673ef5fd298923c819001234
1016,Ax,03f58490-5969-4b48-9965-aa17dbb88808,673ef5fd08fe2621d8001234
1017,Gun,7126b4bd-4b01-4f6a-9413-21ad3f006471,673ef5fd5d616dd382001234
1018,Knife,a126d4e5-d011-41cb-b8cd-ed1b675609c6,673ef5fdef50c335cc001234
1019,Gun,feda86ad-c0af-460c-9b35-2790a932d7d7,673ef5fd03e0704b56001234
1020,Ax,744a79e2-bfea-4f51-9d79-b57297f0abfd,673ef5fd65cc2c8205001234
1021,Gun,7c564176-74ac-4a62-8980-a8ca5f834969,673ef5fd0768281a05001234
1022,Knife,33714eb5-f0ba-4041-9125-ae153fb18115,673ef5fd93d65641ff001234
1023,Gun,21161e1f-4128-4943-be05-3ebcae87b62b,673ef5fdce5140df15001234
1024,Gun,ab5bf8f0-74c6-4283-b51f-2a78414b53d3,673ef5fd021bbc7ee2001234
1025,Gun,17b14360-d7c7-45f3-bc64-4f72ae284da6,673ef5fd82b8a34349001234
1026,Knife,c57e40ae-55f3-4882-8f14-e9a2a2e00f0b,673ef5fd24146db4eb001234
1027,Hammer,d8e99d8a-8f08-4022-8100-9d2e591c627e,673ef5fd883e881bb4001234
1028,Gun,c00bced7-8719-408b-9f5b-338e55ff3e83,673ef5fd3806734b25001234
1029,Gun,3003bfc9-c857-4581-a4d2-45695eb1d72c,673ef5fd84d2004bf2001234
1030,Hammer,aa5ca7a8-14c4-4cf7-bb1c-c481b30b9a4c,673ef5fde515df0d20001234
1031,Gun,4bcb98f8-1fd1-4582-8d92-d808a00ab4b9,673ef5fdafdec7005c001234
1032,Ax,1f1072ce-e0a2-407e-bf3d-f083e6988781,673ef5fd995e1fda4a001234
1033,Gun,d536e98f-adc9-47d5-9cbe-cceb6f3da6e3,673ef5fde17184bcb7001234
1034,Gun,b9360cec-19b2-466c-8434-12edc3c50f9e,673ef5fdbdb106a056001234
1035,Knife,df6c93f3-97b9-40af-bac0-380ccf788dd1,673ef5fda34bacf839001234
1036,Knife,90a462dd-1855-4b82-938f-a4d85f48bedd,673ef5fd83fa5a432a001234
1037,Gun,632cab50-e5ba-468c-b03b-f27397aacce4,673ef5fdeddb904a6d001234
1038,Hammer,aec0dd27-e044-4f32-af09-33df964e5817,673ef5fd6d70cb65d1001234
1039,Gun,71a6e024-f2f9-41cf-b6d1-5882482d1fb0,673ef5fd27ed0fb950001234
1040,Gun,615029a1-055b-4fe5-96f2-bfa1d5fa97b7,673ef5fd537d9b6c92001234
1041,Knife,e0d57f7b-35b2-42f7-8b36-e7906016fede,673ef5fdd736bb10d8001234
1042,Knife,dbb2f0a5-791f-420e-9aaa-8a205a45d665,673ef5fd9ac403da79001234
1043,Knife,1c6232f8-bedc-4017-bc53-1ee30b376c28,673ef5fdb9141aff14001234
1044,Knife,0fe24d15-f4c3-4cd4-b528-93999cb74a5c,673ef5fd1019c80916001234
1045,Hammer,88bbbde4-a479-47fa-8398-524059f8531a,673ef5fda0e2a2c563001234
1046,Hammer,5aeb7557-a483-4bd7-a98f-4174d4e58f43,673ef5fd1579779b98001234
1047,Ax,4f40b68d-90d2-4e72-ba1c-1391ecc2dfd6,673ef5fd20b5e1cf86001234
1048,Ax,1bb8cbf4-c6c3-4b6f-b9bb-a58a0bfc65d8,673ef5fd7cce53cf90001234
1049,Gun,5b73e5ed-9474-4cf8-9371-aba334967fe3,673ef5fd58c54802a9001234
1050,Hammer,509cbf19-8164-49b6-8de3-356da7da559a,673ef5fd5055cbf43f001234
1051,Hammer,9485e3ca-c0f6-4083-8417-92ef1286c141,673ef5fd456ac9b0d1001234
1052,Gun,07c21e0c-7949-46dc-94ed-8208986060a1,673ef5fdf4dd765c12001234
1053,Gun,eba19c08-4eed-4c06-a957-bb1dc5db808b,673ef5fd7fec306d1e001234
1054,Knife,70e7cb7e-f8d3-44ac-b78e-07028708969b,673ef5fddb576a7d24001234
1055,Knife,11d32465-b31c-4be0-8bd2-2b8a5c23e4f5,673ef5fd53c04118df001234
1056,Gun,a498b03e-9c16-40d3-b3cf-271535932343,673ef5fd4ca82782c5001234
1057,Ax,c29806cb-6f00-4765-b554-a88c940c1f81,673ef5fdd8700cbd38001234
1058,Ax,1bffcfe7-3fb9-469c-9058-a9e90809c218,673ef5fdb4d168b481001234
1059,Ax,39cd9e1c-6f96-48a2-9be3-2e4bc667b6b8,673ef5fd4a08142c38001234
1060,Knife,f46dd65a-f5a0-4e11-8fe2-5245c63a0206,673ef5fd299a23a229001234
1061,Hammer,9ce43712-df80-4493-983a-bab36ff3c4a2,673ef5fda89cf525e1001234
1062,Knife,e18a13a4-b93e-4297-a547-491f96573f07,673ef5fdcd89fef7ff001234
1063,Gun,72d71a4c-b825-4c4b-8df7-239821a16edc,673ef5fd6c340f2583001234
1064,Knife,e6d72216-96de-4e1a-bb09-5154e2397751,673ef5fd2290a7385e001234
1065,Hammer,9a47c982-6569-4fc9-bb3c-0534e338b618,673ef5fda2137a2ae8001234
1066,Gun,3638f7b7-347e-4710-820e-9a7e70893d83,673ef5fd43dd49b4fd001234
1067,Gun,a14be497-e15e-41d5-b265-ce2ce7c00d21,673ef5fd31857b449c001234
1068,Knife,5868a57a-5341-4260-95df-00e1d11677ef,673ef5fd53adaf494d001234
1069,Hammer,355355fe-0679-429b-9c12-068a08ae44a7,673ef5fdfc2c7c47b9001234
1070,Hammer,1b0d165d-139a-4619-be13-84cccb7c0aa0,673ef5fddc58e3a306001234
1071,Ax,f271d061-dd90-457b-a975-e6465da273a3,673ef5fd1b0114c51c001234
1072,Gun,14a17e89-8884-4e75-81eb-c13ea52eb715,673ef5fda1519de5b5001234
1073,Knife,52326c71-e064-402b-b288-4cb2a802dac0,673ef5fd390e982518001234
1074,Hammer,b603caa5-b822-4dd0-9c90-13a6a3c6be78,673ef5fd708f3cf810001234
1075,Gun,1bf337d3-37e8-424b-a20c-75ebc98eb0ae,673ef5fd4607263158001234
1076,Hammer,9d56f438-56b5-4268-8cb6-fd6b5a97d3cc,673ef5fd8a1e808b55001234
1077,Hammer,621f5194-a3fd-4dc2-8ecc-6450f1806b5d,673ef5fd062ddb6c72001234
1078,Knife,771622dc-0a44-44ca-9839-e1afaaee83e5,673ef5fd522a9ae9a9001234
1079,Knife,b17c36c1-ac05-4604-a4f5-eb981ced87d8,673ef5fd43baa6762f001234
1080,Gun,48157eb7-66d7-464f-8cf1-a64af2e0a1e2,673ef5fd731c83db8d001234
1081,Gun,3fbc3cfa-d6c3-4981-9258-fe0c115537fd,673ef5fd36a16a2505001234
1082,Hammer,8818ca7d-0aa1-4c85-a4e5-443deb5c5576,673ef5fd818f4654ed001234
1083,Knife,376d5b28-c246-4bf1-a3d0-5e019ececc34,673ef5fde5e63da79f001234
1084,Ax,9fff8bbd-1e60-4d39-a1cc-cdc3d214e979,673ef5fd9f36407ead001234
1085,Hammer,17e6a35e-abb6-4406-a2ba-4114e840fcf5,673ef5fd4f16c81887001234
1086,Gun,82b92086-ad4f-43f4-a71b-c44fb991f50c,673ef5fdd91d1b4d82001234
1087,Knife,018e60b4-7345-41b3-8863-e9c5f27af010,673ef5fda26398dca6001234
1088,Hammer,e17235be-f342-446d-a082-4473619c5265,673ef5fdb1563a78ec001234
1089,Ax,1cc3ab93-ca5d-4900-9f48-41e64672a6bf,673ef5fd03f5446139001234
1090,Ax,7b3431e1-bc3c-493b-a199-153c756e7803,673ef5fd8b40665547001234
1091,Knife,ff17401b-1b14-428d-99e7-ef52a4cde540,673ef5fd754dda4b1b001234
1092,Hammer,7d7302de-b993-4195-918e-b402e342ff25,673ef5fd6a2feef8ed001234
1093,Hammer,95b5776d-fd9d-46d7-8d90-8df5241be97f,673ef5fd68b1fbe7f1001234
1094,Hammer,fc2866a6-eb0b-46e4-bae9-411be927d126,673ef5fd41bfd20a38001234
1095,Gun,f343212b-625d-42bd-ab67-a5dff4cf10db,673ef5fdd6723e7cd6001234
1096,Ax,71222724-8b54-45e6-a0d8-3f0b608ffe9e,673ef5fd4e2545f819001234
1097,Gun,ee89ffb6-7b39-46d1-a75a-55bee7de290a,673ef5fddb2b418215001234
1098,Hammer,3d38159a-52df-4057-b34f-d211fd7b6b7f,673ef5fda5e0ff62be001234
1099,Knife,e5c0c3a9-9c0f-483e-aec6-1b905f0766e2,673ef5fda016070970001234
1100,Gun,83f7737c-68a7-41ea-a153-0583620fe85b,673ef5fd1e6e0a04d2001234
1101,Hammer,92d3e522-7e8e-4fc8-95e3-302f9906b9ee,673ef5fdc6bff625bd001234
1102,Gun,7bb4750a-4990-480c-b76d-e06ebfa2299e,673ef5fdc667d53acd001234
1103,Knife,fe48160d-7c08-4d12-a40c-b845337c7660,673ef5fdaace49c7d8001234
1104,Hammer,a16c5cf4-ee11-4985-8f7d-38f19bbca64b,673ef5fd4da04049a0001234
1105,Ax,b5f467bb-f533-4951-81ae-3f1406809541,673ef5fdaf21d0c97d001234
1106,Gun,09ef7b8a-d29e-4963-9b6d-aae20a2e983c,673ef5fdc9f95a0a5a001234
1107,Hammer,a48d9989-3566-4dac-8711-dfbf6a15c357,673ef5fde58cc5ca94001234
1108,Gun,33063a1b-e2bc-4f1e-91e1-451121fa56b2,673ef5fdb9d487a303001234
1109,Gun,889523ad-4a49-48aa-855d-877bbe838fea,673ef5fd8f1d43620b001234
1110,Gun,d3581f77-7728-43fe-9d21-17ae33c359d8,673ef5fd2cbca44843001234
1111,Gun,46d2ccdf-b37c-472c-b9f3-ade626ffb928,673ef5fdb59c67bf19001234
1112,Gun,6d0b7dec-4a16-4a78-b6ef-5ebed27027c8,673ef5fd20d135f0f2001234
1113,Hammer,d137feb5-ce84-4471-af43-37248023f6a9,673ef5fd9c3b183051001234
1114,Hammer,2ba4d999-3b72-4362-8d60-f931560ee81a,673ef5fdd6ef5f7fa9001234
1115,Ax,4ba26918-c7db-472c-a51c-d5c20a00f240,673ef5fde19347e1c3001234
1116,Gun,01d4c292-c059-40b8-a4a8-283e12bb702c,673ef5fddd77279f7d001234
1117,Knife,6158cae8-9125-4ab0-9884-77d803937e60,673ef5fd0eec27c419001234
1118,Knife,0a840da0-48b7-42aa-8787-04a4ed39a747,673ef5fdc60d060b94001234
1119,Knife,4516b3aa-06e5-478f-a4ff-87e546b62f23,673ef5fd8597a6cfa7001234
1120,Gun,f1deadb4-3c63-4e0c-a436-78e7d8e27101,673ef5fdc6036a69be001234
1121,Ax,55df2700-5301-4eee-a241-df550f6a3ad5,673ef5fd3a15c7d0bb001234
1122,Ax,539b1f97-ee7b-425a-9a53-54cdc7abe642,673ef5fd3b712de481001234
1123,Gun,7fe13ee6-ae0a-4e47-acf8-596cedc9df5f,673ef5fd2cfd456053001234
1124,Knife,15b052d3-7681-4af4-b8c7-1422c37f8306,673ef5fdc7635bfd99001234
